  0
SECTION
  2
HEADER
  9
$ACADVER
  1
AC1015
  0
ENDSEC
  0
SECTION
  2
ENTITIES
  0
CIRCLE
  8
MIX
 10
48.5615
 20
7.7293
 40
0.5461
  0
CIRCLE
  8
MIX
 10
163.4520
 20
-30.0826
 40
0.1784
  0
CIRCLE
  8
MIX
 10
-48.7404
 20
120.4041
 40
0.6705
  0
CIRCLE
  8
MIX
 10
126.7934
 20
-123.9111
 40
0.5888
  0
CIRCLE
  8
MIX
 10
36.5605
 20
-98.0131
 40
0.9317
  0
CIRCLE
  8
MIX
 10
-229.5904
 20
61.7671
 40
0.4292
  0
CIRCLE
  8
MIX
 10
-185.6795
 20
66.6924
 40
0.9309
  0
CIRCLE
  8
MIX
 10
-217.4223
 20
-34.8609
 40
0.8718
  0
CIRCLE
  8
MIX
 10
-53.3211
 20
-182.2476
 40
0.6312
  0
CIRCLE
  8
MIX
 10
179.3676
 20
-137.2130
 40
0.9175
  0
CIRCLE
  8
MIX
 10
-11.7765
 20
-19.1042
 40
0.7489
  0
CIRCLE
  8
MIX
 10
197.7197
 20
108.8867
 40
0.6809
  0
CIRCLE
  8
MIX
 10
-162.5936
 20
55.0645
 40
0.9341
  0
CIRCLE
  8
MIX
 10
-149.4568
 20
-160.0453
 40
0.9705
  0
CIRCLE
  8
MIX
 10
-121.4099
 20
-158.1439
 40
0.9464
  0
CIRCLE
  8
MIX
 10
-85.4614
 20
127.6386
 40
0.3727
  0
CIRCLE
  8
MIX
 10
-145.9501
 20
-141.7479
 40
0.2553
  0
CIRCLE
  8
MIX
 10
240.8365
 20
-92.9295
 40
0.5190
  0
CIRCLE
  8
MIX
 10
25.6639
 20
-44.2753
 40
0.4318
  0
CIRCLE
  8
MIX
 10
-187.2116
 20
-106.8380
 40
0.4462
  0
CIRCLE
  8
MIX
 10
63.1564
 20
-10.9315
 40
0.5917
  0
CIRCLE
  8
MIX
 10
245.5735
 20
-156.8212
 40
0.2093
  0
CIRCLE
  8
MIX
 10
165.8522
 20
6.5285
 40
0.9447
  0
CIRCLE
  8
MIX
 10
-20.0357
 20
-187.7665
 40
0.5512
  0
CIRCLE
  8
MIX
 10
-285.7792
 20
-84.7655
 40
0.4427
  0
CIRCLE
  8
MIX
 10
258.8604
 20
100.2283
 40
0.4830
  0
CIRCLE
  8
MIX
 10
122.2716
 20
-81.1365
 40
0.2983
  0
CIRCLE
  8
MIX
 10
51.3158
 20
145.5197
 40
0.6131
  0
CIRCLE
  8
MIX
 10
-291.6340
 20
-135.9196
 40
0.2535
  0
CIRCLE
  8
MIX
 10
235.9901
 20
-156.5927
 40
0.2908
  0
CIRCLE
  8
MIX
 10
76.4852
 20
-185.0947
 40
0.8133
  0
CIRCLE
  8
MIX
 10
235.5055
 20
-192.2732
 40
0.2761
  0
CIRCLE
  8
MIX
 10
-41.3163
 20
-144.0283
 40
0.9641
  0
CIRCLE
  8
MIX
 10
36.3366
 20
182.5932
 40
0.7783
  0
CIRCLE
  8
MIX
 10
18.6184
 20
52.9239
 40
0.5646
  0
CIRCLE
  8
MIX
 10
-53.1521
 20
169.9586
 40
0.9409
  0
CIRCLE
  8
MIX
 10
141.9227
 20
117.2091
 40
0.4710
  0
CIRCLE
  8
MIX
 10
0.1746
 20
78.3516
 40
0.1573
  0
CIRCLE
  8
MIX
 10
238.0415
 20
189.4889
 40
0.9353
  0
CIRCLE
  8
MIX
 10
110.0701
 20
80.2175
 40
0.6495
  0
CIRCLE
  8
MIX
 10
246.2120
 20
57.0873
 40
0.8849
  0
CIRCLE
  8
MIX
 10
7.8631
 20
-99.0751
 40
0.4038
  0
CIRCLE
  8
MIX
 10
291.8058
 20
192.5548
 40
0.6492
  0
CIRCLE
  8
MIX
 10
158.5275
 20
102.9887
 40
0.5419
  0
CIRCLE
  8
MIX
 10
-25.4928
 20
-181.1977
 40
0.7927
  0
CIRCLE
  8
MIX
 10
284.8298
 20
125.6459
 40
0.9437
  0
CIRCLE
  8
MIX
 10
83.0212
 20
17.6119
 40
0.4261
  0
CIRCLE
  8
MIX
 10
-78.1846
 20
-146.1570
 40
0.3883
  0
CIRCLE
  8
MIX
 10
-101.5534
 20
28.8931
 40
0.7060
  0
CIRCLE
  8
MIX
 10
-159.2071
 20
3.2149
 40
0.8183
  0
CIRCLE
  8
MIX
 10
-103.6370
 20
94.0911
 40
0.3315
  0
CIRCLE
  8
MIX
 10
-216.2884
 20
189.9978
 40
0.2218
  0
CIRCLE
  8
MIX
 10
-117.6953
 20
-145.0931
 40
0.1531
  0
CIRCLE
  8
MIX
 10
-63.3400
 20
68.2775
 40
0.6415
  0
CIRCLE
  8
MIX
 10
72.8950
 20
4.2108
 40
0.3642
  0
CIRCLE
  8
MIX
 10
-133.6102
 20
-17.2288
 40
0.8740
  0
CIRCLE
  8
MIX
 10
31.7317
 20
-84.0259
 40
0.9999
  0
CIRCLE
  8
MIX
 10
207.5389
 20
64.7409
 40
0.3389
  0
CIRCLE
  8
MIX
 10
121.3960
 20
-148.5481
 40
0.8045
  0
CIRCLE
  8
MIX
 10
-118.1615
 20
12.8694
 40
0.8897
  0
CIRCLE
  8
MIX
 10
276.9650
 20
15.9804
 40
0.5542
  0
CIRCLE
  8
MIX
 10
145.3003
 20
51.2660
 40
0.9822
  0
CIRCLE
  8
MIX
 10
-281.6216
 20
40.8494
 40
0.9655
  0
CIRCLE
  8
MIX
 10
-183.5743
 20
-185.5573
 40
0.4721
  0
CIRCLE
  8
MIX
 10
-284.7990
 20
194.0253
 40
0.9393
  0
CIRCLE
  8
MIX
 10
59.1283
 20
165.3720
 40
0.7586
  0
CIRCLE
  8
MIX
 10
213.9853
 20
68.2887
 40
0.5208
  0
CIRCLE
  8
MIX
 10
139.5450
 20
8.8494
 40
0.5862
  0
CIRCLE
  8
MIX
 10
81.8144
 20
131.8516
 40
0.4420
  0
CIRCLE
  8
MIX
 10
57.4965
 20
179.5932
 40
0.1888
  0
CIRCLE
  8
MIX
 10
245.9544
 20
-159.0080
 40
0.3514
  0
CIRCLE
  8
MIX
 10
-67.7188
 20
-145.9369
 40
0.2197
  0
CIRCLE
  8
MIX
 10
-274.8868
 20
-47.0630
 40
0.9702
  0
CIRCLE
  8
MIX
 10
20.0077
 20
178.1227
 40
0.6825
  0
CIRCLE
  8
MIX
 10
8.8350
 20
-163.6156
 40
0.2832
  0
CIRCLE
  8
MIX
 10
-112.9665
 20
-179.3367
 40
0.3306
  0
CIRCLE
  8
MIX
 10
154.3157
 20
182.9314
 40
0.7260
  0
CIRCLE
  8
MIX
 10
282.5345
 20
-22.6172
 40
0.4964
  0
CIRCLE
  8
MIX
 10
110.6474
 20
111.5268
 40
0.8609
  0
CIRCLE
  8
MIX
 10
-275.9676
 20
90.3447
 40
0.4814
  0
CIRCLE
  8
MIX
 10
-264.5617
 20
6.1311
 40
0.2785
  0
CIRCLE
  8
MIX
 10
104.0976
 20
178.9581
 40
0.2325
  0
CIRCLE
  8
MIX
 10
124.1706
 20
-69.6986
 40
0.5778
  0
CIRCLE
  8
MIX
 10
-74.3107
 20
107.8838
 40
0.9366
  0
CIRCLE
  8
MIX
 10
144.7801
 20
167.6742
 40
0.4929
  0
CIRCLE
  8
MIX
 10
128.9204
 20
138.3299
 40
0.6915
  0
CIRCLE
  8
MIX
 10
-124.9536
 20
-29.4601
 40
0.8064
  0
CIRCLE
  8
MIX
 10
284.7154
 20
-167.5004
 40
0.4755
  0
CIRCLE
  8
MIX
 10
154.6935
 20
-93.8530
 40
0.9502
  0
CIRCLE
  8
MIX
 10
12.0968
 20
27.8484
 40
0.9708
  0
CIRCLE
  8
MIX
 10
-276.1120
 20
-91.7200
 40
0.5020
  0
CIRCLE
  8
MIX
 10
-143.0523
 20
19.5475
 40
0.9970
  0
CIRCLE
  8
MIX
 10
1.3271
 20
116.2882
 40
0.2635
  0
CIRCLE
  8
MIX
 10
-217.6903
 20
-62.6190
 40
0.8697
  0
CIRCLE
  8
MIX
 10
-65.4212
 20
-28.6619
 40
0.5725
  0
CIRCLE
  8
MIX
 10
254.8192
 20
-161.5189
 40
0.6670
  0
CIRCLE
  8
MIX
 10
-240.9712
 20
176.4774
 40
0.9756
  0
CIRCLE
  8
MIX
 10
240.0376
 20
71.0737
 40
0.1927
  0
CIRCLE
  8
MIX
 10
105.9516
 20
39.3868
 40
0.8357
  0
CIRCLE
  8
MIX
 10
-237.5885
 20
78.0224
 40
0.2867
  0
CIRCLE
  8
MIX
 10
221.0964
 20
-139.3029
 40
0.8939
  0
CIRCLE
  8
MIX
 10
-245.3126
 20
53.6634
 40
0.7131
  0
CIRCLE
  8
MIX
 10
-60.9668
 20
-187.2774
 40
0.9598
  0
CIRCLE
  8
MIX
 10
268.0269
 20
104.4760
 40
0.3809
  0
CIRCLE
  8
MIX
 10
-258.4364
 20
9.6543
 40
0.7472
  0
CIRCLE
  8
MIX
 10
-130.9099
 20
-155.2216
 40
0.8376
  0
CIRCLE
  8
MIX
 10
-42.9570
 20
-133.0865
 40
0.2063
  0
CIRCLE
  8
MIX
 10
-254.7825
 20
-55.8750
 40
0.9354
  0
CIRCLE
  8
MIX
 10
257.7083
 20
120.7502
 40
0.6703
  0
CIRCLE
  8
MIX
 10
-35.2025
 20
-115.3351
 40
0.6350
  0
CIRCLE
  8
MIX
 10
-89.6666
 20
95.5125
 40
0.5717
  0
CIRCLE
  8
MIX
 10
-51.7914
 20
-54.3529
 40
0.8333
  0
CIRCLE
  8
MIX
 10
17.9718
 20
181.5849
 40
0.9511
  0
CIRCLE
  8
MIX
 10
-113.3828
 20
-150.2237
 40
0.4685
  0
CIRCLE
  8
MIX
 10
-26.5410
 20
38.0250
 40
0.4975
  0
CIRCLE
  8
MIX
 10
282.6544
 20
33.4874
 40
0.4177
  0
CIRCLE
  8
MIX
 10
-195.0253
 20
-163.3158
 40
0.7970
  0
CIRCLE
  8
MIX
 10
219.8229
 20
-118.3362
 40
0.6948
  0
CIRCLE
  8
MIX
 10
106.5618
 20
-64.6819
 40
0.7447
  0
CIRCLE
  8
MIX
 10
-152.3367
 20
-21.8747
 40
0.8318
  0
CIRCLE
  8
MIX
 10
178.3185
 20
-127.8624
 40
0.3528
  0
CIRCLE
  8
MIX
 10
238.4789
 20
157.6050
 40
0.9711
  0
CIRCLE
  8
MIX
 10
-261.7394
 20
-10.3421
 40
0.2518
  0
CIRCLE
  8
MIX
 10
-149.9703
 20
-35.8255
 40
0.1632
  0
CIRCLE
  8
MIX
 10
6.8599
 20
-112.1667
 40
0.5795
  0
CIRCLE
  8
MIX
 10
-261.6855
 20
-63.5918
 40
0.6808
  0
CIRCLE
  8
MIX
 10
222.2323
 20
181.5643
 40
0.1732
  0
CIRCLE
  8
MIX
 10
66.6111
 20
152.2515
 40
0.4443
  0
CIRCLE
  8
MIX
 10
-224.8547
 20
-128.0219
 40
0.2756
  0
CIRCLE
  8
MIX
 10
52.5873
 20
137.8305
 40
0.7210
  0
CIRCLE
  8
MIX
 10
-165.3290
 20
70.6689
 40
0.7168
  0
CIRCLE
  8
MIX
 10
-154.2133
 20
75.5515
 40
0.8845
  0
CIRCLE
  8
MIX
 10
-126.3078
 20
-62.4093
 40
0.9994
  0
CIRCLE
  8
MIX
 10
-155.6283
 20
59.0460
 40
0.5118
  0
CIRCLE
  8
MIX
 10
284.8146
 20
152.7644
 40
0.4774
  0
CIRCLE
  8
MIX
 10
273.9355
 20
77.0691
 40
0.7368
  0
CIRCLE
  8
MIX
 10
-282.1931
 20
85.6548
 40
0.4742
  0
CIRCLE
  8
MIX
 10
-146.2887
 20
86.6024
 40
0.6699
  0
CIRCLE
  8
MIX
 10
-244.2757
 20
-89.7666
 40
0.7352
  0
CIRCLE
  8
MIX
 10
-292.1280
 20
168.4006
 40
0.7744
  0
CIRCLE
  8
MIX
 10
294.6240
 20
104.6196
 40
0.5351
  0
CIRCLE
  8
MIX
 10
-196.9285
 20
-162.6958
 40
0.9579
  0
CIRCLE
  8
MIX
 10
-292.4934
 20
-21.9569
 40
0.6154
  0
CIRCLE
  8
MIX
 10
-50.8244
 20
76.0661
 40
0.4298
  0
CIRCLE
  8
MIX
 10
53.0564
 20
-89.0645
 40
0.8506
  0
CIRCLE
  8
MIX
 10
-130.4691
 20
76.4580
 40
0.5503
  0
CIRCLE
  8
MIX
 10
-129.8365
 20
52.4939
 40
0.8788
  0
CIRCLE
  8
MIX
 10
-78.6473
 20
146.2885
 40
0.8219
  0
CIRCLE
  8
MIX
 10
-283.6570
 20
50.3134
 40
0.2248
  0
CIRCLE
  8
MIX
 10
-42.8517
 20
186.9192
 40
0.4293
  0
CIRCLE
  8
MIX
 10
-191.7410
 20
-35.0900
 40
0.5389
  0
CIRCLE
  8
MIX
 10
25.7680
 20
-145.8328
 40
0.5236
  0
CIRCLE
  8
MIX
 10
31.8816
 20
-65.6073
 40
0.5152
  0
CIRCLE
  8
MIX
 10
-262.0575
 20
-72.6228
 40
0.4994
  0
CIRCLE
  8
MIX
 10
-225.4102
 20
-162.5418
 40
0.6759
  0
CIRCLE
  8
MIX
 10
-62.7169
 20
-171.8164
 40
0.2463
  0
CIRCLE
  8
MIX
 10
-221.9663
 20
162.5077
 40
0.9735
  0
CIRCLE
  8
MIX
 10
-225.0762
 20
-16.6842
 40
0.5850
  0
CIRCLE
  8
MIX
 10
-234.9524
 20
113.2834
 40
0.4925
  0
CIRCLE
  8
MIX
 10
35.5393
 20
-154.0239
 40
0.7420
  0
CIRCLE
  8
MIX
 10
-127.4091
 20
-126.7604
 40
0.9902
  0
CIRCLE
  8
MIX
 10
205.6130
 20
-90.9126
 40
0.4511
  0
CIRCLE
  8
MIX
 10
111.8600
 20
108.1481
 40
0.8324
  0
CIRCLE
  8
MIX
 10
-147.1775
 20
-117.6771
 40
0.7510
  0
CIRCLE
  8
MIX
 10
252.5875
 20
155.4403
 40
0.7545
  0
CIRCLE
  8
MIX
 10
249.4865
 20
54.5374
 40
0.3589
  0
CIRCLE
  8
MIX
 10
167.3976
 20
165.7633
 40
0.2066
  0
CIRCLE
  8
MIX
 10
194.4481
 20
175.2677
 40
0.5453
  0
CIRCLE
  8
MIX
 10
90.1492
 20
173.4167
 40
0.8079
  0
CIRCLE
  8
MIX
 10
-262.2152
 20
-165.3823
 40
0.6977
  0
CIRCLE
  8
MIX
 10
185.7357
 20
-176.0021
 40
0.2471
  0
CIRCLE
  8
MIX
 10
-47.3979
 20
-18.6705
 40
0.8954
  0
CIRCLE
  8
MIX
 10
-185.9359
 20
155.9627
 40
0.2039
  0
CIRCLE
  8
MIX
 10
29.1215
 20
105.4253
 40
0.5057
  0
CIRCLE
  8
MIX
 10
4.1567
 20
194.1551
 40
0.5349
  0
CIRCLE
  8
MIX
 10
169.5775
 20
-44.2699
 40
0.4614
  0
CIRCLE
  8
MIX
 10
161.7638
 20
-146.0733
 40
0.2021
  0
CIRCLE
  8
MIX
 10
199.3305
 20
55.1043
 40
0.2192
  0
CIRCLE
  8
MIX
 10
221.7816
 20
-159.4976
 40
0.5705
  0
CIRCLE
  8
MIX
 10
-118.6579
 20
28.5798
 40
0.9855
  0
CIRCLE
  8
MIX
 10
271.4023
 20
-13.9991
 40
0.4589
  0
CIRCLE
  8
MIX
 10
28.9899
 20
-116.9512
 40
0.8148
  0
CIRCLE
  8
MIX
 10
67.5183
 20
162.2429
 40
0.7346
  0
CIRCLE
  8
MIX
 10
-162.6233
 20
52.9570
 40
0.3364
  0
CIRCLE
  8
MIX
 10
68.7203
 20
-42.5786
 40
0.5935
  0
CIRCLE
  8
MIX
 10
-222.9425
 20
65.8444
 40
0.4324
  0
CIRCLE
  8
MIX
 10
14.5135
 20
-184.8841
 40
0.4571
  0
CIRCLE
  8
MIX
 10
-192.2808
 20
165.8203
 40
0.6339
  0
CIRCLE
  8
MIX
 10
108.3812
 20
151.2661
 40
0.8904
  0
CIRCLE
  8
MIX
 10
4.0589
 20
-96.6154
 40
0.1940
  0
CIRCLE
  8
MIX
 10
-206.7045
 20
24.8132
 40
0.7411
  0
CIRCLE
  8
MIX
 10
263.1540
 20
-52.3103
 40
0.4532
  0
CIRCLE
  8
MIX
 10
-5.5313
 20
127.0370
 40
0.5689
  0
CIRCLE
  8
MIX
 10
283.2626
 20
183.6015
 40
0.7578
  0
CIRCLE
  8
MIX
 10
-139.2028
 20
-60.5998
 40
0.7619
  0
CIRCLE
  8
MIX
 10
39.4833
 20
-47.9648
 40
0.8877
  0
CIRCLE
  8
MIX
 10
-250.1693
 20
-143.7840
 40
0.9786
  0
CIRCLE
  8
MIX
 10
63.2813
 20
179.2465
 40
0.4703
  0
CIRCLE
  8
MIX
 10
-72.5560
 20
-27.0722
 40
0.7860
  0
CIRCLE
  8
MIX
 10
181.8180
 20
10.3096
 40
0.4193
  0
CIRCLE
  8
MIX
 10
-51.0408
 20
9.4803
 40
0.2537
  0
CIRCLE
  8
MIX
 10
-69.4632
 20
55.1597
 40
0.4563
  0
CIRCLE
  8
MIX
 10
239.4969
 20
87.4232
 40
0.2805
  0
CIRCLE
  8
MIX
 10
269.8252
 20
-166.4365
 40
0.7258
  0
CIRCLE
  8
MIX
 10
264.0927
 20
-154.7344
 40
0.3830
  0
CIRCLE
  8
MIX
 10
45.0251
 20
69.4651
 40
0.3112
  0
CIRCLE
  8
MIX
 10
-191.1641
 20
45.4477
 40
0.9088
  0
CIRCLE
  8
MIX
 10
-220.1293
 20
-173.4200
 40
0.9234
  0
CIRCLE
  8
MIX
 10
-90.7717
 20
24.3646
 40
0.4792
  0
CIRCLE
  8
MIX
 10
-102.1798
 20
-152.8713
 40
0.7836
  0
CIRCLE
  8
MIX
 10
237.3733
 20
-109.5925
 40
0.7324
  0
CIRCLE
  8
MIX
 10
224.9934
 20
-164.5340
 40
0.6748
  0
CIRCLE
  8
MIX
 10
221.7321
 20
-69.7520
 40
0.6057
  0
CIRCLE
  8
MIX
 10
293.7534
 20
29.3178
 40
0.5135
  0
CIRCLE
  8
MIX
 10
-111.7172
 20
-113.1933
 40
0.3633
  0
CIRCLE
  8
MIX
 10
-21.3508
 20
-15.3614
 40
0.7104
  0
CIRCLE
  8
MIX
 10
-113.7656
 20
-60.2044
 40
0.9921
  0
CIRCLE
  8
MIX
 10
-92.2938
 20
-173.0018
 40
0.6641
  0
CIRCLE
  8
MIX
 10
31.2325
 20
127.6286
 40
0.5893
  0
CIRCLE
  8
MIX
 10
-56.8383
 20
154.1427
 40
0.7932
  0
CIRCLE
  8
MIX
 10
150.4976
 20
174.1255
 40
0.5986
  0
CIRCLE
  8
MIX
 10
-292.0463
 20
192.2079
 40
0.2617
  0
CIRCLE
  8
MIX
 10
43.8097
 20
-178.9659
 40
0.3159
  0
CIRCLE
  8
MIX
 10
168.8180
 20
-86.7606
 40
0.6754
  0
CIRCLE
  8
MIX
 10
-82.0559
 20
-65.7925
 40
0.2593
  0
CIRCLE
  8
MIX
 10
-75.0035
 20
-104.5572
 40
0.3332
  0
CIRCLE
  8
MIX
 10
-243.6760
 20
-26.4367
 40
0.6957
  0
CIRCLE
  8
MIX
 10
274.5459
 20
141.1998
 40
0.6753
  0
CIRCLE
  8
MIX
 10
-163.4674
 20
-119.0495
 40
0.7648
  0
CIRCLE
  8
MIX
 10
-90.6819
 20
72.5947
 40
0.5042
  0
CIRCLE
  8
MIX
 10
182.1779
 20
122.0288
 40
0.4901
  0
CIRCLE
  8
MIX
 10
-293.8889
 20
-38.7549
 40
0.6263
  0
CIRCLE
  8
MIX
 10
-11.3319
 20
-145.5513
 40
0.2653
  0
CIRCLE
  8
MIX
 10
-283.4941
 20
-150.1236
 40
0.1983
  0
CIRCLE
  8
MIX
 10
70.9896
 20
-148.7117
 40
0.4345
  0
CIRCLE
  8
MIX
 10
62.7712
 20
-31.4329
 40
0.6227
  0
CIRCLE
  8
MIX
 10
271.8362
 20
-147.9235
 40
0.9026
  0
CIRCLE
  8
MIX
 10
193.1726
 20
170.1732
 40
0.8495
  0
CIRCLE
  8
MIX
 10
176.6589
 20
40.0826
 40
0.8020
  0
CIRCLE
  8
MIX
 10
218.3244
 20
-81.6307
 40
0.6157
  0
CIRCLE
  8
MIX
 10
-125.3533
 20
180.1178
 40
0.1539
  0
CIRCLE
  8
MIX
 10
-187.8834
 20
-10.7426
 40
0.8691
  0
CIRCLE
  8
MIX
 10
287.5612
 20
142.1287
 40
0.5853
  0
CIRCLE
  8
MIX
 10
37.4897
 20
-95.1351
 40
0.5854
  0
CIRCLE
  8
MIX
 10
217.9744
 20
108.6187
 40
0.5947
  0
CIRCLE
  8
MIX
 10
-219.8429
 20
15.3037
 40
0.1797
  0
CIRCLE
  8
MIX
 10
-268.9423
 20
94.6534
 40
0.3423
  0
CIRCLE
  8
MIX
 10
-126.4424
 20
-172.8314
 40
0.8904
  0
CIRCLE
  8
MIX
 10
95.8864
 20
14.1497
 40
0.8140
  0
CIRCLE
  8
MIX
 10
-262.9166
 20
110.1429
 40
0.9557
  0
CIRCLE
  8
MIX
 10
-30.4900
 20
41.5563
 40
0.9771
  0
CIRCLE
  8
MIX
 10
-151.7531
 20
-66.9785
 40
0.2713
  0
CIRCLE
  8
MIX
 10
-223.9595
 20
100.1656
 40
0.3399
  0
CIRCLE
  8
MIX
 10
289.1546
 20
65.6913
 40
0.9842
  0
CIRCLE
  8
MIX
 10
-60.0141
 20
-166.6110
 40
0.4996
  0
CIRCLE
  8
MIX
 10
259.7066
 20
-33.7153
 40
0.4608
  0
CIRCLE
  8
MIX
 10
-155.7547
 20
-100.3488
 40
0.8578
  0
CIRCLE
  8
MIX
 10
5.5877
 20
13.9935
 40
0.2863
  0
CIRCLE
  8
MIX
 10
-135.1557
 20
71.3380
 40
0.5850
  0
CIRCLE
  8
MIX
 10
39.5996
 20
99.1404
 40
0.4247
  0
CIRCLE
  8
MIX
 10
-247.1335
 20
-160.2609
 40
0.8793
  0
CIRCLE
  8
MIX
 10
171.4714
 20
44.3159
 40
0.4111
  0
CIRCLE
  8
MIX
 10
55.3858
 20
27.4000
 40
0.3292
  0
CIRCLE
  8
MIX
 10
-84.7941
 20
4.9369
 40
0.2385
  0
CIRCLE
  8
MIX
 10
147.7694
 20
102.9875
 40
0.9946
  0
CIRCLE
  8
MIX
 10
205.5430
 20
-34.2718
 40
0.8934
  0
CIRCLE
  8
MIX
 10
-184.2417
 20
57.9344
 40
0.9194
  0
CIRCLE
  8
MIX
 10
117.4827
 20
32.6169
 40
0.1730
  0
CIRCLE
  8
MIX
 10
-226.5163
 20
15.0062
 40
0.7162
  0
CIRCLE
  8
MIX
 10
-13.7334
 20
-41.3884
 40
0.3377
  0
CIRCLE
  8
MIX
 10
79.3031
 20
-57.2162
 40
0.3151
  0
CIRCLE
  8
MIX
 10
-118.9800
 20
58.6638
 40
0.5428
  0
CIRCLE
  8
MIX
 10
-118.7217
 20
-176.8825
 40
0.6468
  0
CIRCLE
  8
MIX
 10
254.6490
 20
-66.4711
 40
0.6684
  0
CIRCLE
  8
MIX
 10
134.5304
 20
-12.8521
 40
0.8108
  0
CIRCLE
  8
MIX
 10
-213.1736
 20
-22.4938
 40
0.6430
  0
CIRCLE
  8
MIX
 10
-140.1661
 20
-94.2604
 40
0.3291
  0
CIRCLE
  8
MIX
 10
227.2317
 20
-99.1033
 40
0.7598
  0
CIRCLE
  8
MIX
 10
-257.0891
 20
-171.6020
 40
0.9251
  0
CIRCLE
  8
MIX
 10
33.8865
 20
136.3161
 40
0.6258
  0
CIRCLE
  8
MIX
 10
-36.7989
 20
57.1802
 40
0.4103
  0
CIRCLE
  8
MIX
 10
107.6964
 20
-50.1049
 40
0.9354
  0
CIRCLE
  8
MIX
 10
-44.3284
 20
-164.9783
 40
0.4363
  0
CIRCLE
  8
MIX
 10
-179.5765
 20
-174.8602
 40
0.3949
  0
CIRCLE
  8
MIX
 10
165.7303
 20
127.5284
 40
0.3294
  0
CIRCLE
  8
MIX
 10
-39.4796
 20
190.0532
 40
0.2999
  0
CIRCLE
  8
MIX
 10
-228.2171
 20
39.8832
 40
0.2106
  0
CIRCLE
  8
MIX
 10
-229.1923
 20
-71.7020
 40
0.2164
  0
CIRCLE
  8
MIX
 10
-191.3373
 20
-17.6696
 40
0.1591
  0
CIRCLE
  8
MIX
 10
275.1217
 20
33.9485
 40
0.7437
  0
CIRCLE
  8
MIX
 10
234.3243
 20
-65.0123
 40
0.9918
  0
CIRCLE
  8
MIX
 10
199.0464
 20
47.9931
 40
0.5261
  0
CIRCLE
  8
MIX
 10
48.0683
 20
61.7394
 40
0.3621
  0
CIRCLE
  8
MIX
 10
-186.0718
 20
-95.5436
 40
0.4336
  0
CIRCLE
  8
MIX
 10
127.4169
 20
-80.0628
 40
0.6499
  0
CIRCLE
  8
MIX
 10
94.7932
 20
106.0604
 40
0.5327
  0
CIRCLE
  8
MIX
 10
198.8194
 20
113.8247
 40
0.4423
  0
CIRCLE
  8
MIX
 10
202.8118
 20
64.9881
 40
0.8286
  0
CIRCLE
  8
MIX
 10
180.9099
 20
-68.7348
 40
0.8565
  0
CIRCLE
  8
MIX
 10
242.8147
 20
-145.1975
 40
0.7433
  0
CIRCLE
  8
MIX
 10
14.2865
 20
111.7282
 40
0.4506
  0
CIRCLE
  8
MIX
 10
-122.6778
 20
46.1547
 40
0.6853
  0
CIRCLE
  8
MIX
 10
-54.9919
 20
-55.1620
 40
0.5846
  0
CIRCLE
  8
MIX
 10
21.8516
 20
62.8421
 40
0.5142
  0
CIRCLE
  8
MIX
 10
176.4448
 20
149.3574
 40
0.3766
  0
CIRCLE
  8
MIX
 10
-176.8410
 20
-2.7057
 40
0.2416
  0
CIRCLE
  8
MIX
 10
112.0283
 20
-171.4905
 40
0.1516
  0
CIRCLE
  8
MIX
 10
143.8118
 20
-23.0675
 40
0.8526
  0
CIRCLE
  8
MIX
 10
56.0777
 20
-184.7005
 40
0.5354
  0
CIRCLE
  8
MIX
 10
184.3206
 20
26.2995
 40
0.9426
  0
CIRCLE
  8
MIX
 10
-242.5272
 20
117.2175
 40
0.8510
  0
CIRCLE
  8
MIX
 10
289.2331
 20
-104.3375
 40
0.1710
  0
CIRCLE
  8
MIX
 10
-232.2340
 20
79.6466
 40
0.5310
  0
CIRCLE
  8
MIX
 10
147.3650
 20
26.1840
 40
0.9489
  0
CIRCLE
  8
MIX
 10
97.6056
 20
17.7097
 40
0.9436
  0
CIRCLE
  8
MIX
 10
-230.0473
 20
-54.0069
 40
0.8702
  0
CIRCLE
  8
MIX
 10
269.3497
 20
3.4185
 40
0.7557
  0
CIRCLE
  8
MIX
 10
235.2226
 20
-48.1756
 40
0.6892
  0
CIRCLE
  8
MIX
 10
105.7215
 20
65.0846
 40
0.2536
  0
CIRCLE
  8
MIX
 10
204.9215
 20
-1.4361
 40
0.8538
  0
CIRCLE
  8
MIX
 10
270.5494
 20
-114.7300
 40
0.6062
  0
CIRCLE
  8
MIX
 10
-51.0037
 20
-74.6848
 40
0.8488
  0
CIRCLE
  8
MIX
 10
-285.7073
 20
-111.6621
 40
0.5394
  0
CIRCLE
  8
MIX
 10
50.1006
 20
2.7067
 40
0.5996
  0
CIRCLE
  8
MIX
 10
220.4364
 20
35.1718
 40
0.7762
  0
CIRCLE
  8
MIX
 10
-78.8120
 20
133.3752
 40
0.2563
  0
CIRCLE
  8
MIX
 10
75.1828
 20
67.0990
 40
0.2842
  0
CIRCLE
  8
MIX
 10
28.3765
 20
-172.8967
 40
0.7405
  0
CIRCLE
  8
MIX
 10
-251.5633
 20
159.7507
 40
0.4074
  0
CIRCLE
  8
MIX
 10
-251.2116
 20
-104.7585
 40
0.7079
  0
CIRCLE
  8
MIX
 10
85.1139
 20
96.7472
 40
0.8277
  0
CIRCLE
  8
MIX
 10
-139.5654
 20
-162.9744
 40
0.3796
  0
CIRCLE
  8
MIX
 10
8.5587
 20
-141.0218
 40
0.7063
  0
CIRCLE
  8
MIX
 10
79.6670
 20
154.4897
 40
0.6938
  0
CIRCLE
  8
MIX
 10
-111.4238
 20
-115.9057
 40
0.3832
  0
CIRCLE
  8
MIX
 10
32.5258
 20
124.0949
 40
0.8436
  0
CIRCLE
  8
MIX
 10
251.5305
 20
148.8935
 40
0.7108
  0
CIRCLE
  8
MIX
 10
120.7009
 20
193.2171
 40
0.3657
  0
CIRCLE
  8
MIX
 10
-54.6348
 20
-89.1796
 40
0.5114
  0
CIRCLE
  8
MIX
 10
212.0665
 20
9.4988
 40
0.4493
  0
CIRCLE
  8
MIX
 10
74.5353
 20
-119.9501
 40
0.2135
  0
CIRCLE
  8
MIX
 10
-268.9206
 20
-157.9729
 40
0.5590
  0
CIRCLE
  8
MIX
 10
-115.0638
 20
76.8518
 40
0.7452
  0
CIRCLE
  8
MIX
 10
-212.9929
 20
26.6020
 40
0.2848
  0
CIRCLE
  8
MIX
 10
213.2310
 20
-163.6294
 40
0.6242
  0
CIRCLE
  8
MIX
 10
219.2216
 20
-65.7486
 40
0.3587
  0
CIRCLE
  8
MIX
 10
-105.2373
 20
160.8679
 40
0.8363
  0
CIRCLE
  8
MIX
 10
-190.0918
 20
-186.1104
 40
0.6334
  0
CIRCLE
  8
MIX
 10
-244.2562
 20
194.1030
 40
0.9310
  0
CIRCLE
  8
MIX
 10
26.7450
 20
187.8480
 40
0.6747
  0
CIRCLE
  8
MIX
 10
14.8853
 20
-39.8764
 40
0.7691
  0
CIRCLE
  8
MIX
 10
22.6608
 20
-25.8204
 40
0.3893
  0
CIRCLE
  8
MIX
 10
-246.6791
 20
-164.4426
 40
0.7908
  0
CIRCLE
  8
MIX
 10
67.9221
 20
133.4132
 40
0.4625
  0
CIRCLE
  8
MIX
 10
85.8411
 20
96.7769
 40
0.1618
  0
CIRCLE
  8
MIX
 10
272.7890
 20
161.0425
 40
0.3449
  0
CIRCLE
  8
MIX
 10
-102.6685
 20
-32.6812
 40
0.2585
  0
CIRCLE
  8
MIX
 10
158.0629
 20
-68.2564
 40
0.7063
  0
CIRCLE
  8
MIX
 10
-147.8424
 20
-7.0936
 40
0.8005
  0
CIRCLE
  8
MIX
 10
-2.7282
 20
-111.6340
 40
0.5981
  0
CIRCLE
  8
MIX
 10
7.3024
 20
-132.3813
 40
0.5372
  0
CIRCLE
  8
MIX
 10
119.2613
 20
69.3864
 40
0.2526
  0
CIRCLE
  8
MIX
 10
198.6023
 20
-148.5908
 40
0.3260
  0
CIRCLE
  8
MIX
 10
-225.1777
 20
174.0006
 40
0.6079
  0
CIRCLE
  8
MIX
 10
79.6766
 20
82.5546
 40
0.3569
  0
CIRCLE
  8
MIX
 10
-23.0589
 20
-104.3840
 40
0.3070
  0
CIRCLE
  8
MIX
 10
-288.6278
 20
24.9643
 40
0.3691
  0
CIRCLE
  8
MIX
 10
-197.4385
 20
33.4258
 40
0.6499
  0
CIRCLE
  8
MIX
 10
21.9823
 20
115.8446
 40
0.8652
  0
CIRCLE
  8
MIX
 10
-144.3587
 20
-160.7265
 40
0.8352
  0
CIRCLE
  8
MIX
 10
-68.5865
 20
-69.7499
 40
0.1546
  0
CIRCLE
  8
MIX
 10
-111.9765
 20
-25.6274
 40
0.4475
  0
CIRCLE
  8
MIX
 10
-97.9012
 20
81.8048
 40
0.8868
  0
CIRCLE
  8
MIX
 10
-112.5236
 20
-141.0927
 40
0.5819
  0
CIRCLE
  8
MIX
 10
-77.9434
 20
29.6031
 40
0.5690
  0
CIRCLE
  8
MIX
 10
-57.5693
 20
-121.6589
 40
0.5309
  0
CIRCLE
  8
MIX
 10
67.3084
 20
-3.7635
 40
0.5366
  0
CIRCLE
  8
MIX
 10
151.7111
 20
134.6513
 40
0.9449
  0
CIRCLE
  8
MIX
 10
8.1559
 20
67.3064
 40
0.7632
  0
CIRCLE
  8
MIX
 10
256.1763
 20
-90.0501
 40
0.4001
  0
CIRCLE
  8
MIX
 10
192.8203
 20
-65.0885
 40
0.9907
  0
CIRCLE
  8
MIX
 10
-221.1159
 20
65.2799
 40
0.7714
  0
CIRCLE
  8
MIX
 10
28.9203
 20
-187.3069
 40
0.3835
  0
CIRCLE
  8
MIX
 10
-47.5491
 20
30.0546
 40
0.7440
  0
CIRCLE
  8
MIX
 10
154.4553
 20
194.3425
 40
0.5528
  0
CIRCLE
  8
MIX
 10
-42.0781
 20
18.8751
 40
0.1626
  0
CIRCLE
  8
MIX
 10
161.6231
 20
177.2553
 40
0.5540
  0
CIRCLE
  8
MIX
 10
-20.0490
 20
123.5742
 40
0.3915
  0
CIRCLE
  8
MIX
 10
15.1771
 20
4.5257
 40
0.3191
  0
CIRCLE
  8
MIX
 10
-50.3227
 20
-49.4545
 40
0.3528
  0
CIRCLE
  8
MIX
 10
278.3780
 20
37.9428
 40
0.5530
  0
CIRCLE
  8
MIX
 10
190.6073
 20
-172.0387
 40
0.3465
  0
CIRCLE
  8
MIX
 10
250.1602
 20
168.3441
 40
0.8777
  0
CIRCLE
  8
MIX
 10
285.3316
 20
115.6331
 40
0.7514
  0
CIRCLE
  8
MIX
 10
-6.8307
 20
-106.1576
 40
0.3056
  0
CIRCLE
  8
MIX
 10
-186.7295
 20
73.2544
 40
0.4838
  0
CIRCLE
  8
MIX
 10
90.0793
 20
-12.6817
 40
0.7999
  0
CIRCLE
  8
MIX
 10
-106.9027
 20
-58.1545
 40
0.6108
  0
CIRCLE
  8
MIX
 10
81.3232
 20
-111.5779
 40
0.5369
  0
CIRCLE
  8
MIX
 10
-280.7096
 20
-40.3494
 40
0.4063
  0
CIRCLE
  8
MIX
 10
-172.6907
 20
88.3919
 40
0.4539
  0
CIRCLE
  8
MIX
 10
151.6594
 20
-101.2480
 40
0.4616
  0
CIRCLE
  8
MIX
 10
-241.3918
 20
-185.4695
 40
0.5066
  0
CIRCLE
  8
MIX
 10
-139.0716
 20
-46.4663
 40
0.2415
  0
CIRCLE
  8
MIX
 10
244.7228
 20
-48.5593
 40
0.6523
  0
CIRCLE
  8
MIX
 10
253.7925
 20
88.0801
 40
0.5766
  0
CIRCLE
  8
MIX
 10
-57.8482
 20
-55.6638
 40
0.4695
  0
CIRCLE
  8
MIX
 10
-281.4615
 20
-42.1012
 40
0.9774
  0
CIRCLE
  8
MIX
 10
291.7732
 20
192.1910
 40
0.5131
  0
CIRCLE
  8
MIX
 10
-171.4094
 20
3.2507
 40
0.9545
  0
CIRCLE
  8
MIX
 10
-99.6390
 20
161.3977
 40
0.2835
  0
CIRCLE
  8
MIX
 10
-142.5442
 20
118.1071
 40
0.9658
  0
CIRCLE
  8
MIX
 10
-262.4504
 20
-39.7639
 40
0.1939
  0
CIRCLE
  8
MIX
 10
285.7486
 20
-188.4117
 40
0.9363
  0
CIRCLE
  8
MIX
 10
-225.9651
 20
137.0485
 40
0.4592
  0
CIRCLE
  8
MIX
 10
40.5296
 20
-61.0887
 40
0.9435
  0
CIRCLE
  8
MIX
 10
255.4929
 20
-103.1623
 40
0.9808
  0
CIRCLE
  8
MIX
 10
180.3313
 20
-192.3545
 40
0.3943
  0
CIRCLE
  8
MIX
 10
-84.1450
 20
-21.7137
 40
0.4718
  0
CIRCLE
  8
MIX
 10
257.2384
 20
63.6880
 40
0.5983
  0
CIRCLE
  8
MIX
 10
-130.5411
 20
-157.7997
 40
0.7414
  0
CIRCLE
  8
MIX
 10
251.4683
 20
-48.9226
 40
0.6071
  0
CIRCLE
  8
MIX
 10
90.4430
 20
189.3543
 40
0.6316
  0
CIRCLE
  8
MIX
 10
115.3241
 20
-48.1857
 40
0.7312
  0
CIRCLE
  8
MIX
 10
175.8163
 20
176.9051
 40
0.1732
  0
CIRCLE
  8
MIX
 10
-136.5871
 20
37.5048
 40
0.8097
  0
CIRCLE
  8
MIX
 10
102.1720
 20
-15.7994
 40
0.6311
  0
CIRCLE
  8
MIX
 10
5.8840
 20
95.1264
 40
0.8425
  0
CIRCLE
  8
MIX
 10
31.2683
 20
-112.8075
 40
0.8557
  0
CIRCLE
  8
MIX
 10
-87.5994
 20
75.8029
 40
0.4334
  0
CIRCLE
  8
MIX
 10
172.9191
 20
-187.9956
 40
0.2168
  0
CIRCLE
  8
MIX
 10
77.8565
 20
59.3977
 40
0.2409
  0
CIRCLE
  8
MIX
 10
-158.9166
 20
-151.2212
 40
0.3396
  0
CIRCLE
  8
MIX
 10
-172.2530
 20
-139.7463
 40
0.4736
  0
CIRCLE
  8
MIX
 10
276.9470
 20
112.9560
 40
0.2038
  0
CIRCLE
  8
MIX
 10
-157.1606
 20
-178.2252
 40
0.1552
  0
CIRCLE
  8
MIX
 10
167.4245
 20
128.8965
 40
0.9801
  0
CIRCLE
  8
MIX
 10
190.6208
 20
40.9982
 40
0.4006
  0
CIRCLE
  8
MIX
 10
-294.8979
 20
-173.5217
 40
0.7797
  0
CIRCLE
  8
MIX
 10
-243.8224
 20
-19.8933
 40
0.4973
  0
CIRCLE
  8
MIX
 10
-87.5373
 20
191.2434
 40
0.3475
  0
CIRCLE
  8
MIX
 10
-221.0699
 20
171.2285
 40
0.2017
  0
CIRCLE
  8
MIX
 10
195.5162
 20
-70.9231
 40
0.4177
  0
CIRCLE
  8
MIX
 10
-74.7422
 20
115.1067
 40
0.6556
  0
CIRCLE
  8
MIX
 10
215.9642
 20
163.5314
 40
0.3228
  0
CIRCLE
  8
MIX
 10
-258.2399
 20
-65.4461
 40
0.5685
  0
CIRCLE
  8
MIX
 10
-256.9999
 20
-75.9925
 40
0.8444
  0
CIRCLE
  8
MIX
 10
240.9472
 20
-148.7158
 40
0.5183
  0
CIRCLE
  8
MIX
 10
-147.9630
 20
-37.6820
 40
0.1615
  0
CIRCLE
  8
MIX
 10
171.7982
 20
-189.0182
 40
0.6199
  0
CIRCLE
  8
MIX
 10
-105.6843
 20
-30.0544
 40
0.9822
  0
CIRCLE
  8
MIX
 10
33.1156
 20
-52.4173
 40
0.9042
  0
CIRCLE
  8
MIX
 10
64.7253
 20
-105.1874
 40
0.4325
  0
CIRCLE
  8
MIX
 10
9.1854
 20
-25.0520
 40
0.6226
  0
CIRCLE
  8
MIX
 10
71.5144
 20
80.8494
 40
0.6125
  0
CIRCLE
  8
MIX
 10
-223.8244
 20
163.6630
 40
0.4527
  0
CIRCLE
  8
MIX
 10
-92.8607
 20
-77.6580
 40
0.9663
  0
CIRCLE
  8
MIX
 10
-294.7688
 20
-76.1632
 40
0.6005
  0
CIRCLE
  8
MIX
 10
-39.4701
 20
114.2002
 40
0.9286
  0
CIRCLE
  8
MIX
 10
-4.4196
 20
-187.2318
 40
0.8990
  0
CIRCLE
  8
MIX
 10
23.8074
 20
35.1631
 40
0.1685
  0
CIRCLE
  8
MIX
 10
-120.5713
 20
-29.5748
 40
0.5950
  0
CIRCLE
  8
MIX
 10
27.2121
 20
169.8103
 40
0.6253
  0
CIRCLE
  8
MIX
 10
-98.7837
 20
87.1082
 40
0.7865
  0
CIRCLE
  8
MIX
 10
70.9388
 20
93.3117
 40
0.9335
  0
CIRCLE
  8
MIX
 10
118.2083
 20
77.6921
 40
0.2671
  0
CIRCLE
  8
MIX
 10
-42.0101
 20
46.3836
 40
0.1937
  0
CIRCLE
  8
MIX
 10
-251.3729
 20
26.7008
 40
0.5922
  0
CIRCLE
  8
MIX
 10
44.2833
 20
23.1736
 40
0.7640
  0
CIRCLE
  8
MIX
 10
-1.1329
 20
-100.5733
 40
0.2035
  0
CIRCLE
  8
MIX
 10
-162.6495
 20
108.0191
 40
0.3187
  0
CIRCLE
  8
MIX
 10
14.0079
 20
37.6088
 40
0.1684
  0
CIRCLE
  8
MIX
 10
149.2769
 20
-105.5344
 40
0.2315
  0
CIRCLE
  8
MIX
 10
-2.8881
 20
185.0766
 40
0.9180
  0
CIRCLE
  8
MIX
 10
-270.6778
 20
-132.1584
 40
0.2471
  0
CIRCLE
  8
MIX
 10
203.9060
 20
150.5069
 40
0.4244
  0
CIRCLE
  8
MIX
 10
43.1595
 20
-12.6856
 40
0.5833
  0
CIRCLE
  8
MIX
 10
231.6524
 20
52.2702
 40
0.2096
  0
CIRCLE
  8
MIX
 10
115.1495
 20
150.9506
 40
0.7234
  0
CIRCLE
  8
MIX
 10
-174.4335
 20
-94.4795
 40
0.3534
  0
CIRCLE
  8
MIX
 10
-246.2470
 20
-15.8794
 40
0.8302
  0
CIRCLE
  8
MIX
 10
14.2830
 20
35.4538
 40
0.1689
  0
CIRCLE
  8
MIX
 10
34.3465
 20
73.8714
 40
0.3630
  0
CIRCLE
  8
MIX
 10
208.8595
 20
-75.7306
 40
0.4776
  0
CIRCLE
  8
MIX
 10
154.5871
 20
125.8956
 40
0.8228
  0
CIRCLE
  8
MIX
 10
288.8905
 20
-45.9212
 40
0.6952
  0
CIRCLE
  8
MIX
 10
101.3161
 20
162.6990
 40
0.2577
  0
CIRCLE
  8
MIX
 10
265.7277
 20
-34.9424
 40
0.4158
  0
CIRCLE
  8
MIX
 10
-8.9397
 20
-42.2420
 40
0.2483
  0
CIRCLE
  8
MIX
 10
127.8251
 20
-51.2230
 40
0.1639
  0
CIRCLE
  8
MIX
 10
164.7248
 20
117.1200
 40
0.5848
  0
CIRCLE
  8
MIX
 10
218.0896
 20
152.1445
 40
0.7980
  0
CIRCLE
  8
MIX
 10
-272.6768
 20
-156.7216
 40
0.9059
  0
CIRCLE
  8
MIX
 10
-10.9283
 20
-31.0382
 40
0.5083
  0
CIRCLE
  8
MIX
 10
-38.1831
 20
-187.4987
 40
0.6143
  0
CIRCLE
  8
MIX
 10
-109.8612
 20
175.0353
 40
0.6304
  0
CIRCLE
  8
MIX
 10
-231.4277
 20
92.3591
 40
0.4950
  0
CIRCLE
  8
MIX
 10
-47.3401
 20
-179.7067
 40
0.8052
  0
CIRCLE
  8
MIX
 10
204.8595
 20
-152.7672
 40
0.3343
  0
CIRCLE
  8
MIX
 10
285.9745
 20
28.7292
 40
0.3360
  0
CIRCLE
  8
MIX
 10
-211.5585
 20
152.3361
 40
0.5711
  0
CIRCLE
  8
MIX
 10
-260.2503
 20
125.4433
 40
0.4271
  0
CIRCLE
  8
MIX
 10
61.9022
 20
87.5109
 40
0.6413
  0
CIRCLE
  8
MIX
 10
-231.4986
 20
-179.1384
 40
0.7228
  0
CIRCLE
  8
MIX
 10
286.1782
 20
116.9918
 40
0.7557
  0
CIRCLE
  8
MIX
 10
-57.1692
 20
66.5991
 40
0.9521
  0
CIRCLE
  8
MIX
 10
269.0421
 20
-73.2482
 40
0.3139
  0
CIRCLE
  8
MIX
 10
50.5368
 20
-123.3216
 40
0.4565
  0
CIRCLE
  8
MIX
 10
123.2930
 20
-16.8352
 40
0.1547
  0
CIRCLE
  8
MIX
 10
60.4718
 20
63.1427
 40
0.6931
  0
CIRCLE
  8
MIX
 10
166.3791
 20
-118.1794
 40
0.3164
  0
CIRCLE
  8
MIX
 10
-255.9373
 20
-162.2201
 40
0.9885
  0
CIRCLE
  8
MIX
 10
14.3689
 20
79.6456
 40
0.1708
  0
CIRCLE
  8
MIX
 10
-154.9414
 20
182.9439
 40
0.7880
  0
CIRCLE
  8
MIX
 10
254.8511
 20
53.2644
 40
0.9028
  0
CIRCLE
  8
MIX
 10
118.5594
 20
-64.4281
 40
0.2668
  0
CIRCLE
  8
MIX
 10
-178.2823
 20
48.0443
 40
0.7663
  0
CIRCLE
  8
MIX
 10
146.9583
 20
100.7037
 40
0.5627
  0
CIRCLE
  8
MIX
 10
-253.8651
 20
141.7367
 40
0.3650
  0
CIRCLE
  8
MIX
 10
224.3587
 20
15.3609
 40
0.3302
  0
CIRCLE
  8
MIX
 10
218.5731
 20
190.3185
 40
0.5087
  0
CIRCLE
  8
MIX
 10
-266.4542
 20
-18.2141
 40
0.2570
  0
CIRCLE
  8
MIX
 10
112.8011
 20
57.8012
 40
0.4474
  0
CIRCLE
  8
MIX
 10
131.9541
 20
-117.9681
 40
0.7637
  0
CIRCLE
  8
MIX
 10
110.5046
 20
-167.3506
 40
0.9588
  0
CIRCLE
  8
MIX
 10
196.5323
 20
-85.0252
 40
0.7279
  0
CIRCLE
  8
MIX
 10
-19.0892
 20
-32.6983
 40
0.9222
  0
CIRCLE
  8
MIX
 10
63.2057
 20
53.2450
 40
0.5647
  0
CIRCLE
  8
MIX
 10
-210.2567
 20
30.3523
 40
0.2321
  0
CIRCLE
  8
MIX
 10
86.0310
 20
2.5960
 40
0.3682
  0
CIRCLE
  8
MIX
 10
42.2408
 20
-20.5146
 40
0.2451
  0
CIRCLE
  8
MIX
 10
5.3774
 20
-138.9101
 40
0.7994
  0
CIRCLE
  8
MIX
 10
32.1035
 20
193.5105
 40
0.9421
  0
CIRCLE
  8
MIX
 10
-175.2006
 20
-98.5619
 40
0.9554
  0
CIRCLE
  8
MIX
 10
-211.6747
 20
-119.9316
 40
0.9386
  0
CIRCLE
  8
MIX
 10
-26.0573
 20
178.1342
 40
0.8477
  0
CIRCLE
  8
MIX
 10
31.1914
 20
-141.9813
 40
0.3588
  0
CIRCLE
  8
MIX
 10
-278.9059
 20
-77.0873
 40
0.5698
  0
CIRCLE
  8
MIX
 10
23.5016
 20
-103.5699
 40
0.9213
  0
CIRCLE
  8
MIX
 10
205.0987
 20
-91.1959
 40
0.1662
  0
CIRCLE
  8
MIX
 10
-280.4148
 20
-138.2754
 40
0.7396
  0
CIRCLE
  8
MIX
 10
243.5773
 20
145.8897
 40
0.5949
  0
CIRCLE
  8
MIX
 10
39.1473
 20
167.1230
 40
0.8795
  0
CIRCLE
  8
MIX
 10
263.9237
 20
152.0346
 40
0.9181
  0
CIRCLE
  8
MIX
 10
-68.3248
 20
110.3553
 40
0.8655
  0
CIRCLE
  8
MIX
 10
-143.2893
 20
40.6469
 40
0.6912
  0
CIRCLE
  8
MIX
 10
-133.7041
 20
-97.1123
 40
0.4013
  0
CIRCLE
  8
MIX
 10
-110.8828
 20
106.1264
 40
0.4495
  0
CIRCLE
  8
MIX
 10
57.8529
 20
-107.0835
 40
0.7901
  0
CIRCLE
  8
MIX
 10
170.0756
 20
127.3691
 40
0.2552
  0
CIRCLE
  8
MIX
 10
28.8198
 20
151.3584
 40
0.2182
  0
CIRCLE
  8
MIX
 10
-29.7403
 20
181.7483
 40
0.4104
  0
CIRCLE
  8
MIX
 10
214.7337
 20
-118.7483
 40
0.3857
  0
CIRCLE
  8
MIX
 10
130.0567
 20
-22.3635
 40
0.6543
  0
CIRCLE
  8
MIX
 10
-225.6341
 20
-157.3522
 40
0.2751
  0
CIRCLE
  8
MIX
 10
-11.4712
 20
-95.9801
 40
0.2501
  0
CIRCLE
  8
MIX
 10
-88.8968
 20
73.4493
 40
0.7417
  0
CIRCLE
  8
MIX
 10
217.3255
 20
-67.6613
 40
0.4007
  0
CIRCLE
  8
MIX
 10
-224.7664
 20
-52.0020
 40
0.7729
  0
CIRCLE
  8
MIX
 10
-243.1891
 20
-170.3842
 40
0.1863
  0
CIRCLE
  8
MIX
 10
234.2733
 20
-164.2152
 40
0.9013
  0
CIRCLE
  8
MIX
 10
148.5634
 20
64.4511
 40
0.5036
  0
CIRCLE
  8
MIX
 10
246.3814
 20
-31.3142
 40
0.1560
  0
CIRCLE
  8
MIX
 10
20.1437
 20
129.8255
 40
0.9252
  0
CIRCLE
  8
MIX
 10
-233.4635
 20
152.8856
 40
0.6909
  0
CIRCLE
  8
MIX
 10
-164.1407
 20
-139.8863
 40
0.2646
  0
CIRCLE
  8
MIX
 10
-117.2500
 20
27.3690
 40
0.5872
  0
CIRCLE
  8
MIX
 10
-277.5709
 20
-4.4918
 40
0.5848
  0
CIRCLE
  8
MIX
 10
106.4041
 20
-189.1943
 40
0.4281
  0
CIRCLE
  8
MIX
 10
82.2216
 20
-53.5534
 40
0.7540
  0
CIRCLE
  8
MIX
 10
133.0889
 20
189.0615
 40
0.4334
  0
CIRCLE
  8
MIX
 10
-159.6468
 20
-125.1202
 40
0.7473
  0
CIRCLE
  8
MIX
 10
-5.6814
 20
52.6985
 40
0.6143
  0
CIRCLE
  8
MIX
 10
-213.3598
 20
-20.4579
 40
0.4828
  0
CIRCLE
  8
MIX
 10
152.4751
 20
143.9255
 40
0.4548
  0
CIRCLE
  8
MIX
 10
-209.5502
 20
170.0692
 40
0.8414
  0
CIRCLE
  8
MIX
 10
-182.4749
 20
71.7747
 40
0.8948
  0
CIRCLE
  8
MIX
 10
-292.8630
 20
-128.9299
 40
0.5093
  0
CIRCLE
  8
MIX
 10
-69.2902
 20
-150.9330
 40
0.6692
  0
CIRCLE
  8
MIX
 10
-149.7528
 20
-36.6182
 40
0.4333
  0
CIRCLE
  8
MIX
 10
213.7911
 20
-168.7676
 40
0.5451
  0
CIRCLE
  8
MIX
 10
115.2421
 20
26.9338
 40
0.9450
  0
CIRCLE
  8
MIX
 10
-111.2175
 20
-28.4773
 40
0.9873
  0
CIRCLE
  8
MIX
 10
-270.5660
 20
-70.7926
 40
0.5254
  0
CIRCLE
  8
MIX
 10
28.6608
 20
-14.1521
 40
0.6156
  0
CIRCLE
  8
MIX
 10
30.3340
 20
-23.5858
 40
0.9975
  0
CIRCLE
  8
MIX
 10
280.5885
 20
-0.3741
 40
0.4374
  0
CIRCLE
  8
MIX
 10
241.9814
 20
132.5102
 40
0.4911
  0
CIRCLE
  8
MIX
 10
-234.0673
 20
184.9139
 40
0.6424
  0
CIRCLE
  8
MIX
 10
117.2791
 20
35.2404
 40
0.6657
  0
CIRCLE
  8
MIX
 10
-97.9127
 20
-115.0606
 40
0.4266
  0
CIRCLE
  8
MIX
 10
-14.8390
 20
-10.1615
 40
0.4466
  0
CIRCLE
  8
MIX
 10
-143.9531
 20
-38.7871
 40
0.2573
  0
CIRCLE
  8
MIX
 10
-174.1888
 20
-78.9777
 40
0.9260
  0
CIRCLE
  8
MIX
 10
-194.9087
 20
-38.0589
 40
0.9081
  0
CIRCLE
  8
MIX
 10
-123.6059
 20
63.7908
 40
0.5857
  0
CIRCLE
  8
MIX
 10
-117.9300
 20
-24.2870
 40
0.3050
  0
CIRCLE
  8
MIX
 10
-294.9147
 20
134.4853
 40
0.5230
  0
CIRCLE
  8
MIX
 10
-282.1308
 20
-62.3478
 40
0.8500
  0
CIRCLE
  8
MIX
 10
-216.1297
 20
96.8775
 40
0.4805
  0
CIRCLE
  8
MIX
 10
-112.0340
 20
22.6745
 40
0.1993
  0
CIRCLE
  8
MIX
 10
61.8458
 20
24.9426
 40
0.6551
  0
CIRCLE
  8
MIX
 10
-50.2452
 20
-111.6064
 40
0.3754
  0
CIRCLE
  8
MIX
 10
101.8738
 20
-24.2866
 40
0.9233
  0
CIRCLE
  8
MIX
 10
-121.1616
 20
144.8535
 40
0.5782
  0
CIRCLE
  8
MIX
 10
-184.3555
 20
-86.5569
 40
0.3671
  0
CIRCLE
  8
MIX
 10
21.9460
 20
155.8586
 40
0.6702
  0
CIRCLE
  8
MIX
 10
176.7537
 20
-18.5191
 40
0.2621
  0
CIRCLE
  8
MIX
 10
-182.1660
 20
93.4911
 40
0.3378
  0
CIRCLE
  8
MIX
 10
289.5480
 20
22.0333
 40
0.7408
  0
CIRCLE
  8
MIX
 10
-278.3161
 20
-40.3094
 40
0.7280
  0
CIRCLE
  8
MIX
 10
-55.5237
 20
-2.4009
 40
0.5554
  0
CIRCLE
  8
MIX
 10
-230.6070
 20
-27.2253
 40
0.5054
  0
CIRCLE
  8
MIX
 10
89.7697
 20
72.5692
 40
0.6966
  0
CIRCLE
  8
MIX
 10
-278.0029
 20
-191.2495
 40
0.6279
  0
CIRCLE
  8
MIX
 10
225.6975
 20
-119.4614
 40
0.1988
  0
CIRCLE
  8
MIX
 10
133.5356
 20
33.4603
 40
0.6335
  0
CIRCLE
  8
MIX
 10
-27.3339
 20
103.5170
 40
0.7953
  0
CIRCLE
  8
MIX
 10
-205.7992
 20
118.2645
 40
0.2148
  0
CIRCLE
  8
MIX
 10
-220.7083
 20
-115.2827
 40
0.2499
  0
CIRCLE
  8
MIX
 10
-149.1302
 20
115.3417
 40
0.1722
  0
CIRCLE
  8
MIX
 10
-277.4668
 20
128.1796
 40
0.4043
  0
CIRCLE
  8
MIX
 10
15.3370
 20
-54.9626
 40
0.3291
  0
CIRCLE
  8
MIX
 10
-99.7249
 20
-162.5834
 40
0.2517
  0
CIRCLE
  8
MIX
 10
193.0106
 20
-176.7449
 40
0.7035
  0
CIRCLE
  8
MIX
 10
38.6412
 20
-37.2144
 40
0.3672
  0
CIRCLE
  8
MIX
 10
47.7431
 20
-52.0794
 40
0.5535
  0
CIRCLE
  8
MIX
 10
-86.9383
 20
-145.3465
 40
0.5830
  0
CIRCLE
  8
MIX
 10
218.0962
 20
-63.6935
 40
0.2453
  0
CIRCLE
  8
MIX
 10
-285.0543
 20
-32.1194
 40
0.7913
  0
CIRCLE
  8
MIX
 10
122.9384
 20
-164.2795
 40
0.6256
  0
CIRCLE
  8
MIX
 10
245.9884
 20
123.9488
 40
0.7358
  0
CIRCLE
  8
MIX
 10
-233.9104
 20
-104.9906
 40
0.1566
  0
CIRCLE
  8
MIX
 10
-69.0887
 20
131.4548
 40
0.9905
  0
CIRCLE
  8
MIX
 10
-12.9877
 20
-130.2636
 40
0.3331
  0
CIRCLE
  8
MIX
 10
-21.9531
 20
-185.0743
 40
0.3476
  0
CIRCLE
  8
MIX
 10
203.5524
 20
56.0192
 40
0.5544
  0
CIRCLE
  8
MIX
 10
36.8865
 20
187.2485
 40
0.5502
  0
CIRCLE
  8
MIX
 10
29.7061
 20
193.1152
 40
0.7896
  0
CIRCLE
  8
MIX
 10
233.7607
 20
53.6793
 40
0.8888
  0
CIRCLE
  8
MIX
 10
-87.4201
 20
49.1544
 40
0.5220
  0
CIRCLE
  8
MIX
 10
192.4667
 20
146.6689
 40
0.9010
  0
CIRCLE
  8
MIX
 10
264.3722
 20
144.2091
 40
0.2102
  0
CIRCLE
  8
MIX
 10
-272.8562
 20
101.8521
 40
0.3827
  0
CIRCLE
  8
MIX
 10
103.5821
 20
-23.6114
 40
0.2686
  0
CIRCLE
  8
MIX
 10
-38.7170
 20
37.7592
 40
0.4166
  0
CIRCLE
  8
MIX
 10
201.0003
 20
-93.8747
 40
0.6816
  0
CIRCLE
  8
MIX
 10
-269.3212
 20
-133.6453
 40
0.3093
  0
CIRCLE
  8
MIX
 10
246.6017
 20
77.5044
 40
0.2727
  0
CIRCLE
  8
MIX
 10
-39.3457
 20
179.6553
 40
0.2737
  0
CIRCLE
  8
MIX
 10
-0.5026
 20
19.6547
 40
0.3490
  0
CIRCLE
  8
MIX
 10
50.2522
 20
-169.3319
 40
0.9197
  0
CIRCLE
  8
MIX
 10
-119.1467
 20
142.0934
 40
0.5158
  0
CIRCLE
  8
MIX
 10
-200.4597
 20
5.9681
 40
0.4898
  0
CIRCLE
  8
MIX
 10
45.4096
 20
-58.2337
 40
0.2624
  0
CIRCLE
  8
MIX
 10
-258.0154
 20
-166.3341
 40
0.7126
  0
CIRCLE
  8
MIX
 10
257.1738
 20
142.5926
 40
0.7916
  0
CIRCLE
  8
MIX
 10
-6.7675
 20
-114.4704
 40
0.8264
  0
CIRCLE
  8
MIX
 10
-74.7281
 20
146.8563
 40
0.3052
  0
CIRCLE
  8
MIX
 10
81.8921
 20
-123.1065
 40
0.9488
  0
CIRCLE
  8
MIX
 10
153.0697
 20
-141.9572
 40
0.9461
  0
CIRCLE
  8
MIX
 10
-91.7789
 20
53.9395
 40
0.4221
  0
CIRCLE
  8
MIX
 10
-156.2247
 20
-17.0616
 40
0.6988
  0
CIRCLE
  8
MIX
 10
-75.6820
 20
96.2410
 40
0.3565
  0
CIRCLE
  8
MIX
 10
-34.9503
 20
133.2571
 40
0.3325
  0
CIRCLE
  8
MIX
 10
15.6755
 20
-65.6501
 40
0.6446
  0
CIRCLE
  8
MIX
 10
149.9372
 20
69.9625
 40
0.5036
  0
CIRCLE
  8
MIX
 10
-159.9289
 20
-41.0503
 40
0.4530
  0
CIRCLE
  8
MIX
 10
157.9309
 20
33.0878
 40
0.4393
  0
CIRCLE
  8
MIX
 10
-83.0249
 20
150.9264
 40
0.7765
  0
CIRCLE
  8
MIX
 10
244.4638
 20
-107.5495
 40
0.2631
  0
CIRCLE
  8
MIX
 10
-139.7913
 20
61.8867
 40
0.6847
  0
CIRCLE
  8
MIX
 10
-84.1966
 20
-53.5230
 40
0.6234
  0
CIRCLE
  8
MIX
 10
-170.2715
 20
-16.5784
 40
0.3726
  0
CIRCLE
  8
MIX
 10
205.4909
 20
153.6356
 40
0.2091
  0
CIRCLE
  8
MIX
 10
136.4016
 20
-37.9729
 40
0.4118
  0
CIRCLE
  8
MIX
 10
-225.6558
 20
-170.0181
 40
0.2559
  0
CIRCLE
  8
MIX
 10
-52.2811
 20
-23.6997
 40
0.4538
  0
CIRCLE
  8
MIX
 10
-85.1090
 20
153.2932
 40
0.3261
  0
CIRCLE
  8
MIX
 10
-36.1814
 20
95.0809
 40
0.5398
  0
CIRCLE
  8
MIX
 10
-80.8347
 20
-84.5418
 40
0.6149
  0
CIRCLE
  8
MIX
 10
53.2121
 20
110.8521
 40
0.3758
  0
CIRCLE
  8
MIX
 10
202.3352
 20
146.4505
 40
0.4921
  0
CIRCLE
  8
MIX
 10
-242.5321
 20
43.2018
 40
0.5732
  0
CIRCLE
  8
MIX
 10
289.8849
 20
91.5924
 40
0.2814
  0
CIRCLE
  8
MIX
 10
285.0657
 20
133.7306
 40
0.3880
  0
CIRCLE
  8
MIX
 10
199.2951
 20
115.1626
 40
0.1942
  0
CIRCLE
  8
MIX
 10
247.9336
 20
37.7150
 40
0.8948
  0
CIRCLE
  8
MIX
 10
74.6084
 20
-176.0309
 40
0.3218
  0
CIRCLE
  8
MIX
 10
131.0768
 20
-139.6446
 40
0.7698
  0
CIRCLE
  8
MIX
 10
140.1752
 20
-159.4573
 40
0.2870
  0
CIRCLE
  8
MIX
 10
-52.5566
 20
-92.1968
 40
0.9446
  0
CIRCLE
  8
MIX
 10
-215.4926
 20
-106.6394
 40
0.2653
  0
CIRCLE
  8
MIX
 10
88.0049
 20
-193.3852
 40
0.7604
  0
CIRCLE
  8
MIX
 10
262.7603
 20
-102.7666
 40
0.3399
  0
CIRCLE
  8
MIX
 10
-97.7937
 20
21.0857
 40
0.5531
  0
CIRCLE
  8
MIX
 10
-46.8161
 20
16.9271
 40
0.3080
  0
CIRCLE
  8
MIX
 10
107.7083
 20
-32.6928
 40
0.9192
  0
CIRCLE
  8
MIX
 10
-264.8324
 20
-122.4930
 40
0.8447
  0
CIRCLE
  8
MIX
 10
261.9577
 20
-12.9689
 40
0.2021
  0
CIRCLE
  8
MIX
 10
240.5064
 20
-127.9863
 40
0.9529
  0
CIRCLE
  8
MIX
 10
-137.1683
 20
-175.2423
 40
0.2328
  0
CIRCLE
  8
MIX
 10
-168.5099
 20
97.1825
 40
0.4262
  0
CIRCLE
  8
MIX
 10
42.6479
 20
59.1377
 40
0.6675
  0
CIRCLE
  8
MIX
 10
65.6075
 20
-72.7661
 40
0.2163
  0
CIRCLE
  8
MIX
 10
260.4814
 20
136.0488
 40
0.9554
  0
CIRCLE
  8
MIX
 10
-56.6812
 20
-29.4541
 40
0.7293
  0
CIRCLE
  8
MIX
 10
-46.7859
 20
-163.1772
 40
0.3690
  0
CIRCLE
  8
MIX
 10
-171.2725
 20
-149.4752
 40
0.8616
  0
CIRCLE
  8
MIX
 10
27.3270
 20
-167.6988
 40
0.5993
  0
CIRCLE
  8
MIX
 10
89.3310
 20
86.4626
 40
0.6249
  0
CIRCLE
  8
MIX
 10
192.3704
 20
-17.0449
 40
0.2281
  0
CIRCLE
  8
MIX
 10
-283.4050
 20
-131.1378
 40
0.5905
  0
CIRCLE
  8
MIX
 10
-225.4345
 20
-111.5573
 40
0.2121
  0
CIRCLE
  8
MIX
 10
280.1335
 20
2.8681
 40
0.9077
  0
CIRCLE
  8
MIX
 10
166.3563
 20
-2.0297
 40
0.7629
  0
CIRCLE
  8
MIX
 10
-128.9717
 20
119.3245
 40
0.6006
  0
CIRCLE
  8
MIX
 10
286.1870
 20
86.9041
 40
0.7066
  0
CIRCLE
  8
MIX
 10
-219.4544
 20
-38.1746
 40
0.2785
  0
CIRCLE
  8
MIX
 10
293.5787
 20
106.5047
 40
0.3684
  0
CIRCLE
  8
MIX
 10
95.4484
 20
-143.8093
 40
0.3426
  0
CIRCLE
  8
MIX
 10
-231.0216
 20
143.6766
 40
0.2307
  0
CIRCLE
  8
MIX
 10
196.5131
 20
102.3365
 40
0.3836
  0
CIRCLE
  8
MIX
 10
-132.9138
 20
-92.5124
 40
0.7616
  0
CIRCLE
  8
MIX
 10
-71.0109
 20
133.7616
 40
0.2839
  0
CIRCLE
  8
MIX
 10
-182.2972
 20
90.1717
 40
0.8933
  0
CIRCLE
  8
MIX
 10
88.8363
 20
-86.9050
 40
0.7056
  0
CIRCLE
  8
MIX
 10
-9.1869
 20
-106.3730
 40
0.4907
  0
CIRCLE
  8
MIX
 10
212.8919
 20
129.5909
 40
0.9127
  0
CIRCLE
  8
MIX
 10
53.8919
 20
69.3182
 40
0.4334
  0
CIRCLE
  8
MIX
 10
-209.0957
 20
82.3674
 40
0.2252
  0
CIRCLE
  8
MIX
 10
250.5304
 20
51.2278
 40
0.3372
  0
CIRCLE
  8
MIX
 10
-101.1257
 20
87.8141
 40
0.2384
  0
CIRCLE
  8
MIX
 10
41.6901
 20
-100.6644
 40
0.9480
  0
CIRCLE
  8
MIX
 10
2.6186
 20
127.1915
 40
0.2508
  0
CIRCLE
  8
MIX
 10
-94.5588
 20
86.2794
 40
0.6601
  0
CIRCLE
  8
MIX
 10
-155.8423
 20
-122.7375
 40
0.9736
  0
CIRCLE
  8
MIX
 10
239.1859
 20
123.6204
 40
0.9164
  0
CIRCLE
  8
MIX
 10
-142.3028
 20
-190.9218
 40
0.6858
  0
CIRCLE
  8
MIX
 10
-68.6420
 20
167.7503
 40
0.9102
  0
CIRCLE
  8
MIX
 10
262.8431
 20
-95.9501
 40
0.7538
  0
CIRCLE
  8
MIX
 10
-61.3307
 20
-169.8166
 40
0.9363
  0
CIRCLE
  8
MIX
 10
-133.4556
 20
58.4046
 40
0.2775
  0
CIRCLE
  8
MIX
 10
181.4001
 20
104.0276
 40
0.9169
  0
CIRCLE
  8
MIX
 10
38.3220
 20
3.3194
 40
0.3781
  0
CIRCLE
  8
MIX
 10
-115.7469
 20
-20.9248
 40
0.4601
  0
CIRCLE
  8
MIX
 10
91.8743
 20
104.6863
 40
0.7699
  0
CIRCLE
  8
MIX
 10
-204.8526
 20
133.4380
 40
0.5709
  0
CIRCLE
  8
MIX
 10
-93.5899
 20
-70.1619
 40
0.8784
  0
CIRCLE
  8
MIX
 10
-149.7057
 20
111.2379
 40
0.6456
  0
CIRCLE
  8
MIX
 10
139.2760
 20
184.9164
 40
0.8548
  0
CIRCLE
  8
MIX
 10
-157.8111
 20
74.7884
 40
0.9085
  0
CIRCLE
  8
MIX
 10
13.8908
 20
192.1261
 40
0.6010
  0
CIRCLE
  8
MIX
 10
49.0539
 20
-92.7809
 40
0.8097
  0
CIRCLE
  8
MIX
 10
169.9081
 20
-102.8426
 40
0.2411
  0
CIRCLE
  8
MIX
 10
-188.9964
 20
18.8643
 40
0.6704
  0
CIRCLE
  8
MIX
 10
-237.8432
 20
-170.1903
 40
0.5068
  0
CIRCLE
  8
MIX
 10
191.0330
 20
99.1877
 40
0.2001
  0
CIRCLE
  8
MIX
 10
77.5087
 20
11.5756
 40
0.5883
  0
CIRCLE
  8
MIX
 10
-90.8896
 20
86.8214
 40
0.6892
  0
CIRCLE
  8
MIX
 10
-119.3637
 20
18.8830
 40
0.8244
  0
CIRCLE
  8
MIX
 10
-243.5787
 20
164.6873
 40
0.2233
  0
CIRCLE
  8
MIX
 10
166.9103
 20
146.1038
 40
0.6748
  0
CIRCLE
  8
MIX
 10
195.4255
 20
96.4107
 40
0.8304
  0
CIRCLE
  8
MIX
 10
-110.3077
 20
-35.4314
 40
0.6625
  0
CIRCLE
  8
MIX
 10
-208.9031
 20
175.5660
 40
0.9933
  0
CIRCLE
  8
MIX
 10
-113.7549
 20
118.9205
 40
0.5946
  0
CIRCLE
  8
MIX
 10
250.7637
 20
171.9716
 40
0.9894
  0
CIRCLE
  8
MIX
 10
-252.3179
 20
-183.5375
 40
0.7164
  0
CIRCLE
  8
MIX
 10
-244.3852
 20
-59.4814
 40
0.9398
  0
CIRCLE
  8
MIX
 10
-279.9700
 20
114.9331
 40
0.4551
  0
CIRCLE
  8
MIX
 10
-152.5772
 20
19.1336
 40
0.2212
  0
CIRCLE
  8
MIX
 10
21.8641
 20
185.6525
 40
0.2738
  0
CIRCLE
  8
MIX
 10
-229.3798
 20
84.6807
 40
0.9902
  0
CIRCLE
  8
MIX
 10
-154.6822
 20
68.4525
 40
0.7193
  0
CIRCLE
  8
MIX
 10
193.7862
 20
-149.8388
 40
0.4032
  0
CIRCLE
  8
MIX
 10
-62.1601
 20
128.4955
 40
0.5548
  0
CIRCLE
  8
MIX
 10
17.1260
 20
154.7101
 40
0.8146
  0
CIRCLE
  8
MIX
 10
68.1020
 20
29.2465
 40
0.7141
  0
CIRCLE
  8
MIX
 10
-275.1164
 20
-99.1183
 40
0.8590
  0
CIRCLE
  8
MIX
 10
37.2192
 20
-53.2560
 40
0.4934
  0
CIRCLE
  8
MIX
 10
-34.9098
 20
-47.2057
 40
0.5473
  0
CIRCLE
  8
MIX
 10
-47.8366
 20
-35.8403
 40
0.7488
  0
CIRCLE
  8
MIX
 10
-55.1542
 20
-34.8679
 40
0.5446
  0
CIRCLE
  8
MIX
 10
-51.8052
 20
138.7065
 40
0.3926
  0
CIRCLE
  8
MIX
 10
-191.2674
 20
-31.9783
 40
0.5746
  0
CIRCLE
  8
MIX
 10
117.5453
 20
-18.5128
 40
0.9659
  0
CIRCLE
  8
MIX
 10
-47.8087
 20
177.6631
 40
0.1717
  0
CIRCLE
  8
MIX
 10
-231.2849
 20
121.1313
 40
0.4120
  0
CIRCLE
  8
MIX
 10
292.0264
 20
88.5530
 40
0.9023
  0
CIRCLE
  8
MIX
 10
80.8454
 20
-179.7101
 40
0.6664
  0
CIRCLE
  8
MIX
 10
-126.1170
 20
181.4380
 40
0.4731
  0
CIRCLE
  8
MIX
 10
286.9418
 20
146.5000
 40
0.8193
  0
CIRCLE
  8
MIX
 10
-237.1964
 20
-126.9689
 40
0.3422
  0
CIRCLE
  8
MIX
 10
104.5115
 20
151.8387
 40
0.5843
  0
CIRCLE
  8
MIX
 10
99.0916
 20
-139.7374
 40
0.8832
  0
CIRCLE
  8
MIX
 10
-81.3195
 20
-104.5808
 40
0.3156
  0
CIRCLE
  8
MIX
 10
-21.0892
 20
-45.3330
 40
0.4319
  0
CIRCLE
  8
MIX
 10
67.3283
 20
-144.6252
 40
0.8012
  0
CIRCLE
  8
MIX
 10
18.6034
 20
-57.3136
 40
0.7876
  0
CIRCLE
  8
MIX
 10
106.4712
 20
-101.2034
 40
0.2146
  0
CIRCLE
  8
MIX
 10
34.8536
 20
56.4383
 40
0.7269
  0
CIRCLE
  8
MIX
 10
-126.7165
 20
5.3739
 40
0.1742
  0
CIRCLE
  8
MIX
 10
270.8103
 20
-191.8913
 40
0.8172
  0
CIRCLE
  8
MIX
 10
-49.9736
 20
49.4903
 40
0.5864
  0
CIRCLE
  8
MIX
 10
-37.6331
 20
-179.1604
 40
0.5786
  0
CIRCLE
  8
MIX
 10
-278.9997
 20
152.5025
 40
0.1716
  0
CIRCLE
  8
MIX
 10
-189.7804
 20
161.0311
 40
0.3889
  0
CIRCLE
  8
MIX
 10
72.7049
 20
188.1184
 40
0.3961
  0
CIRCLE
  8
MIX
 10
-136.6523
 20
-117.3798
 40
0.8374
  0
CIRCLE
  8
MIX
 10
30.9236
 20
-24.5475
 40
0.2862
  0
CIRCLE
  8
MIX
 10
59.4200
 20
104.3908
 40
0.8688
  0
CIRCLE
  8
MIX
 10
33.7071
 20
142.7155
 40
0.4973
  0
CIRCLE
  8
MIX
 10
198.5899
 20
27.9476
 40
0.1960
  0
CIRCLE
  8
MIX
 10
-57.5525
 20
75.8418
 40
0.6722
  0
CIRCLE
  8
MIX
 10
-209.5567
 20
177.9141
 40
0.3609
  0
CIRCLE
  8
MIX
 10
-149.3178
 20
-83.0746
 40
0.2613
  0
CIRCLE
  8
MIX
 10
-289.2439
 20
58.4353
 40
0.8605
  0
CIRCLE
  8
MIX
 10
78.1722
 20
173.3703
 40
0.8757
  0
CIRCLE
  8
MIX
 10
76.4572
 20
112.4267
 40
0.5456
  0
CIRCLE
  8
MIX
 10
-27.5689
 20
136.4153
 40
0.3009
  0
CIRCLE
  8
MIX
 10
145.0262
 20
-186.5298
 40
0.4137
  0
CIRCLE
  8
MIX
 10
227.4767
 20
173.4152
 40
0.9542
  0
CIRCLE
  8
MIX
 10
9.7280
 20
136.0582
 40
0.5216
  0
CIRCLE
  8
MIX
 10
236.3959
 20
-61.7987
 40
0.3724
  0
CIRCLE
  8
MIX
 10
85.8588
 20
69.2789
 40
0.7106
  0
CIRCLE
  8
MIX
 10
6.5959
 20
24.2573
 40
0.6553
  0
CIRCLE
  8
MIX
 10
166.7901
 20
43.2793
 40
0.6271
  0
CIRCLE
  8
MIX
 10
-179.3783
 20
-177.4294
 40
0.6612
  0
CIRCLE
  8
MIX
 10
53.3032
 20
-11.8306
 40
0.4693
  0
CIRCLE
  8
MIX
 10
227.3890
 20
-63.8778
 40
0.4001
  0
CIRCLE
  8
MIX
 10
-173.2395
 20
182.7084
 40
0.5413
  0
CIRCLE
  8
MIX
 10
-95.1221
 20
22.2894
 40
0.6362
  0
CIRCLE
  8
MIX
 10
-2.6997
 20
-143.6132
 40
0.6964
  0
CIRCLE
  8
MIX
 10
51.9864
 20
-0.7739
 40
0.5913
  0
CIRCLE
  8
MIX
 10
203.7349
 20
134.6244
 40
0.1933
  0
CIRCLE
  8
MIX
 10
-159.3716
 20
-41.2165
 40
0.2798
  0
CIRCLE
  8
MIX
 10
123.4088
 20
104.0190
 40
0.6612
  0
CIRCLE
  8
MIX
 10
55.5036
 20
-6.9870
 40
0.4418
  0
CIRCLE
  8
MIX
 10
289.2036
 20
14.1251
 40
0.5305
  0
CIRCLE
  8
MIX
 10
-245.4644
 20
-130.0214
 40
0.4261
  0
CIRCLE
  8
MIX
 10
-241.6056
 20
-114.6091
 40
0.8077
  0
CIRCLE
  8
MIX
 10
-215.9914
 20
-16.2295
 40
0.4935
  0
CIRCLE
  8
MIX
 10
-74.5760
 20
170.8672
 40
0.7715
  0
CIRCLE
  8
MIX
 10
-204.8121
 20
39.4885
 40
0.2157
  0
CIRCLE
  8
MIX
 10
-120.8790
 20
-136.6151
 40
0.5184
  0
CIRCLE
  8
MIX
 10
-70.0692
 20
162.8121
 40
0.6724
  0
CIRCLE
  8
MIX
 10
245.6881
 20
-68.6745
 40
0.2466
  0
CIRCLE
  8
MIX
 10
97.7372
 20
-118.1609
 40
0.2993
  0
CIRCLE
  8
MIX
 10
-116.8214
 20
-3.8764
 40
0.3194
  0
CIRCLE
  8
MIX
 10
72.0989
 20
132.4137
 40
0.5992
  0
CIRCLE
  8
MIX
 10
172.4222
 20
124.5099
 40
0.6020
  0
CIRCLE
  8
MIX
 10
-63.8657
 20
113.4134
 40
0.4486
  0
CIRCLE
  8
MIX
 10
124.6882
 20
89.4545
 40
0.6900
  0
CIRCLE
  8
MIX
 10
-257.4045
 20
-8.3088
 40
0.8019
  0
CIRCLE
  8
MIX
 10
-240.9450
 20
-102.9239
 40
0.3186
  0
CIRCLE
  8
MIX
 10
137.6485
 20
123.8087
 40
0.2068
  0
CIRCLE
  8
MIX
 10
203.7192
 20
153.6722
 40
0.2662
  0
CIRCLE
  8
MIX
 10
257.6143
 20
-80.3930
 40
0.5003
  0
CIRCLE
  8
MIX
 10
216.5945
 20
-31.2311
 40
0.2731
  0
CIRCLE
  8
MIX
 10
149.3610
 20
17.2898
 40
0.5864
  0
CIRCLE
  8
MIX
 10
-187.2419
 20
137.9164
 40
0.9032
  0
CIRCLE
  8
MIX
 10
-265.4891
 20
-172.7069
 40
0.8068
  0
CIRCLE
  8
MIX
 10
200.8477
 20
104.1349
 40
0.3917
  0
CIRCLE
  8
MIX
 10
-268.6821
 20
-170.9715
 40
0.9978
  0
CIRCLE
  8
MIX
 10
-201.3346
 20
-19.3161
 40
0.2840
  0
CIRCLE
  8
MIX
 10
-27.7699
 20
66.8780
 40
0.5154
  0
CIRCLE
  8
MIX
 10
31.2234
 20
-168.5580
 40
0.1743
  0
CIRCLE
  8
MIX
 10
206.0309
 20
-74.1851
 40
0.4658
  0
CIRCLE
  8
MIX
 10
213.5579
 20
-60.1099
 40
0.7901
  0
CIRCLE
  8
MIX
 10
-82.6983
 20
89.0050
 40
0.9730
  0
CIRCLE
  8
MIX
 10
-152.9458
 20
-65.2564
 40
0.9894
  0
CIRCLE
  8
MIX
 10
-100.9868
 20
165.9291
 40
0.7172
  0
CIRCLE
  8
MIX
 10
93.0546
 20
190.9204
 40
0.8717
  0
CIRCLE
  8
MIX
 10
292.5887
 20
-63.7707
 40
0.4040
  0
CIRCLE
  8
MIX
 10
-167.6245
 20
100.0251
 40
0.8179
  0
CIRCLE
  8
MIX
 10
-59.9622
 20
-122.1386
 40
0.6472
  0
CIRCLE
  8
MIX
 10
-134.6763
 20
46.1057
 40
0.1831
  0
CIRCLE
  8
MIX
 10
10.9778
 20
-95.5181
 40
0.9829
  0
CIRCLE
  8
MIX
 10
-274.9008
 20
-8.6305
 40
0.5952
  0
CIRCLE
  8
MIX
 10
-280.1933
 20
132.5661
 40
0.9975
  0
CIRCLE
  8
MIX
 10
-80.6331
 20
74.0626
 40
0.8708
  0
CIRCLE
  8
MIX
 10
101.1981
 20
139.7868
 40
0.5258
  0
CIRCLE
  8
MIX
 10
-158.4809
 20
-81.9198
 40
0.9304
  0
CIRCLE
  8
MIX
 10
-58.2831
 20
-161.0607
 40
0.2535
  0
CIRCLE
  8
MIX
 10
-224.0194
 20
62.3335
 40
0.5793
  0
CIRCLE
  8
MIX
 10
-102.0429
 20
182.4201
 40
0.5958
  0
CIRCLE
  8
MIX
 10
242.0863
 20
178.6983
 40
0.7027
  0
CIRCLE
  8
MIX
 10
233.4120
 20
7.2063
 40
0.5942
  0
CIRCLE
  8
MIX
 10
239.8295
 20
1.7654
 40
0.3639
  0
CIRCLE
  8
MIX
 10
43.5799
 20
-164.3021
 40
0.3429
  0
CIRCLE
  8
MIX
 10
269.3913
 20
-77.1480
 40
0.9620
  0
CIRCLE
  8
MIX
 10
-182.1937
 20
-90.0935
 40
0.6517
  0
CIRCLE
  8
MIX
 10
-3.9282
 20
156.0640
 40
0.9734
  0
CIRCLE
  8
MIX
 10
3.3398
 20
-188.4196
 40
0.2228
  0
CIRCLE
  8
MIX
 10
-195.7095
 20
76.8755
 40
0.9849
  0
CIRCLE
  8
MIX
 10
8.2692
 20
-124.8362
 40
0.7144
  0
CIRCLE
  8
MIX
 10
239.9717
 20
-15.0381
 40
0.4926
  0
CIRCLE
  8
MIX
 10
-78.3316
 20
20.2803
 40
0.2165
  0
CIRCLE
  8
MIX
 10
-248.8848
 20
-135.8649
 40
0.9644
  0
CIRCLE
  8
MIX
 10
-82.3427
 20
-98.0704
 40
0.5294
  0
CIRCLE
  8
MIX
 10
-47.0613
 20
174.4370
 40
0.8093
  0
CIRCLE
  8
MIX
 10
-168.5686
 20
-193.9380
 40
0.5445
  0
CIRCLE
  8
MIX
 10
147.8999
 20
45.9993
 40
0.7314
  0
CIRCLE
  8
MIX
 10
75.8813
 20
-138.1144
 40
0.8902
  0
CIRCLE
  8
MIX
 10
133.4294
 20
132.4189
 40
0.1930
  0
CIRCLE
  8
MIX
 10
143.4586
 20
-53.5796
 40
0.5466
  0
CIRCLE
  8
MIX
 10
-97.4329
 20
74.3915
 40
0.4886
  0
CIRCLE
  8
MIX
 10
35.6960
 20
-162.3051
 40
0.2142
  0
CIRCLE
  8
MIX
 10
186.1506
 20
-116.5780
 40
0.7012
  0
CIRCLE
  8
MIX
 10
-31.4842
 20
186.8255
 40
0.3231
  0
CIRCLE
  8
MIX
 10
91.0081
 20
-58.1378
 40
0.6051
  0
CIRCLE
  8
MIX
 10
-58.6001
 20
122.2877
 40
0.6952
  0
CIRCLE
  8
MIX
 10
58.0001
 20
-109.4591
 40
0.9011
  0
CIRCLE
  8
MIX
 10
148.9046
 20
-71.7785
 40
0.8060
  0
CIRCLE
  8
MIX
 10
67.9937
 20
160.1177
 40
0.5001
  0
CIRCLE
  8
MIX
 10
-189.8665
 20
-181.1303
 40
0.7874
  0
CIRCLE
  8
MIX
 10
174.1841
 20
-61.7526
 40
0.9219
  0
CIRCLE
  8
MIX
 10
-118.1205
 20
129.4667
 40
0.9080
  0
CIRCLE
  8
MIX
 10
126.8565
 20
122.9438
 40
0.4672
  0
CIRCLE
  8
MIX
 10
10.4613
 20
-193.6589
 40
0.5045
  0
CIRCLE
  8
MIX
 10
-217.0528
 20
-35.5750
 40
0.5259
  0
CIRCLE
  8
MIX
 10
-287.9317
 20
1.9025
 40
0.1674
  0
CIRCLE
  8
MIX
 10
-41.1210
 20
-15.5384
 40
0.5140
  0
CIRCLE
  8
MIX
 10
227.9277
 20
39.8127
 40
0.5411
  0
CIRCLE
  8
MIX
 10
-77.6469
 20
75.0802
 40
0.2119
  0
CIRCLE
  8
MIX
 10
-224.9156
 20
-181.7605
 40
0.4354
  0
CIRCLE
  8
MIX
 10
158.3265
 20
68.6524
 40
0.9216
  0
CIRCLE
  8
MIX
 10
-187.7277
 20
70.9076
 40
0.4493
  0
CIRCLE
  8
MIX
 10
-182.4453
 20
-99.8342
 40
0.4924
  0
CIRCLE
  8
MIX
 10
169.5176
 20
-97.0539
 40
0.5755
  0
CIRCLE
  8
MIX
 10
154.0621
 20
-178.9100
 40
0.2978
  0
CIRCLE
  8
MIX
 10
-254.0066
 20
167.5353
 40
0.6792
  0
CIRCLE
  8
MIX
 10
1.9883
 20
-16.0440
 40
0.8553
  0
CIRCLE
  8
MIX
 10
9.4916
 20
106.3300
 40
0.6713
  0
CIRCLE
  8
MIX
 10
-186.3186
 20
68.8175
 40
0.9272
  0
CIRCLE
  8
MIX
 10
278.9461
 20
-172.1740
 40
0.9644
  0
CIRCLE
  8
MIX
 10
-209.0676
 20
-91.5904
 40
0.3523
  0
CIRCLE
  8
MIX
 10
264.9751
 20
-30.5025
 40
0.3613
  0
CIRCLE
  8
MIX
 10
-128.8962
 20
69.3057
 40
0.1939
  0
CIRCLE
  8
MIX
 10
-221.3362
 20
37.9124
 40
0.7122
  0
CIRCLE
  8
MIX
 10
40.8668
 20
132.9584
 40
0.4757
  0
CIRCLE
  8
MIX
 10
-137.9654
 20
-17.6204
 40
0.9983
  0
CIRCLE
  8
MIX
 10
163.5588
 20
134.4319
 40
0.8293
  0
CIRCLE
  8
MIX
 10
51.0886
 20
-171.7525
 40
0.6799
  0
CIRCLE
  8
MIX
 10
3.0700
 20
-90.8404
 40
0.3640
  0
CIRCLE
  8
MIX
 10
180.2161
 20
-147.9876
 40
0.5011
  0
CIRCLE
  8
MIX
 10
268.9040
 20
140.4148
 40
0.9101
  0
CIRCLE
  8
MIX
 10
81.4011
 20
108.1434
 40
0.5455
  0
CIRCLE
  8
MIX
 10
-205.1079
 20
-186.3513
 40
0.3003
  0
CIRCLE
  8
MIX
 10
-250.7570
 20
33.2582
 40
0.7965
  0
CIRCLE
  8
MIX
 10
-240.7872
 20
29.6442
 40
0.6100
  0
CIRCLE
  8
MIX
 10
-30.3662
 20
-126.7778
 40
0.1564
  0
CIRCLE
  8
MIX
 10
247.1419
 20
87.8304
 40
0.9913
  0
CIRCLE
  8
MIX
 10
182.2177
 20
99.1560
 40
0.5693
  0
CIRCLE
  8
MIX
 10
-288.4310
 20
25.3434
 40
0.2295
  0
CIRCLE
  8
MIX
 10
-39.2421
 20
105.4630
 40
0.7619
  0
CIRCLE
  8
MIX
 10
-148.9764
 20
-182.2541
 40
0.9931
  0
CIRCLE
  8
MIX
 10
-162.4845
 20
-186.9118
 40
0.8679
  0
CIRCLE
  8
MIX
 10
-257.9939
 20
35.0002
 40
0.1572
  0
CIRCLE
  8
MIX
 10
-176.0698
 20
70.5349
 40
0.4146
  0
CIRCLE
  8
MIX
 10
33.0624
 20
-157.4473
 40
0.1707
  0
CIRCLE
  8
MIX
 10
-213.4435
 20
-10.0488
 40
0.5343
  0
CIRCLE
  8
MIX
 10
-126.4714
 20
-136.4945
 40
0.2384
  0
CIRCLE
  8
MIX
 10
0.5875
 20
162.1024
 40
0.2473
  0
CIRCLE
  8
MIX
 10
191.4561
 20
-4.9441
 40
0.5065
  0
CIRCLE
  8
MIX
 10
-240.3560
 20
38.5175
 40
0.5044
  0
CIRCLE
  8
MIX
 10
-265.8477
 20
101.9360
 40
0.7020
  0
CIRCLE
  8
MIX
 10
-253.9237
 20
-102.2092
 40
0.5076
  0
CIRCLE
  8
MIX
 10
212.2896
 20
192.7277
 40
0.2474
  0
CIRCLE
  8
MIX
 10
-202.9424
 20
192.1768
 40
0.7488
  0
CIRCLE
  8
MIX
 10
265.9030
 20
-147.0804
 40
0.4238
  0
CIRCLE
  8
MIX
 10
174.5052
 20
146.4998
 40
0.5104
  0
CIRCLE
  8
MIX
 10
159.0500
 20
-117.3483
 40
0.7520
  0
CIRCLE
  8
MIX
 10
27.5864
 20
-139.7569
 40
0.3998
  0
CIRCLE
  8
MIX
 10
-149.2920
 20
128.5196
 40
0.6255
  0
CIRCLE
  8
MIX
 10
-238.4929
 20
141.7516
 40
0.9377
  0
CIRCLE
  8
MIX
 10
103.8806
 20
-101.1678
 40
0.7806
  0
CIRCLE
  8
MIX
 10
141.6927
 20
107.0162
 40
0.9836
  0
CIRCLE
  8
MIX
 10
64.1207
 20
111.5764
 40
0.4390
  0
CIRCLE
  8
MIX
 10
244.5994
 20
-79.2380
 40
0.5467
  0
CIRCLE
  8
MIX
 10
-175.9897
 20
65.3026
 40
0.9890
  0
CIRCLE
  8
MIX
 10
-168.5096
 20
130.7844
 40
0.3554
  0
CIRCLE
  8
MIX
 10
-17.1851
 20
186.4434
 40
0.9338
  0
CIRCLE
  8
MIX
 10
-144.1705
 20
-86.0785
 40
0.1668
  0
CIRCLE
  8
MIX
 10
151.7962
 20
113.4732
 40
0.1667
  0
CIRCLE
  8
MIX
 10
-5.2712
 20
39.9559
 40
0.2048
  0
CIRCLE
  8
MIX
 10
156.7850
 20
100.0554
 40
0.6381
  0
CIRCLE
  8
MIX
 10
86.3922
 20
134.3746
 40
0.9450
  0
CIRCLE
  8
MIX
 10
-198.1830
 20
-22.8457
 40
0.8833
  0
CIRCLE
  8
MIX
 10
74.9667
 20
188.5070
 40
0.2796
  0
CIRCLE
  8
MIX
 10
-107.8079
 20
-80.7339
 40
0.8517
  0
CIRCLE
  8
MIX
 10
-32.0916
 20
52.3831
 40
0.3706
  0
CIRCLE
  8
MIX
 10
83.4552
 20
13.6925
 40
0.9819
  0
CIRCLE
  8
MIX
 10
185.1264
 20
7.9337
 40
0.4956
  0
CIRCLE
  8
MIX
 10
105.7913
 20
-54.6073
 40
0.3795
  0
CIRCLE
  8
MIX
 10
-59.9496
 20
44.1634
 40
0.2389
  0
CIRCLE
  8
MIX
 10
112.4043
 20
-55.3417
 40
0.4837
  0
CIRCLE
  8
MIX
 10
-153.3872
 20
-142.1045
 40
0.2309
  0
CIRCLE
  8
MIX
 10
116.8785
 20
-158.0949
 40
0.5359
  0
CIRCLE
  8
MIX
 10
-90.7970
 20
39.8831
 40
0.3360
  0
CIRCLE
  8
MIX
 10
239.5396
 20
184.5212
 40
0.3433
  0
CIRCLE
  8
MIX
 10
221.1881
 20
-137.2627
 40
0.6710
  0
CIRCLE
  8
MIX
 10
47.6947
 20
156.1975
 40
0.8978
  0
CIRCLE
  8
MIX
 10
-2.1532
 20
160.5054
 40
0.5013
  0
CIRCLE
  8
MIX
 10
-149.4097
 20
60.7516
 40
0.5176
  0
CIRCLE
  8
MIX
 10
-102.2140
 20
36.0778
 40
0.3548
  0
CIRCLE
  8
MIX
 10
148.2246
 20
-138.6213
 40
0.7063
  0
CIRCLE
  8
MIX
 10
-200.6479
 20
138.1687
 40
0.1533
  0
CIRCLE
  8
MIX
 10
175.0488
 20
103.7848
 40
0.9888
  0
CIRCLE
  8
MIX
 10
-38.5431
 20
-49.3474
 40
0.8366
  0
CIRCLE
  8
MIX
 10
-133.6731
 20
119.0201
 40
0.8450
  0
CIRCLE
  8
MIX
 10
-82.1296
 20
-30.2107
 40
0.9330
  0
CIRCLE
  8
MIX
 10
27.7570
 20
180.2868
 40
0.4548
  0
CIRCLE
  8
MIX
 10
146.6272
 20
-84.4024
 40
0.7145
  0
CIRCLE
  8
MIX
 10
-220.8652
 20
88.7981
 40
0.8958
  0
CIRCLE
  8
MIX
 10
-161.9894
 20
158.5732
 40
0.7012
  0
CIRCLE
  8
MIX
 10
-158.3953
 20
-131.8423
 40
0.5756
  0
CIRCLE
  8
MIX
 10
31.8648
 20
-31.6377
 40
0.8913
  0
CIRCLE
  8
MIX
 10
-233.3369
 20
55.9684
 40
0.6493
  0
CIRCLE
  8
MIX
 10
33.9882
 20
93.1269
 40
0.6946
  0
CIRCLE
  8
MIX
 10
144.7798
 20
-133.2888
 40
0.2911
  0
CIRCLE
  8
MIX
 10
58.3341
 20
-186.5614
 40
0.1656
  0
CIRCLE
  8
MIX
 10
83.5597
 20
42.6098
 40
0.5698
  0
CIRCLE
  8
MIX
 10
2.9350
 20
-61.1480
 40
0.4759
  0
CIRCLE
  8
MIX
 10
-188.9939
 20
-79.5324
 40
0.8478
  0
CIRCLE
  8
MIX
 10
-190.8689
 20
-84.9057
 40
0.6233
  0
CIRCLE
  8
MIX
 10
-110.0602
 20
-186.4246
 40
0.3943
  0
CIRCLE
  8
MIX
 10
132.0556
 20
-88.6864
 40
0.7831
  0
CIRCLE
  8
MIX
 10
-293.7928
 20
-150.0032
 40
0.9498
  0
CIRCLE
  8
MIX
 10
131.6846
 20
-143.7025
 40
0.2236
  0
CIRCLE
  8
MIX
 10
-102.7616
 20
143.0877
 40
0.5636
  0
CIRCLE
  8
MIX
 10
264.3198
 20
-33.7316
 40
0.8141
  0
CIRCLE
  8
MIX
 10
-49.9665
 20
-51.7493
 40
0.9723
  0
CIRCLE
  8
MIX
 10
50.4110
 20
21.0201
 40
0.5506
  0
CIRCLE
  8
MIX
 10
150.0215
 20
-57.0837
 40
0.5654
  0
CIRCLE
  8
MIX
 10
-77.6226
 20
16.0400
 40
0.7010
  0
CIRCLE
  8
MIX
 10
-44.3097
 20
-74.1799
 40
0.7522
  0
CIRCLE
  8
MIX
 10
-228.1893
 20
-17.8923
 40
0.3264
  0
CIRCLE
  8
MIX
 10
189.6902
 20
38.0751
 40
0.5886
  0
CIRCLE
  8
MIX
 10
135.3829
 20
-193.0700
 40
0.8095
  0
CIRCLE
  8
MIX
 10
86.5038
 20
73.5561
 40
0.5440
  0
CIRCLE
  8
MIX
 10
139.1937
 20
41.9033
 40
0.9544
  0
CIRCLE
  8
MIX
 10
291.0181
 20
0.9759
 40
0.5662
  0
CIRCLE
  8
MIX
 10
28.4187
 20
127.3519
 40
0.9700
  0
CIRCLE
  8
MIX
 10
-67.3371
 20
-74.0086
 40
0.7067
  0
CIRCLE
  8
MIX
 10
-190.7788
 20
87.8124
 40
0.6399
  0
CIRCLE
  8
MIX
 10
-192.5427
 20
-0.0227
 40
0.4582
  0
CIRCLE
  8
MIX
 10
-80.7979
 20
191.3741
 40
0.6232
  0
CIRCLE
  8
MIX
 10
-283.4251
 20
44.0004
 40
0.3590
  0
CIRCLE
  8
MIX
 10
-22.5487
 20
-130.0024
 40
0.8068
  0
CIRCLE
  8
MIX
 10
166.1521
 20
-76.7347
 40
0.9523
  0
CIRCLE
  8
MIX
 10
-48.2337
 20
-112.6379
 40
0.4385
  0
CIRCLE
  8
MIX
 10
-169.7291
 20
-139.8652
 40
0.7673
  0
CIRCLE
  8
MIX
 10
225.0759
 20
-66.6115
 40
0.5070
  0
CIRCLE
  8
MIX
 10
288.5968
 20
-65.9965
 40
0.7812
  0
CIRCLE
  8
MIX
 10
111.8005
 20
176.4040
 40
0.4377
  0
CIRCLE
  8
MIX
 10
293.3005
 20
-64.9273
 40
0.9573
  0
CIRCLE
  8
MIX
 10
34.0369
 20
-98.8038
 40
0.8419
  0
CIRCLE
  8
MIX
 10
237.8758
 20
177.6898
 40
0.8856
  0
CIRCLE
  8
MIX
 10
93.3388
 20
190.2108
 40
0.2821
  0
CIRCLE
  8
MIX
 10
-145.4481
 20
8.6180
 40
0.6598
  0
CIRCLE
  8
MIX
 10
162.7085
 20
-27.8805
 40
0.1914
  0
CIRCLE
  8
MIX
 10
278.4229
 20
-102.3411
 40
0.5743
  0
CIRCLE
  8
MIX
 10
141.4829
 20
-86.8252
 40
0.1550
  0
CIRCLE
  8
MIX
 10
66.4349
 20
23.6890
 40
0.6339
  0
CIRCLE
  8
MIX
 10
139.3332
 20
-11.5708
 40
0.5712
  0
CIRCLE
  8
MIX
 10
-60.7619
 20
-80.3347
 40
0.1555
  0
CIRCLE
  8
MIX
 10
160.8485
 20
-21.7231
 40
0.2487
  0
CIRCLE
  8
MIX
 10
-105.1348
 20
186.7316
 40
0.1777
  0
CIRCLE
  8
MIX
 10
225.4000
 20
-12.8805
 40
0.8138
  0
CIRCLE
  8
MIX
 10
196.4988
 20
181.4872
 40
0.2943
  0
CIRCLE
  8
MIX
 10
-15.5786
 20
51.5291
 40
0.6878
  0
CIRCLE
  8
MIX
 10
-236.5128
 20
-167.0031
 40
0.5686
  0
CIRCLE
  8
MIX
 10
-23.8493
 20
101.3128
 40
0.2921
  0
CIRCLE
  8
MIX
 10
-203.4975
 20
168.4861
 40
0.6702
  0
CIRCLE
  8
MIX
 10
-137.4886
 20
-185.3613
 40
0.7468
  0
CIRCLE
  8
MIX
 10
5.5713
 20
130.1190
 40
0.6460
  0
CIRCLE
  8
MIX
 10
-19.5972
 20
-175.8938
 40
0.7832
  0
CIRCLE
  8
MIX
 10
44.8796
 20
171.0625
 40
0.9377
  0
CIRCLE
  8
MIX
 10
-63.5085
 20
120.5835
 40
0.8952
  0
CIRCLE
  8
MIX
 10
232.0265
 20
-141.5693
 40
0.9247
  0
CIRCLE
  8
MIX
 10
86.8766
 20
-37.9529
 40
0.4405
  0
CIRCLE
  8
MIX
 10
233.0133
 20
-85.0581
 40
0.6161
  0
CIRCLE
  8
MIX
 10
117.0090
 20
141.7847
 40
0.5777
  0
CIRCLE
  8
MIX
 10
-71.0384
 20
-168.5440
 40
0.7550
  0
CIRCLE
  8
MIX
 10
109.2134
 20
-119.5755
 40
0.6210
  0
CIRCLE
  8
MIX
 10
-202.3963
 20
-109.7683
 40
0.9097
  0
CIRCLE
  8
MIX
 10
-278.6420
 20
175.5642
 40
0.3618
  0
CIRCLE
  8
MIX
 10
-286.7636
 20
125.0152
 40
0.6664
  0
CIRCLE
  8
MIX
 10
-143.1273
 20
-2.4349
 40
0.8371
  0
CIRCLE
  8
MIX
 10
4.3137
 20
-19.8153
 40
0.8361
  0
CIRCLE
  8
MIX
 10
59.6984
 20
76.5751
 40
0.5116
  0
CIRCLE
  8
MIX
 10
19.4379
 20
-171.6192
 40
0.3611
  0
CIRCLE
  8
MIX
 10
-235.9040
 20
180.3200
 40
0.8790
  0
CIRCLE
  8
MIX
 10
11.4354
 20
-64.3934
 40
0.8622
  0
CIRCLE
  8
MIX
 10
-115.1890
 20
-139.1073
 40
0.3702
  0
CIRCLE
  8
MIX
 10
186.7198
 20
-134.0784
 40
0.2446
  0
CIRCLE
  8
MIX
 10
144.1242
 20
97.9309
 40
0.6775
  0
CIRCLE
  8
MIX
 10
164.5123
 20
-194.1536
 40
0.4769
  0
CIRCLE
  8
MIX
 10
-124.9259
 20
-138.5479
 40
0.8074
  0
CIRCLE
  8
MIX
 10
28.9427
 20
-117.3268
 40
0.3581
  0
CIRCLE
  8
MIX
 10
-249.1436
 20
-13.5377
 40
0.8019
  0
CIRCLE
  8
MIX
 10
-292.1429
 20
192.3059
 40
0.3499
  0
CIRCLE
  8
MIX
 10
165.3517
 20
-40.4779
 40
0.5180
  0
CIRCLE
  8
MIX
 10
-223.4468
 20
-117.7289
 40
0.3524
  0
CIRCLE
  8
MIX
 10
-64.8619
 20
80.9880
 40
0.9658
  0
CIRCLE
  8
MIX
 10
-6.0993
 20
45.4059
 40
0.6045
  0
CIRCLE
  8
MIX
 10
15.4781
 20
-48.0988
 40
0.3258
  0
CIRCLE
  8
MIX
 10
-116.3620
 20
-49.3153
 40
0.3160
  0
CIRCLE
  8
MIX
 10
-262.1351
 20
-102.2814
 40
0.2823
  0
CIRCLE
  8
MIX
 10
-213.6887
 20
60.9478
 40
0.7556
  0
CIRCLE
  8
MIX
 10
151.0285
 20
188.5232
 40
0.3279
  0
CIRCLE
  8
MIX
 10
128.5918
 20
174.1901
 40
0.9982
  0
CIRCLE
  8
MIX
 10
7.0913
 20
-86.7419
 40
0.8925
  0
CIRCLE
  8
MIX
 10
227.8204
 20
36.8061
 40
0.4890
  0
CIRCLE
  8
MIX
 10
-243.9384
 20
-139.8380
 40
0.6368
  0
CIRCLE
  8
MIX
 10
91.8358
 20
-64.9821
 40
0.6892
  0
CIRCLE
  8
MIX
 10
111.3299
 20
193.1770
 40
0.8604
  0
CIRCLE
  8
MIX
 10
168.6930
 20
-194.1082
 40
0.8844
  0
CIRCLE
  8
MIX
 10
-137.4771
 20
-129.0802
 40
0.7521
  0
CIRCLE
  8
MIX
 10
-150.9758
 20
-136.8850
 40
0.8983
  0
CIRCLE
  8
MIX
 10
26.2297
 20
77.0891
 40
0.9054
  0
CIRCLE
  8
MIX
 10
16.7804
 20
-93.6788
 40
0.1579
  0
CIRCLE
  8
MIX
 10
-194.0047
 20
-124.8107
 40
0.6709
  0
CIRCLE
  8
MIX
 10
13.1773
 20
167.4565
 40
0.2431
  0
CIRCLE
  8
MIX
 10
216.8214
 20
102.4199
 40
0.6673
  0
CIRCLE
  8
MIX
 10
115.0918
 20
-95.2690
 40
0.5260
  0
CIRCLE
  8
MIX
 10
262.4851
 20
-76.2249
 40
0.4696
  0
CIRCLE
  8
MIX
 10
-35.8232
 20
185.3465
 40
0.5882
  0
CIRCLE
  8
MIX
 10
292.5160
 20
134.0538
 40
0.5749
  0
CIRCLE
  8
MIX
 10
7.8239
 20
-106.3260
 40
0.7179
  0
CIRCLE
  8
MIX
 10
125.9307
 20
-191.1362
 40
0.6134
  0
CIRCLE
  8
MIX
 10
-110.9373
 20
-106.8556
 40
0.5998
  0
CIRCLE
  8
MIX
 10
67.0446
 20
-47.9523
 40
0.3118
  0
CIRCLE
  8
MIX
 10
-59.2161
 20
-40.9653
 40
0.9364
  0
CIRCLE
  8
MIX
 10
151.1207
 20
-77.4722
 40
0.5784
  0
CIRCLE
  8
MIX
 10
161.5685
 20
26.8545
 40
0.7520
  0
CIRCLE
  8
MIX
 10
-129.4718
 20
164.5985
 40
0.6025
  0
CIRCLE
  8
MIX
 10
-252.8543
 20
18.4027
 40
0.7461
  0
CIRCLE
  8
MIX
 10
31.7109
 20
-161.5467
 40
0.5929
  0
CIRCLE
  8
MIX
 10
144.3311
 20
-3.9837
 40
0.9022
  0
CIRCLE
  8
MIX
 10
205.8628
 20
-51.5480
 40
0.1608
  0
CIRCLE
  8
MIX
 10
4.4746
 20
-103.6604
 40
0.5380
  0
CIRCLE
  8
MIX
 10
68.0257
 20
-8.4226
 40
0.6805
  0
CIRCLE
  8
MIX
 10
-27.7843
 20
-10.6670
 40
0.8716
  0
CIRCLE
  8
MIX
 10
-43.3913
 20
13.9408
 40
0.4738
  0
CIRCLE
  8
MIX
 10
23.9596
 20
87.4787
 40
0.6494
  0
CIRCLE
  8
MIX
 10
-5.6681
 20
-64.6766
 40
0.9639
  0
CIRCLE
  8
MIX
 10
-269.8101
 20
-174.5236
 40
0.4473
  0
CIRCLE
  8
MIX
 10
-271.4285
 20
-113.1611
 40
0.9143
  0
CIRCLE
  8
MIX
 10
-82.2098
 20
-46.6068
 40
0.2887
  0
CIRCLE
  8
MIX
 10
220.2733
 20
111.1208
 40
0.8111
  0
CIRCLE
  8
MIX
 10
174.1869
 20
167.5043
 40
0.7436
  0
CIRCLE
  8
MIX
 10
92.2618
 20
-145.7810
 40
0.2543
  0
CIRCLE
  8
MIX
 10
125.6152
 20
44.1732
 40
0.5429
  0
CIRCLE
  8
MIX
 10
-173.8473
 20
-170.1015
 40
0.7826
  0
CIRCLE
  8
MIX
 10
-1.6055
 20
-175.6711
 40
0.7874
  0
CIRCLE
  8
MIX
 10
128.4213
 20
176.5028
 40
0.6729
  0
CIRCLE
  8
MIX
 10
-253.9794
 20
-169.3549
 40
0.8691
  0
CIRCLE
  8
MIX
 10
106.7491
 20
-39.7623
 40
0.7116
  0
CIRCLE
  8
MIX
 10
287.4069
 20
-172.3260
 40
0.6158
  0
CIRCLE
  8
MIX
 10
203.8028
 20
112.8895
 40
0.5799
  0
CIRCLE
  8
MIX
 10
33.9653
 20
-121.8252
 40
0.9966
  0
CIRCLE
  8
MIX
 10
-256.6428
 20
-97.1271
 40
0.4263
  0
CIRCLE
  8
MIX
 10
-53.3219
 20
-182.0428
 40
0.5011
  0
CIRCLE
  8
MIX
 10
219.3917
 20
-107.6501
 40
0.4003
  0
CIRCLE
  8
MIX
 10
250.1109
 20
137.9894
 40
0.1898
  0
CIRCLE
  8
MIX
 10
-161.2624
 20
76.2272
 40
0.6957
  0
CIRCLE
  8
MIX
 10
-170.2877
 20
157.5359
 40
0.7917
  0
CIRCLE
  8
MIX
 10
208.2563
 20
-12.6240
 40
0.8401
  0
CIRCLE
  8
MIX
 10
-107.0168
 20
-123.0436
 40
0.7018
  0
CIRCLE
  8
MIX
 10
174.6644
 20
-117.3285
 40
0.7074
  0
CIRCLE
  8
MIX
 10
-54.5684
 20
-15.2463
 40
0.4825
  0
CIRCLE
  8
MIX
 10
-164.7856
 20
42.6710
 40
0.7785
  0
CIRCLE
  8
MIX
 10
-190.0959
 20
-108.2428
 40
0.5658
  0
CIRCLE
  8
MIX
 10
206.7579
 20
40.1929
 40
0.7105
  0
CIRCLE
  8
MIX
 10
-205.8444
 20
-52.7740
 40
0.7047
  0
CIRCLE
  8
MIX
 10
135.5043
 20
5.9678
 40
0.6563
  0
CIRCLE
  8
MIX
 10
287.6296
 20
48.3926
 40
0.4052
  0
CIRCLE
  8
MIX
 10
-273.7100
 20
29.1610
 40
0.1804
  0
CIRCLE
  8
MIX
 10
-214.3672
 20
-172.2003
 40
0.1989
  0
CIRCLE
  8
MIX
 10
-85.3534
 20
-36.8345
 40
0.6575
  0
CIRCLE
  8
MIX
 10
-171.3669
 20
-187.0416
 40
0.9107
  0
CIRCLE
  8
MIX
 10
-276.3504
 20
-71.1205
 40
0.9899
  0
CIRCLE
  8
MIX
 10
217.5599
 20
191.6279
 40
0.8598
  0
CIRCLE
  8
MIX
 10
176.6852
 20
54.9678
 40
0.4023
  0
CIRCLE
  8
MIX
 10
-206.0300
 20
-115.3732
 40
0.3627
  0
CIRCLE
  8
MIX
 10
153.1565
 20
123.6105
 40
0.8426
  0
CIRCLE
  8
MIX
 10
-101.9735
 20
-172.2054
 40
0.2179
  0
CIRCLE
  8
MIX
 10
152.9947
 20
97.2147
 40
0.4983
  0
CIRCLE
  8
MIX
 10
-261.3373
 20
116.7740
 40
0.2997
  0
CIRCLE
  8
MIX
 10
-146.0911
 20
-37.2415
 40
0.9029
  0
CIRCLE
  8
MIX
 10
-259.6761
 20
63.9272
 40
0.8454
  0
CIRCLE
  8
MIX
 10
68.8418
 20
-107.9084
 40
0.7699
  0
CIRCLE
  8
MIX
 10
-169.4583
 20
27.1883
 40
0.6607
  0
CIRCLE
  8
MIX
 10
46.3550
 20
164.9027
 40
0.9794
  0
CIRCLE
  8
MIX
 10
-156.4461
 20
-72.7639
 40
0.8028
  0
CIRCLE
  8
MIX
 10
119.8876
 20
-147.5946
 40
0.6102
  0
CIRCLE
  8
MIX
 10
-101.5179
 20
-186.7015
 40
0.1506
  0
CIRCLE
  8
MIX
 10
139.2742
 20
-89.6360
 40
0.2451
  0
CIRCLE
  8
MIX
 10
107.4764
 20
-139.5838
 40
0.2126
  0
CIRCLE
  8
MIX
 10
175.8198
 20
-193.8848
 40
0.5276
  0
CIRCLE
  8
MIX
 10
290.9714
 20
-16.6404
 40
0.1579
  0
CIRCLE
  8
MIX
 10
246.8557
 20
41.9948
 40
0.6523
  0
CIRCLE
  8
MIX
 10
-24.9674
 20
-84.1502
 40
0.8266
  0
CIRCLE
  8
MIX
 10
-286.6999
 20
-106.6971
 40
0.9807
  0
CIRCLE
  8
MIX
 10
-9.0529
 20
-140.4681
 40
0.7743
  0
CIRCLE
  8
MIX
 10
-259.4375
 20
-191.1210
 40
0.4239
  0
CIRCLE
  8
MIX
 10
270.9811
 20
-3.4517
 40
0.5241
  0
CIRCLE
  8
MIX
 10
135.4165
 20
-137.2259
 40
0.9728
  0
CIRCLE
  8
MIX
 10
117.8417
 20
83.7936
 40
0.8440
  0
CIRCLE
  8
MIX
 10
-254.5314
 20
132.6294
 40
0.2812
  0
CIRCLE
  8
MIX
 10
-219.9141
 20
157.2685
 40
0.4057
  0
CIRCLE
  8
MIX
 10
129.8263
 20
-99.5253
 40
0.1507
  0
CIRCLE
  8
MIX
 10
2.7718
 20
22.6217
 40
0.7935
  0
CIRCLE
  8
MIX
 10
85.7551
 20
50.9709
 40
0.4377
  0
CIRCLE
  8
MIX
 10
153.2911
 20
-45.7567
 40
0.9218
  0
CIRCLE
  8
MIX
 10
-207.2212
 20
76.9114
 40
0.9286
  0
CIRCLE
  8
MIX
 10
-132.1909
 20
-118.6192
 40
0.6186
  0
CIRCLE
  8
MIX
 10
-230.9449
 20
98.2955
 40
0.8206
  0
CIRCLE
  8
MIX
 10
-14.6771
 20
-73.0377
 40
0.4506
  0
CIRCLE
  8
MIX
 10
41.2034
 20
-14.2359
 40
0.7822
  0
CIRCLE
  8
MIX
 10
245.2714
 20
-15.6444
 40
0.2806
  0
CIRCLE
  8
MIX
 10
-225.6667
 20
57.8779
 40
0.3989
  0
CIRCLE
  8
MIX
 10
-87.8464
 20
-89.5585
 40
0.8125
  0
CIRCLE
  8
MIX
 10
60.0523
 20
-49.1236
 40
0.9833
  0
CIRCLE
  8
MIX
 10
-222.0295
 20
11.3663
 40
0.8378
  0
CIRCLE
  8
MIX
 10
122.9883
 20
165.4391
 40
0.4293
  0
CIRCLE
  8
MIX
 10
161.7678
 20
-8.5818
 40
0.8375
  0
CIRCLE
  8
MIX
 10
-42.9155
 20
-86.1866
 40
0.6703
  0
CIRCLE
  8
MIX
 10
-173.6459
 20
6.9030
 40
0.8141
  0
CIRCLE
  8
MIX
 10
27.8648
 20
-171.2556
 40
0.7002
  0
CIRCLE
  8
MIX
 10
16.6649
 20
-23.0910
 40
0.3231
  0
CIRCLE
  8
MIX
 10
162.2788
 20
109.1728
 40
0.8247
  0
CIRCLE
  8
MIX
 10
-176.5193
 20
102.7172
 40
0.5807
  0
CIRCLE
  8
MIX
 10
179.8643
 20
-177.0753
 40
0.3835
  0
CIRCLE
  8
MIX
 10
91.5398
 20
68.5695
 40
0.5969
  0
CIRCLE
  8
MIX
 10
24.0627
 20
29.8374
 40
0.6491
  0
CIRCLE
  8
MIX
 10
63.7631
 20
-10.1921
 40
0.7537
  0
CIRCLE
  8
MIX
 10
36.8395
 20
76.2075
 40
0.2252
  0
CIRCLE
  8
MIX
 10
-225.4253
 20
171.2916
 40
0.2239
  0
CIRCLE
  8
MIX
 10
119.5457
 20
179.3572
 40
0.7173
  0
CIRCLE
  8
MIX
 10
-3.5804
 20
150.7397
 40
0.5831
  0
CIRCLE
  8
MIX
 10
-205.5370
 20
175.7458
 40
0.6845
  0
CIRCLE
  8
MIX
 10
175.7830
 20
139.4761
 40
0.9716
  0
CIRCLE
  8
MIX
 10
110.9441
 20
-6.3531
 40
0.4908
  0
CIRCLE
  8
MIX
 10
-140.4307
 20
38.2306
 40
0.1845
  0
CIRCLE
  8
MIX
 10
-96.2449
 20
168.2324
 40
0.4025
  0
CIRCLE
  8
MIX
 10
210.8411
 20
-50.5799
 40
0.4716
  0
CIRCLE
  8
MIX
 10
205.3839
 20
-60.8121
 40
0.3236
  0
CIRCLE
  8
MIX
 10
215.9094
 20
-109.0536
 40
0.6915
  0
CIRCLE
  8
MIX
 10
144.9592
 20
-185.0138
 40
0.6594
  0
CIRCLE
  8
MIX
 10
293.8456
 20
151.2535
 40
0.2938
  0
CIRCLE
  8
MIX
 10
-179.7287
 20
-0.0781
 40
0.6489
  0
CIRCLE
  8
MIX
 10
145.9128
 20
-187.5599
 40
0.2292
  0
CIRCLE
  8
MIX
 10
-27.5466
 20
116.1990
 40
0.6532
  0
CIRCLE
  8
MIX
 10
87.4348
 20
28.8649
 40
0.7697
  0
CIRCLE
  8
MIX
 10
-258.5838
 20
-169.9772
 40
0.8194
  0
CIRCLE
  8
MIX
 10
-130.5184
 20
74.1731
 40
0.1850
  0
CIRCLE
  8
MIX
 10
-219.6167
 20
194.0304
 40
0.3059
  0
CIRCLE
  8
MIX
 10
63.7098
 20
61.2528
 40
0.2305
  0
CIRCLE
  8
MIX
 10
196.0971
 20
194.7355
 40
0.4954
  0
CIRCLE
  8
MIX
 10
291.9959
 20
168.5562
 40
0.9801
  0
CIRCLE
  8
MIX
 10
83.7062
 20
-20.7630
 40
0.5330
  0
CIRCLE
  8
MIX
 10
-185.6054
 20
-126.2596
 40
0.5988
  0
CIRCLE
  8
MIX
 10
-51.7441
 20
56.4683
 40
0.9523
  0
CIRCLE
  8
MIX
 10
-64.3057
 20
182.9467
 40
0.9659
  0
CIRCLE
  8
MIX
 10
34.3323
 20
-158.9750
 40
0.6809
  0
CIRCLE
  8
MIX
 10
-86.3283
 20
-167.5094
 40
0.4475
  0
CIRCLE
  8
MIX
 10
48.0076
 20
-151.6731
 40
0.7012
  0
CIRCLE
  8
MIX
 10
42.3244
 20
70.5416
 40
0.5989
  0
CIRCLE
  8
MIX
 10
-62.9488
 20
194.8126
 40
0.9173
  0
CIRCLE
  8
MIX
 10
272.1312
 20
-189.2399
 40
0.4152
  0
CIRCLE
  8
MIX
 10
232.6554
 20
-167.7227
 40
0.6444
  0
CIRCLE
  8
MIX
 10
17.9996
 20
-0.8984
 40
0.8694
  0
CIRCLE
  8
MIX
 10
-255.0691
 20
27.5897
 40
0.7822
  0
CIRCLE
  8
MIX
 10
15.2707
 20
160.3283
 40
0.3927
  0
CIRCLE
  8
MIX
 10
-128.6041
 20
184.1249
 40
0.4104
  0
CIRCLE
  8
MIX
 10
-93.7993
 20
83.4446
 40
0.6860
  0
CIRCLE
  8
MIX
 10
-31.1223
 20
105.5639
 40
0.8303
  0
CIRCLE
  8
MIX
 10
84.9827
 20
-23.4592
 40
0.6183
  0
CIRCLE
  8
MIX
 10
-289.0957
 20
-107.5020
 40
0.2385
  0
CIRCLE
  8
MIX
 10
-270.1397
 20
-47.3527
 40
0.8922
  0
CIRCLE
  8
MIX
 10
-68.9577
 20
53.7778
 40
0.2755
  0
CIRCLE
  8
MIX
 10
27.4692
 20
30.4020
 40
0.5478
  0
CIRCLE
  8
MIX
 10
-206.0148
 20
-55.9783
 40
0.2590
  0
CIRCLE
  8
MIX
 10
-1.5348
 20
-32.1097
 40
0.9177
  0
CIRCLE
  8
MIX
 10
-203.2371
 20
142.3873
 40
0.9678
  0
CIRCLE
  8
MIX
 10
196.0185
 20
-3.8423
 40
0.8366
  0
CIRCLE
  8
MIX
 10
-161.5220
 20
81.8721
 40
0.4883
  0
CIRCLE
  8
MIX
 10
-288.8825
 20
-138.1143
 40
0.8391
  0
CIRCLE
  8
MIX
 10
134.7291
 20
89.2874
 40
0.4129
  0
CIRCLE
  8
MIX
 10
242.0827
 20
77.8022
 40
0.5988
  0
CIRCLE
  8
MIX
 10
-191.3973
 20
69.8958
 40
0.1861
  0
CIRCLE
  8
MIX
 10
281.4890
 20
125.8240
 40
0.8032
  0
CIRCLE
  8
MIX
 10
130.0576
 20
-136.2270
 40
0.3140
  0
CIRCLE
  8
MIX
 10
-186.9055
 20
172.9491
 40
0.3825
  0
CIRCLE
  8
MIX
 10
-114.0639
 20
-180.5163
 40
0.7420
  0
CIRCLE
  8
MIX
 10
-84.3921
 20
-35.2219
 40
0.3890
  0
CIRCLE
  8
MIX
 10
-0.0356
 20
-129.0776
 40
0.5974
  0
CIRCLE
  8
MIX
 10
0.4588
 20
47.5032
 40
0.4749
  0
CIRCLE
  8
MIX
 10
-67.7972
 20
-48.6140
 40
0.5402
  0
CIRCLE
  8
MIX
 10
-151.5843
 20
-122.4978
 40
0.9094
  0
CIRCLE
  8
MIX
 10
-113.2775
 20
41.3911
 40
0.3016
  0
CIRCLE
  8
MIX
 10
246.1579
 20
-100.4295
 40
0.7263
  0
CIRCLE
  8
MIX
 10
11.0711
 20
-120.3432
 40
0.4198
  0
CIRCLE
  8
MIX
 10
-109.9697
 20
-48.4378
 40
0.4797
  0
CIRCLE
  8
MIX
 10
187.5925
 20
-113.6968
 40
0.7895
  0
CIRCLE
  8
MIX
 10
-128.5924
 20
106.0434
 40
0.8574
  0
CIRCLE
  8
MIX
 10
291.1402
 20
59.9142
 40
0.5281
  0
CIRCLE
  8
MIX
 10
-32.3460
 20
-20.2642
 40
0.1549
  0
CIRCLE
  8
MIX
 10
-273.5866
 20
-178.0722
 40
0.3660
  0
CIRCLE
  8
MIX
 10
115.8014
 20
-79.6999
 40
0.6384
  0
CIRCLE
  8
MIX
 10
127.3062
 20
29.1048
 40
0.3855
  0
CIRCLE
  8
MIX
 10
-135.9365
 20
-101.3802
 40
0.7609
  0
CIRCLE
  8
MIX
 10
266.5402
 20
-26.1719
 40
0.4085
  0
CIRCLE
  8
MIX
 10
-79.6193
 20
154.4543
 40
0.6053
  0
CIRCLE
  8
MIX
 10
-47.3058
 20
48.9594
 40
0.8086
  0
CIRCLE
  8
MIX
 10
268.6196
 20
25.3816
 40
0.2230
  0
CIRCLE
  8
MIX
 10
199.8179
 20
-114.8291
 40
0.1935
  0
CIRCLE
  8
MIX
 10
223.0682
 20
-135.4070
 40
0.1502
  0
CIRCLE
  8
MIX
 10
-121.6554
 20
-69.6719
 40
0.8113
  0
CIRCLE
  8
MIX
 10
291.7333
 20
-16.4066
 40
0.7665
  0
CIRCLE
  8
MIX
 10
71.2772
 20
18.8835
 40
0.5270
  0
CIRCLE
  8
MIX
 10
-30.0984
 20
-127.5593
 40
0.4518
  0
CIRCLE
  8
MIX
 10
-187.1589
 20
120.5810
 40
0.8789
  0
CIRCLE
  8
MIX
 10
-131.2726
 20
84.0848
 40
0.9427
  0
CIRCLE
  8
MIX
 10
-175.7591
 20
-101.6541
 40
0.1621
  0
CIRCLE
  8
MIX
 10
-209.4935
 20
21.8860
 40
0.5842
  0
CIRCLE
  8
MIX
 10
-280.9330
 20
191.2633
 40
0.6365
  0
CIRCLE
  8
MIX
 10
-155.9706
 20
151.7539
 40
0.5552
  0
CIRCLE
  8
MIX
 10
-194.4724
 20
16.3056
 40
0.8596
  0
CIRCLE
  8
MIX
 10
81.2446
 20
-116.1901
 40
0.2180
  0
CIRCLE
  8
MIX
 10
100.2784
 20
-191.8080
 40
0.6055
  0
CIRCLE
  8
MIX
 10
-98.3660
 20
-45.7288
 40
0.2393
  0
CIRCLE
  8
MIX
 10
165.4408
 20
16.7023
 40
0.8277
  0
CIRCLE
  8
MIX
 10
4.4747
 20
-52.3480
 40
0.6528
  0
CIRCLE
  8
MIX
 10
152.6810
 20
51.1808
 40
0.3202
  0
CIRCLE
  8
MIX
 10
112.7730
 20
123.6173
 40
0.8203
  0
CIRCLE
  8
MIX
 10
72.2305
 20
-110.9091
 40
0.8950
  0
CIRCLE
  8
MIX
 10
77.3653
 20
143.1521
 40
0.5960
  0
CIRCLE
  8
MIX
 10
166.6981
 20
25.5825
 40
0.7985
  0
CIRCLE
  8
MIX
 10
-223.2707
 20
-73.6110
 40
0.3529
  0
CIRCLE
  8
MIX
 10
225.7152
 20
190.3489
 40
0.6027
  0
CIRCLE
  8
MIX
 10
108.6952
 20
140.7055
 40
0.5254
  0
CIRCLE
  8
MIX
 10
-285.8814
 20
-107.1660
 40
0.2377
  0
CIRCLE
  8
MIX
 10
-84.2665
 20
133.8126
 40
0.7678
  0
CIRCLE
  8
MIX
 10
59.7511
 20
-156.6428
 40
0.9218
  0
CIRCLE
  8
MIX
 10
-122.9203
 20
-166.2308
 40
0.1509
  0
CIRCLE
  8
MIX
 10
-26.6902
 20
192.1936
 40
0.2802
  0
CIRCLE
  8
MIX
 10
149.8793
 20
-62.5983
 40
0.7767
  0
CIRCLE
  8
MIX
 10
198.2370
 20
7.3402
 40
0.9790
  0
CIRCLE
  8
MIX
 10
209.0600
 20
161.7562
 40
0.2645
  0
CIRCLE
  8
MIX
 10
-40.3146
 20
0.8572
 40
0.6703
  0
CIRCLE
  8
MIX
 10
-147.0036
 20
61.1980
 40
0.5636
  0
CIRCLE
  8
MIX
 10
-215.6586
 20
89.5545
 40
0.3987
  0
CIRCLE
  8
MIX
 10
50.4940
 20
-53.1447
 40
0.2911
  0
CIRCLE
  8
MIX
 10
-266.3856
 20
184.6402
 40
0.4964
  0
CIRCLE
  8
MIX
 10
215.4178
 20
-153.4703
 40
0.8627
  0
CIRCLE
  8
MIX
 10
-162.3598
 20
-146.9879
 40
0.5946
  0
CIRCLE
  8
MIX
 10
169.6847
 20
-176.7853
 40
0.2810
  0
CIRCLE
  8
MIX
 10
-237.0413
 20
-143.5858
 40
0.8393
  0
CIRCLE
  8
MIX
 10
4.5796
 20
70.2290
 40
0.6995
  0
CIRCLE
  8
MIX
 10
-101.1485
 20
-70.0737
 40
0.4676
  0
CIRCLE
  8
MIX
 10
235.6847
 20
-38.0741
 40
0.3574
  0
CIRCLE
  8
MIX
 10
72.4276
 20
94.4846
 40
0.6723
  0
CIRCLE
  8
MIX
 10
-60.6109
 20
52.2425
 40
0.1976
  0
CIRCLE
  8
MIX
 10
-293.1439
 20
-124.4320
 40
0.2439
  0
CIRCLE
  8
MIX
 10
-89.7863
 20
-59.7536
 40
0.4073
  0
CIRCLE
  8
MIX
 10
156.9358
 20
-81.9030
 40
0.3831
  0
CIRCLE
  8
MIX
 10
209.3014
 20
33.5750
 40
0.8272
  0
CIRCLE
  8
MIX
 10
247.6902
 20
112.2199
 40
0.4107
  0
CIRCLE
  8
MIX
 10
136.6276
 20
-61.5024
 40
0.6813
  0
CIRCLE
  8
MIX
 10
-248.8469
 20
132.2604
 40
0.5121
  0
CIRCLE
  8
MIX
 10
154.0395
 20
110.5014
 40
0.9964
  0
CIRCLE
  8
MIX
 10
-9.8013
 20
-122.0852
 40
0.9819
  0
CIRCLE
  8
MIX
 10
-75.6255
 20
-86.9234
 40
0.9900
  0
CIRCLE
  8
MIX
 10
252.4327
 20
39.0739
 40
0.7292
  0
CIRCLE
  8
MIX
 10
-25.1029
 20
75.9869
 40
0.6124
  0
CIRCLE
  8
MIX
 10
118.0360
 20
-130.3521
 40
0.8021
  0
CIRCLE
  8
MIX
 10
152.3780
 20
-170.9819
 40
0.8618
  0
CIRCLE
  8
MIX
 10
-190.6938
 20
-102.2547
 40
0.2420
  0
CIRCLE
  8
MIX
 10
-76.4397
 20
34.2510
 40
0.6149
  0
CIRCLE
  8
MIX
 10
-177.2985
 20
135.7484
 40
0.4219
  0
CIRCLE
  8
MIX
 10
249.7825
 20
-59.4548
 40
0.9010
  0
CIRCLE
  8
MIX
 10
162.7325
 20
-19.5120
 40
0.4086
  0
CIRCLE
  8
MIX
 10
-210.6133
 20
-100.5861
 40
0.9062
  0
CIRCLE
  8
MIX
 10
187.2984
 20
-42.9012
 40
0.6018
  0
CIRCLE
  8
MIX
 10
-132.4997
 20
-86.9543
 40
0.9105
  0
CIRCLE
  8
MIX
 10
-37.7126
 20
136.4849
 40
0.5470
  0
CIRCLE
  8
MIX
 10
31.0792
 20
-15.8381
 40
0.5317
  0
CIRCLE
  8
MIX
 10
85.7025
 20
21.8901
 40
0.8273
  0
CIRCLE
  8
MIX
 10
248.9959
 20
64.9113
 40
0.9673
  0
CIRCLE
  8
MIX
 10
-275.5164
 20
71.1057
 40
0.4649
  0
CIRCLE
  8
MIX
 10
293.6915
 20
9.3709
 40
0.9863
  0
CIRCLE
  8
MIX
 10
266.8282
 20
-16.4017
 40
0.9446
  0
CIRCLE
  8
MIX
 10
-286.2526
 20
12.6787
 40
0.1663
  0
CIRCLE
  8
MIX
 10
235.4055
 20
-37.4339
 40
0.7019
  0
CIRCLE
  8
MIX
 10
196.9031
 20
-89.3771
 40
0.3479
  0
CIRCLE
  8
MIX
 10
228.6807
 20
-103.1275
 40
0.9469
  0
CIRCLE
  8
MIX
 10
-208.1800
 20
-52.0923
 40
0.9197
  0
CIRCLE
  8
MIX
 10
94.8486
 20
63.2153
 40
0.4070
  0
CIRCLE
  8
MIX
 10
-94.4982
 20
162.5558
 40
0.3663
  0
CIRCLE
  8
MIX
 10
-78.1208
 20
181.0197
 40
0.3223
  0
CIRCLE
  8
MIX
 10
-97.0091
 20
-170.7642
 40
0.7782
  0
CIRCLE
  8
MIX
 10
164.1510
 20
77.6405
 40
0.8453
  0
CIRCLE
  8
MIX
 10
58.0100
 20
-73.0175
 40
0.6062
  0
CIRCLE
  8
MIX
 10
-262.6580
 20
25.7752
 40
0.4936
  0
CIRCLE
  8
MIX
 10
68.8623
 20
158.0459
 40
0.9102
  0
CIRCLE
  8
MIX
 10
-35.0977
 20
84.7751
 40
0.8548
  0
CIRCLE
  8
MIX
 10
-255.6063
 20
105.7164
 40
0.9243
  0
CIRCLE
  8
MIX
 10
197.8182
 20
-190.9546
 40
0.7094
  0
CIRCLE
  8
MIX
 10
171.4003
 20
11.1849
 40
0.4569
  0
CIRCLE
  8
MIX
 10
280.7201
 20
-103.8022
 40
0.7481
  0
CIRCLE
  8
MIX
 10
-221.2090
 20
-145.9579
 40
0.8287
  0
CIRCLE
  8
MIX
 10
117.9549
 20
31.3108
 40
0.2681
  0
CIRCLE
  8
MIX
 10
-93.6632
 20
-100.8294
 40
0.7981
  0
CIRCLE
  8
MIX
 10
-40.7199
 20
177.8119
 40
0.9799
  0
CIRCLE
  8
MIX
 10
-71.8032
 20
-124.2321
 40
0.8499
  0
CIRCLE
  8
MIX
 10
-37.4130
 20
-3.6228
 40
0.8334
  0
CIRCLE
  8
MIX
 10
-255.1271
 20
53.3237
 40
0.8459
  0
CIRCLE
  8
MIX
 10
-13.2126
 20
-112.9107
 40
0.1752
  0
CIRCLE
  8
MIX
 10
293.0431
 20
-114.2025
 40
0.4232
  0
CIRCLE
  8
MIX
 10
-272.0632
 20
53.1611
 40
0.4745
  0
CIRCLE
  8
MIX
 10
-27.8809
 20
150.2644
 40
0.6046
  0
CIRCLE
  8
MIX
 10
-117.9230
 20
-16.9302
 40
0.9389
  0
CIRCLE
  8
MIX
 10
220.6107
 20
51.1596
 40
0.8099
  0
CIRCLE
  8
MIX
 10
-154.5876
 20
98.1982
 40
0.3875
  0
CIRCLE
  8
MIX
 10
-114.2865
 20
47.2086
 40
0.9099
  0
CIRCLE
  8
MIX
 10
72.5301
 20
161.3013
 40
0.8414
  0
CIRCLE
  8
MIX
 10
227.2107
 20
36.4312
 40
0.7585
  0
CIRCLE
  8
MIX
 10
-257.3105
 20
103.5625
 40
0.6316
  0
CIRCLE
  8
MIX
 10
123.0507
 20
126.5027
 40
0.4372
  0
CIRCLE
  8
MIX
 10
18.9953
 20
130.9083
 40
0.8013
  0
CIRCLE
  8
MIX
 10
-279.9272
 20
4.4929
 40
0.2328
  0
CIRCLE
  8
MIX
 10
201.7677
 20
49.8825
 40
0.7385
  0
CIRCLE
  8
MIX
 10
170.5641
 20
42.8348
 40
0.8436
  0
CIRCLE
  8
MIX
 10
-148.0995
 20
-14.0216
 40
0.6105
  0
CIRCLE
  8
MIX
 10
124.8783
 20
-71.4454
 40
0.7582
  0
CIRCLE
  8
MIX
 10
18.6854
 20
-40.8574
 40
0.2263
  0
CIRCLE
  8
MIX
 10
-76.5060
 20
-68.4419
 40
0.7312
  0
CIRCLE
  8
MIX
 10
5.7437
 20
-121.5493
 40
0.2206
  0
CIRCLE
  8
MIX
 10
-280.1249
 20
6.3875
 40
0.7125
  0
CIRCLE
  8
MIX
 10
184.5835
 20
136.9573
 40
0.4274
  0
CIRCLE
  8
MIX
 10
-290.4165
 20
141.5660
 40
0.3478
  0
CIRCLE
  8
MIX
 10
124.1505
 20
174.6974
 40
0.3386
  0
CIRCLE
  8
MIX
 10
-187.4877
 20
92.7005
 40
0.4637
  0
CIRCLE
  8
MIX
 10
192.8035
 20
-20.9943
 40
0.9617
  0
CIRCLE
  8
MIX
 10
-24.8635
 20
41.1551
 40
0.2614
  0
CIRCLE
  8
MIX
 10
-17.3147
 20
-37.0172
 40
0.5492
  0
CIRCLE
  8
MIX
 10
-290.4684
 20
160.5994
 40
0.3800
  0
CIRCLE
  8
MIX
 10
281.7087
 20
131.3131
 40
0.7642
  0
CIRCLE
  8
MIX
 10
-233.1230
 20
150.3140
 40
0.6255
  0
CIRCLE
  8
MIX
 10
161.6042
 20
163.9901
 40
0.4113
  0
CIRCLE
  8
MIX
 10
116.4535
 20
98.0648
 40
0.6651
  0
CIRCLE
  8
MIX
 10
117.9151
 20
119.0687
 40
0.3988
  0
CIRCLE
  8
MIX
 10
-71.9538
 20
-42.1249
 40
0.4217
  0
CIRCLE
  8
MIX
 10
-94.2638
 20
141.6010
 40
0.8976
  0
CIRCLE
  8
MIX
 10
87.3954
 20
70.3877
 40
0.4942
  0
CIRCLE
  8
MIX
 10
59.6210
 20
133.6648
 40
0.2666
  0
CIRCLE
  8
MIX
 10
112.1762
 20
-33.0319
 40
0.7457
  0
CIRCLE
  8
MIX
 10
-66.3183
 20
-83.8827
 40
0.5738
  0
CIRCLE
  8
MIX
 10
81.1591
 20
144.4990
 40
0.3022
  0
CIRCLE
  8
MIX
 10
224.7200
 20
-127.3527
 40
0.7917
  0
CIRCLE
  8
MIX
 10
252.9758
 20
-62.7893
 40
0.4740
  0
CIRCLE
  8
MIX
 10
-36.4861
 20
-2.8889
 40
0.8865
  0
CIRCLE
  8
MIX
 10
-215.4742
 20
16.1318
 40
0.4520
  0
CIRCLE
  8
MIX
 10
-36.6115
 20
2.2629
 40
0.8918
  0
CIRCLE
  8
MIX
 10
-276.2315
 20
-82.9245
 40
0.2768
  0
CIRCLE
  8
MIX
 10
-102.8275
 20
18.0918
 40
0.5059
  0
CIRCLE
  8
MIX
 10
-281.3050
 20
-124.2477
 40
0.9827
  0
CIRCLE
  8
MIX
 10
39.8322
 20
-82.7081
 40
0.8168
  0
CIRCLE
  8
MIX
 10
104.9175
 20
-65.1294
 40
0.7652
  0
CIRCLE
  8
MIX
 10
-259.2642
 20
-109.8234
 40
0.7434
  0
CIRCLE
  8
MIX
 10
9.8057
 20
134.1987
 40
0.7658
  0
CIRCLE
  8
MIX
 10
92.8803
 20
97.8540
 40
0.5630
  0
CIRCLE
  8
MIX
 10
72.6771
 20
-128.2297
 40
0.5378
  0
CIRCLE
  8
MIX
 10
122.7591
 20
-23.0477
 40
0.2896
  0
CIRCLE
  8
MIX
 10
29.4777
 20
-126.0361
 40
0.7700
  0
CIRCLE
  8
MIX
 10
170.1159
 20
7.8734
 40
0.7956
  0
CIRCLE
  8
MIX
 10
127.9076
 20
65.3344
 40
0.3138
  0
CIRCLE
  8
MIX
 10
257.8675
 20
107.7169
 40
0.4424
  0
CIRCLE
  8
MIX
 10
-43.6913
 20
-62.9397
 40
0.4113
  0
CIRCLE
  8
MIX
 10
85.2274
 20
-165.1078
 40
0.8884
  0
CIRCLE
  8
MIX
 10
-221.9098
 20
-123.0466
 40
0.2195
  0
CIRCLE
  8
MIX
 10
-62.2101
 20
171.2863
 40
0.7715
  0
CIRCLE
  8
MIX
 10
294.2671
 20
-14.5952
 40
0.1903
  0
CIRCLE
  8
MIX
 10
83.2717
 20
135.9191
 40
0.1613
  0
CIRCLE
  8
MIX
 10
171.0813
 20
-158.3431
 40
0.6644
  0
CIRCLE
  8
MIX
 10
37.0214
 20
157.5561
 40
0.4383
  0
CIRCLE
  8
MIX
 10
-191.0839
 20
124.6600
 40
0.4430
  0
CIRCLE
  8
MIX
 10
103.5337
 20
-111.0003
 40
0.3256
  0
CIRCLE
  8
MIX
 10
104.0413
 20
-46.2775
 40
0.6733
  0
CIRCLE
  8
MIX
 10
-144.6968
 20
49.0039
 40
0.4182
  0
CIRCLE
  8
MIX
 10
-282.5921
 20
-62.5295
 40
0.9069
  0
CIRCLE
  8
MIX
 10
-55.3280
 20
-114.8013
 40
0.7691
  0
CIRCLE
  8
MIX
 10
175.9776
 20
96.5232
 40
0.7115
  0
CIRCLE
  8
MIX
 10
-55.8949
 20
159.3212
 40
0.5938
  0
CIRCLE
  8
MIX
 10
-156.8156
 20
57.0307
 40
0.2786
  0
CIRCLE
  8
MIX
 10
-18.1632
 20
-129.3221
 40
0.8381
  0
CIRCLE
  8
MIX
 10
57.3382
 20
-149.9489
 40
0.4692
  0
CIRCLE
  8
MIX
 10
-110.6994
 20
-18.6388
 40
0.5658
  0
CIRCLE
  8
MIX
 10
-118.6774
 20
-93.0771
 40
0.4647
  0
CIRCLE
  8
MIX
 10
20.4477
 20
-116.4395
 40
0.7505
  0
CIRCLE
  8
MIX
 10
105.0933
 20
174.5532
 40
0.3418
  0
CIRCLE
  8
MIX
 10
287.2198
 20
41.5908
 40
0.7010
  0
CIRCLE
  8
MIX
 10
-254.5377
 20
-141.8385
 40
0.2527
  0
CIRCLE
  8
MIX
 10
66.3194
 20
45.2681
 40
0.8466
  0
CIRCLE
  8
MIX
 10
-33.2568
 20
-86.2809
 40
0.4727
  0
CIRCLE
  8
MIX
 10
156.2699
 20
143.2337
 40
0.3630
  0
CIRCLE
  8
MIX
 10
-247.7470
 20
-130.6175
 40
0.9528
  0
CIRCLE
  8
MIX
 10
6.8232
 20
-108.9830
 40
0.1610
  0
CIRCLE
  8
MIX
 10
91.6887
 20
145.8563
 40
0.9955
  0
CIRCLE
  8
MIX
 10
201.3086
 20
55.2930
 40
0.8963
  0
CIRCLE
  8
MIX
 10
-75.7421
 20
131.1148
 40
0.2386
  0
CIRCLE
  8
MIX
 10
212.7697
 20
79.1630
 40
0.8235
  0
CIRCLE
  8
MIX
 10
-26.5972
 20
-33.5084
 40
0.7406
  0
CIRCLE
  8
MIX
 10
222.9592
 20
-70.3604
 40
0.9581
  0
CIRCLE
  8
MIX
 10
-242.7473
 20
70.0708
 40
0.9860
  0
CIRCLE
  8
MIX
 10
55.7032
 20
154.0809
 40
0.5715
  0
CIRCLE
  8
MIX
 10
220.8411
 20
-149.1641
 40
0.5959
  0
CIRCLE
  8
MIX
 10
-90.9448
 20
-126.6454
 40
0.2693
  0
CIRCLE
  8
MIX
 10
92.8560
 20
64.3940
 40
0.2894
  0
CIRCLE
  8
MIX
 10
-109.7075
 20
-117.7331
 40
0.2817
  0
CIRCLE
  8
MIX
 10
-77.4730
 20
79.5492
 40
0.2844
  0
CIRCLE
  8
MIX
 10
150.4000
 20
-141.4866
 40
0.2295
  0
CIRCLE
  8
MIX
 10
182.4294
 20
-114.1980
 40
0.7547
  0
CIRCLE
  8
MIX
 10
-43.4920
 20
176.3510
 40
0.3042
  0
CIRCLE
  8
MIX
 10
-58.2492
 20
-153.7554
 40
0.6984
  0
CIRCLE
  8
MIX
 10
-41.9678
 20
176.5987
 40
0.4655
  0
CIRCLE
  8
MIX
 10
-156.8151
 20
169.5602
 40
0.7470
  0
CIRCLE
  8
MIX
 10
-18.7297
 20
-183.2929
 40
0.6066
  0
CIRCLE
  8
MIX
 10
66.3193
 20
130.1674
 40
0.5544
  0
CIRCLE
  8
MIX
 10
284.1806
 20
109.7294
 40
0.1604
  0
CIRCLE
  8
MIX
 10
-207.5633
 20
148.2259
 40
0.5940
  0
CIRCLE
  8
MIX
 10
14.2600
 20
-24.6516
 40
0.6111
  0
CIRCLE
  8
MIX
 10
61.2944
 20
-37.5117
 40
0.3576
  0
CIRCLE
  8
MIX
 10
-205.9004
 20
95.8940
 40
0.6821
  0
CIRCLE
  8
MIX
 10
30.9343
 20
-99.9007
 40
0.9713
  0
CIRCLE
  8
MIX
 10
-212.4258
 20
-118.2051
 40
0.9821
  0
CIRCLE
  8
MIX
 10
218.1563
 20
89.6464
 40
0.7405
  0
CIRCLE
  8
MIX
 10
-209.0303
 20
-9.6250
 40
0.5067
  0
CIRCLE
  8
MIX
 10
-18.7833
 20
-41.6808
 40
0.7218
  0
CIRCLE
  8
MIX
 10
83.9191
 20
-74.3979
 40
0.6974
  0
CIRCLE
  8
MIX
 10
238.8308
 20
152.1813
 40
0.5135
  0
CIRCLE
  8
MIX
 10
-198.9470
 20
-129.4475
 40
0.2085
  0
CIRCLE
  8
MIX
 10
251.9219
 20
-98.4600
 40
0.9362
  0
CIRCLE
  8
MIX
 10
-136.9755
 20
-174.7638
 40
0.1604
  0
CIRCLE
  8
MIX
 10
-281.9827
 20
-127.5094
 40
0.1933
  0
CIRCLE
  8
MIX
 10
-158.7104
 20
-113.7259
 40
0.8591
  0
CIRCLE
  8
MIX
 10
293.9921
 20
82.1288
 40
0.4445
  0
CIRCLE
  8
MIX
 10
-289.0311
 20
-32.0147
 40
0.2874
  0
CIRCLE
  8
MIX
 10
242.2549
 20
119.9507
 40
0.1964
  0
CIRCLE
  8
MIX
 10
-273.4775
 20
142.9784
 40
0.8598
  0
CIRCLE
  8
MIX
 10
79.7106
 20
-77.1802
 40
0.5965
  0
CIRCLE
  8
MIX
 10
52.1021
 20
180.5927
 40
0.6754
  0
CIRCLE
  8
MIX
 10
-20.8358
 20
-83.1614
 40
0.3132
  0
CIRCLE
  8
MIX
 10
228.5400
 20
-150.2395
 40
0.8986
  0
CIRCLE
  8
MIX
 10
70.5081
 20
57.7628
 40
0.2327
  0
CIRCLE
  8
MIX
 10
-31.7472
 20
135.3009
 40
0.3858
  0
CIRCLE
  8
MIX
 10
245.3028
 20
73.4914
 40
0.7006
  0
CIRCLE
  8
MIX
 10
-15.8792
 20
-160.4338
 40
0.8047
  0
CIRCLE
  8
MIX
 10
-65.5240
 20
188.9033
 40
0.4216
  0
CIRCLE
  8
MIX
 10
-185.0907
 20
-59.0073
 40
0.2000
  0
CIRCLE
  8
MIX
 10
176.0709
 20
156.1426
 40
0.8082
  0
CIRCLE
  8
MIX
 10
44.2712
 20
-106.2982
 40
0.5458
  0
CIRCLE
  8
MIX
 10
-280.4752
 20
-66.3665
 40
0.7152
  0
CIRCLE
  8
MIX
 10
-90.9404
 20
54.1178
 40
0.5308
  0
CIRCLE
  8
MIX
 10
166.1062
 20
-134.1294
 40
0.7266
  0
CIRCLE
  8
MIX
 10
-68.1586
 20
47.8495
 40
0.1864
  0
CIRCLE
  8
MIX
 10
-186.8764
 20
-5.3514
 40
0.5494
  0
CIRCLE
  8
MIX
 10
248.3804
 20
-160.9080
 40
0.6469
  0
CIRCLE
  8
MIX
 10
233.6034
 20
112.0984
 40
0.5212
  0
CIRCLE
  8
MIX
 10
49.7075
 20
41.7722
 40
0.8547
  0
CIRCLE
  8
MIX
 10
-145.4403
 20
7.9494
 40
0.2912
  0
CIRCLE
  8
MIX
 10
26.4597
 20
152.8567
 40
0.1928
  0
CIRCLE
  8
MIX
 10
-183.0024
 20
39.0823
 40
0.3424
  0
CIRCLE
  8
MIX
 10
206.7077
 20
-150.1008
 40
0.6877
  0
CIRCLE
  8
MIX
 10
10.6555
 20
149.9250
 40
0.2581
  0
CIRCLE
  8
MIX
 10
133.7432
 20
-76.7148
 40
0.1636
  0
CIRCLE
  8
MIX
 10
-92.5511
 20
108.8248
 40
0.2746
  0
CIRCLE
  8
MIX
 10
253.5206
 20
134.9764
 40
0.5488
  0
CIRCLE
  8
MIX
 10
60.8791
 20
129.4572
 40
0.7124
  0
CIRCLE
  8
MIX
 10
-261.1093
 20
-103.8741
 40
0.9155
  0
CIRCLE
  8
MIX
 10
-134.4358
 20
88.8523
 40
0.1634
  0
CIRCLE
  8
MIX
 10
265.6711
 20
101.9719
 40
0.7400
  0
CIRCLE
  8
MIX
 10
292.7880
 20
-84.0202
 40
0.3069
  0
CIRCLE
  8
MIX
 10
170.2296
 20
10.1662
 40
0.3208
  0
CIRCLE
  8
MIX
 10
-144.2040
 20
98.2931
 40
0.9357
  0
CIRCLE
  8
MIX
 10
-224.1465
 20
174.4225
 40
0.9522
  0
CIRCLE
  8
MIX
 10
243.7412
 20
119.4342
 40
0.2327
  0
CIRCLE
  8
MIX
 10
111.9939
 20
65.3077
 40
0.7011
  0
CIRCLE
  8
MIX
 10
66.9534
 20
190.6930
 40
0.8510
  0
CIRCLE
  8
MIX
 10
-17.2410
 20
-49.5914
 40
0.8257
  0
CIRCLE
  8
MIX
 10
-120.1810
 20
133.0557
 40
0.4961
  0
CIRCLE
  8
MIX
 10
55.0363
 20
-106.7609
 40
0.4444
  0
CIRCLE
  8
MIX
 10
-17.7356
 20
-2.9924
 40
0.9487
  0
CIRCLE
  8
MIX
 10
178.5933
 20
30.3463
 40
0.6141
  0
CIRCLE
  8
MIX
 10
-162.1126
 20
144.9304
 40
0.6772
  0
CIRCLE
  8
MIX
 10
16.6997
 20
115.3937
 40
0.1903
  0
CIRCLE
  8
MIX
 10
77.4267
 20
147.2075
 40
0.3797
  0
CIRCLE
  8
MIX
 10
-7.5259
 20
123.7829
 40
0.1745
  0
CIRCLE
  8
MIX
 10
11.7444
 20
59.2581
 40
0.9447
  0
CIRCLE
  8
MIX
 10
209.5365
 20
87.8797
 40
0.3416
  0
CIRCLE
  8
MIX
 10
-229.9161
 20
-26.0657
 40
0.9870
  0
CIRCLE
  8
MIX
 10
-128.1051
 20
77.3839
 40
0.8766
  0
CIRCLE
  8
MIX
 10
188.2854
 20
-126.7393
 40
0.3802
  0
CIRCLE
  8
MIX
 10
-116.4363
 20
-31.9288
 40
0.2339
  0
CIRCLE
  8
MIX
 10
-100.8349
 20
-153.3552
 40
0.9738
  0
CIRCLE
  8
MIX
 10
189.4422
 20
131.2993
 40
0.1535
  0
CIRCLE
  8
MIX
 10
244.6262
 20
10.6719
 40
0.2879
  0
CIRCLE
  8
MIX
 10
-108.2601
 20
-7.4541
 40
0.3710
  0
CIRCLE
  8
MIX
 10
17.5251
 20
-90.3188
 40
0.4236
  0
CIRCLE
  8
MIX
 10
246.9546
 20
26.0956
 40
0.2870
  0
CIRCLE
  8
MIX
 10
72.1205
 20
-82.2531
 40
0.1913
  0
CIRCLE
  8
MIX
 10
73.3528
 20
1.0590
 40
0.2104
  0
CIRCLE
  8
MIX
 10
-43.6766
 20
62.7044
 40
0.2116
  0
CIRCLE
  8
MIX
 10
-75.6892
 20
-102.5578
 40
0.7508
  0
CIRCLE
  8
MIX
 10
278.2090
 20
52.7290
 40
0.9932
  0
CIRCLE
  8
MIX
 10
-44.9956
 20
96.2388
 40
0.5553
  0
CIRCLE
  8
MIX
 10
74.5783
 20
-23.0720
 40
0.9204
  0
CIRCLE
  8
MIX
 10
-64.9666
 20
-149.2609
 40
0.8032
  0
CIRCLE
  8
MIX
 10
292.0384
 20
114.7104
 40
0.4509
  0
CIRCLE
  8
MIX
 10
-236.1189
 20
13.6932
 40
0.4860
  0
CIRCLE
  8
MIX
 10
212.3349
 20
85.5909
 40
0.2999
  0
CIRCLE
  8
MIX
 10
-104.1024
 20
-17.1264
 40
0.3534
  0
CIRCLE
  8
MIX
 10
234.7875
 20
-187.1744
 40
0.5440
  0
CIRCLE
  8
MIX
 10
222.9967
 20
42.2136
 40
0.4394
  0
CIRCLE
  8
MIX
 10
20.8835
 20
2.1054
 40
0.9859
  0
CIRCLE
  8
MIX
 10
202.7304
 20
83.2932
 40
0.2932
  0
CIRCLE
  8
MIX
 10
230.6373
 20
91.7138
 40
0.8339
  0
CIRCLE
  8
MIX
 10
-106.9044
 20
-101.2365
 40
0.5185
  0
CIRCLE
  8
MIX
 10
98.4663
 20
-15.6813
 40
0.6653
  0
CIRCLE
  8
MIX
 10
-160.4110
 20
1.5823
 40
0.5179
  0
CIRCLE
  8
MIX
 10
-20.6763
 20
194.1889
 40
0.7942
  0
CIRCLE
  8
MIX
 10
-259.0968
 20
-42.0593
 40
0.5405
  0
CIRCLE
  8
MIX
 10
114.9100
 20
-51.6748
 40
0.2025
  0
CIRCLE
  8
MIX
 10
243.5061
 20
-86.2690
 40
0.2283
  0
CIRCLE
  8
MIX
 10
-63.7903
 20
177.0534
 40
0.5124
  0
CIRCLE
  8
MIX
 10
128.4122
 20
70.5988
 40
0.2555
  0
CIRCLE
  8
MIX
 10
-156.3781
 20
90.2667
 40
0.2164
  0
CIRCLE
  8
MIX
 10
271.9883
 20
-85.7183
 40
0.4364
  0
CIRCLE
  8
MIX
 10
-159.1859
 20
-29.0052
 40
0.6392
  0
CIRCLE
  8
MIX
 10
-97.1090
 20
-18.6834
 40
0.2938
  0
CIRCLE
  8
MIX
 10
-125.6137
 20
-40.4405
 40
0.3715
  0
CIRCLE
  8
MIX
 10
65.4563
 20
116.5434
 40
0.5199
  0
CIRCLE
  8
MIX
 10
69.7351
 20
-79.4986
 40
0.3374
  0
CIRCLE
  8
MIX
 10
-107.6979
 20
89.4030
 40
0.5757
  0
CIRCLE
  8
MIX
 10
255.3991
 20
41.9830
 40
0.7728
  0
CIRCLE
  8
MIX
 10
31.8143
 20
-91.9415
 40
0.6444
  0
CIRCLE
  8
MIX
 10
-215.0935
 20
134.7349
 40
0.9072
  0
CIRCLE
  8
MIX
 10
-164.1812
 20
-66.8756
 40
0.9899
  0
CIRCLE
  8
MIX
 10
-262.0207
 20
-33.9291
 40
0.1777
  0
CIRCLE
  8
MIX
 10
-234.6649
 20
-116.4875
 40
0.2003
  0
CIRCLE
  8
MIX
 10
-286.8781
 20
75.2979
 40
0.2386
  0
CIRCLE
  8
MIX
 10
-95.8731
 20
161.8417
 40
0.2245
  0
CIRCLE
  8
MIX
 10
-227.6077
 20
121.2395
 40
0.6146
  0
CIRCLE
  8
MIX
 10
237.0498
 20
32.2713
 40
0.6738
  0
CIRCLE
  8
MIX
 10
-12.2322
 20
1.8334
 40
0.2187
  0
CIRCLE
  8
MIX
 10
-30.8018
 20
-84.2544
 40
0.9580
  0
CIRCLE
  8
MIX
 10
-1.7753
 20
21.0920
 40
0.3722
  0
CIRCLE
  8
MIX
 10
-91.1715
 20
42.7354
 40
0.5471
  0
CIRCLE
  8
MIX
 10
-291.3004
 20
-148.6067
 40
0.3439
  0
CIRCLE
  8
MIX
 10
108.2254
 20
57.8772
 40
0.2930
  0
CIRCLE
  8
MIX
 10
-2.2521
 20
-189.6633
 40
0.2488
  0
CIRCLE
  8
MIX
 10
-91.6601
 20
-19.3014
 40
0.8492
  0
CIRCLE
  8
MIX
 10
-138.7992
 20
-97.4852
 40
0.5150
  0
CIRCLE
  8
MIX
 10
221.4039
 20
-111.8798
 40
0.8412
  0
CIRCLE
  8
MIX
 10
-44.2939
 20
-191.2449
 40
0.7743
  0
CIRCLE
  8
MIX
 10
67.0777
 20
183.8970
 40
0.4513
  0
CIRCLE
  8
MIX
 10
-270.0389
 20
-30.0596
 40
0.7164
  0
CIRCLE
  8
MIX
 10
-111.7510
 20
123.8549
 40
0.9409
  0
CIRCLE
  8
MIX
 10
243.9691
 20
-189.3414
 40
0.8462
  0
CIRCLE
  8
MIX
 10
-221.3595
 20
189.9377
 40
0.5779
  0
CIRCLE
  8
MIX
 10
249.0115
 20
-79.0792
 40
0.1549
  0
CIRCLE
  8
MIX
 10
-117.8646
 20
166.9580
 40
0.2667
  0
CIRCLE
  8
MIX
 10
244.4848
 20
53.2715
 40
0.9918
  0
CIRCLE
  8
MIX
 10
229.4529
 20
-170.2062
 40
0.1792
  0
CIRCLE
  8
MIX
 10
293.5546
 20
-180.9635
 40
0.5615
  0
CIRCLE
  8
MIX
 10
-22.2524
 20
101.8393
 40
0.5629
  0
CIRCLE
  8
MIX
 10
-31.0295
 20
112.4766
 40
0.4461
  0
CIRCLE
  8
MIX
 10
129.1166
 20
-35.9470
 40
0.7836
  0
CIRCLE
  8
MIX
 10
-55.3738
 20
146.4774
 40
0.9308
  0
CIRCLE
  8
MIX
 10
-218.8726
 20
124.1997
 40
0.3588
  0
CIRCLE
  8
MIX
 10
68.7798
 20
-20.6381
 40
0.6105
  0
CIRCLE
  8
MIX
 10
-217.4236
 20
144.1076
 40
0.7781
  0
CIRCLE
  8
MIX
 10
272.5264
 20
20.7157
 40
0.3015
  0
CIRCLE
  8
MIX
 10
167.0061
 20
45.1999
 40
0.7992
  0
CIRCLE
  8
MIX
 10
253.3827
 20
-33.9947
 40
0.6797
  0
CIRCLE
  8
MIX
 10
-268.7088
 20
35.4741
 40
0.2839
  0
CIRCLE
  8
MIX
 10
99.9587
 20
96.5123
 40
0.9531
  0
CIRCLE
  8
MIX
 10
253.1109
 20
150.7274
 40
0.1966
  0
CIRCLE
  8
MIX
 10
-29.1030
 20
183.9356
 40
0.5522
  0
CIRCLE
  8
MIX
 10
-44.4040
 20
-64.5717
 40
0.8257
  0
CIRCLE
  8
MIX
 10
-59.1877
 20
-120.8088
 40
0.5703
  0
CIRCLE
  8
MIX
 10
-113.8703
 20
-179.5530
 40
0.3898
  0
CIRCLE
  8
MIX
 10
189.1070
 20
143.7063
 40
0.2128
  0
CIRCLE
  8
MIX
 10
25.4431
 20
-187.8552
 40
0.5618
  0
CIRCLE
  8
MIX
 10
5.5276
 20
40.1220
 40
0.6036
  0
CIRCLE
  8
MIX
 10
209.0245
 20
-133.6741
 40
0.8147
  0
CIRCLE
  8
MIX
 10
100.4092
 20
-0.9797
 40
0.5012
  0
CIRCLE
  8
MIX
 10
291.7088
 20
-2.4721
 40
0.7233
  0
CIRCLE
  8
MIX
 10
108.9804
 20
-149.6530
 40
0.6752
  0
CIRCLE
  8
MIX
 10
-105.6200
 20
-74.6824
 40
0.8220
  0
CIRCLE
  8
MIX
 10
-20.8798
 20
83.8432
 40
0.4065
  0
CIRCLE
  8
MIX
 10
-214.7444
 20
-159.0789
 40
0.2305
  0
CIRCLE
  8
MIX
 10
171.8235
 20
-66.7109
 40
0.3079
  0
CIRCLE
  8
MIX
 10
263.4746
 20
-14.1063
 40
0.5979
  0
CIRCLE
  8
MIX
 10
-115.4140
 20
-124.0582
 40
0.9001
  0
CIRCLE
  8
MIX
 10
-234.0658
 20
185.8836
 40
0.9328
  0
CIRCLE
  8
MIX
 10
-288.7770
 20
62.4807
 40
0.7790
  0
CIRCLE
  8
MIX
 10
-234.2386
 20
113.1115
 40
0.8222
  0
CIRCLE
  8
MIX
 10
128.5293
 20
55.2864
 40
0.2477
  0
CIRCLE
  8
MIX
 10
-261.2846
 20
127.2199
 40
0.4424
  0
CIRCLE
  8
MIX
 10
-268.0739
 20
-134.7510
 40
0.3254
  0
CIRCLE
  8
MIX
 10
-111.5529
 20
41.9034
 40
0.7699
  0
CIRCLE
  8
MIX
 10
280.0730
 20
-179.2463
 40
0.1637
  0
CIRCLE
  8
MIX
 10
189.1377
 20
150.4515
 40
0.9571
  0
CIRCLE
  8
MIX
 10
103.5990
 20
-41.7045
 40
0.1501
  0
CIRCLE
  8
MIX
 10
20.8562
 20
113.2772
 40
0.9411
  0
CIRCLE
  8
MIX
 10
266.8760
 20
153.5677
 40
0.9471
  0
CIRCLE
  8
MIX
 10
35.2600
 20
160.9171
 40
0.8416
  0
CIRCLE
  8
MIX
 10
-34.6287
 20
66.1079
 40
0.8596
  0
CIRCLE
  8
MIX
 10
-196.7323
 20
153.1134
 40
0.5752
  0
CIRCLE
  8
MIX
 10
-244.1785
 20
120.9170
 40
0.7126
  0
CIRCLE
  8
MIX
 10
98.3041
 20
-175.3103
 40
0.7646
  0
CIRCLE
  8
MIX
 10
143.5256
 20
-161.8580
 40
0.8310
  0
CIRCLE
  8
MIX
 10
54.9114
 20
108.2480
 40
0.3832
  0
CIRCLE
  8
MIX
 10
-38.3084
 20
28.1847
 40
0.6571
  0
CIRCLE
  8
MIX
 10
-0.8227
 20
-131.5034
 40
0.5099
  0
CIRCLE
  8
MIX
 10
-216.7316
 20
85.7093
 40
0.7864
  0
CIRCLE
  8
MIX
 10
160.8133
 20
-180.4719
 40
0.8555
  0
CIRCLE
  8
MIX
 10
-62.7311
 20
73.2299
 40
0.8743
  0
CIRCLE
  8
MIX
 10
-216.9389
 20
60.8322
 40
0.4078
  0
CIRCLE
  8
MIX
 10
-249.4789
 20
14.5109
 40
0.5766
  0
CIRCLE
  8
MIX
 10
122.1741
 20
186.5274
 40
0.5290
  0
CIRCLE
  8
MIX
 10
-246.6986
 20
121.1562
 40
0.5576
  0
CIRCLE
  8
MIX
 10
169.2533
 20
-68.5518
 40
0.5074
  0
CIRCLE
  8
MIX
 10
284.6676
 20
-126.2485
 40
0.9505
  0
CIRCLE
  8
MIX
 10
-160.0273
 20
-16.3907
 40
0.7191
  0
CIRCLE
  8
MIX
 10
261.7675
 20
173.0075
 40
0.7042
  0
CIRCLE
  8
MIX
 10
-251.5475
 20
-98.5882
 40
0.3845
  0
CIRCLE
  8
MIX
 10
148.1969
 20
-82.2251
 40
0.5604
  0
CIRCLE
  8
MIX
 10
-293.5225
 20
-57.9744
 40
0.7022
  0
CIRCLE
  8
MIX
 10
50.8798
 20
126.8260
 40
0.2109
  0
CIRCLE
  8
MIX
 10
134.6705
 20
-89.0838
 40
0.3556
  0
CIRCLE
  8
MIX
 10
94.1770
 20
31.1548
 40
0.9821
  0
CIRCLE
  8
MIX
 10
-205.6424
 20
167.7371
 40
0.9043
  0
CIRCLE
  8
MIX
 10
-64.7354
 20
-35.4887
 40
0.4744
  0
CIRCLE
  8
MIX
 10
283.9619
 20
-152.9661
 40
0.1938
  0
CIRCLE
  8
MIX
 10
197.4993
 20
-116.8189
 40
0.6494
  0
CIRCLE
  8
MIX
 10
-51.9229
 20
169.6453
 40
0.6297
  0
CIRCLE
  8
MIX
 10
249.7546
 20
132.9182
 40
0.8856
  0
CIRCLE
  8
MIX
 10
-162.8430
 20
28.5980
 40
0.3656
  0
CIRCLE
  8
MIX
 10
-229.1706
 20
62.6784
 40
0.6807
  0
CIRCLE
  8
MIX
 10
-162.7364
 20
47.9207
 40
0.2371
  0
CIRCLE
  8
MIX
 10
110.2324
 20
132.6293
 40
0.3323
  0
CIRCLE
  8
MIX
 10
-221.2138
 20
-189.6000
 40
0.1858
  0
CIRCLE
  8
MIX
 10
31.2022
 20
159.0929
 40
0.9486
  0
CIRCLE
  8
MIX
 10
96.7362
 20
27.1174
 40
0.2460
  0
CIRCLE
  8
MIX
 10
-160.0379
 20
152.8419
 40
0.6988
  0
CIRCLE
  8
MIX
 10
209.3841
 20
-26.1077
 40
0.4590
  0
CIRCLE
  8
MIX
 10
-51.7999
 20
90.7879
 40
0.8692
  0
CIRCLE
  8
MIX
 10
72.8811
 20
3.7594
 40
0.4816
  0
CIRCLE
  8
MIX
 10
-205.1529
 20
-134.1949
 40
0.2768
  0
CIRCLE
  8
MIX
 10
43.3586
 20
-53.4191
 40
0.7543
  0
CIRCLE
  8
MIX
 10
189.6491
 20
-133.5176
 40
0.2632
  0
CIRCLE
  8
MIX
 10
-208.9376
 20
193.0873
 40
0.2406
  0
CIRCLE
  8
MIX
 10
-263.9489
 20
-0.7546
 40
0.2770
  0
CIRCLE
  8
MIX
 10
199.6153
 20
-192.7022
 40
0.5829
  0
CIRCLE
  8
MIX
 10
285.7738
 20
180.7726
 40
0.3150
  0
CIRCLE
  8
MIX
 10
-106.2441
 20
-135.3467
 40
0.8852
  0
CIRCLE
  8
MIX
 10
243.4193
 20
20.2179
 40
0.4541
  0
CIRCLE
  8
MIX
 10
-242.8776
 20
69.5400
 40
0.5739
  0
CIRCLE
  8
MIX
 10
-202.2548
 20
-190.3275
 40
0.8304
  0
CIRCLE
  8
MIX
 10
84.0929
 20
-68.5496
 40
0.8000
  0
CIRCLE
  8
MIX
 10
288.1385
 20
-111.1787
 40
0.2364
  0
CIRCLE
  8
MIX
 10
212.6047
 20
-159.9386
 40
0.1690
  0
CIRCLE
  8
MIX
 10
-178.4382
 20
7.1121
 40
0.6217
  0
CIRCLE
  8
MIX
 10
-145.4990
 20
142.2648
 40
0.2668
  0
CIRCLE
  8
MIX
 10
128.0730
 20
-4.7875
 40
0.9219
  0
CIRCLE
  8
MIX
 10
232.5544
 20
-5.0928
 40
0.6808
  0
CIRCLE
  8
MIX
 10
273.1996
 20
168.3292
 40
0.6194
  0
CIRCLE
  8
MIX
 10
265.1311
 20
151.9385
 40
0.2429
  0
CIRCLE
  8
MIX
 10
104.2133
 20
-171.6388
 40
0.6815
  0
CIRCLE
  8
MIX
 10
166.7452
 20
-119.9233
 40
0.8858
  0
CIRCLE
  8
MIX
 10
-94.0308
 20
31.0942
 40
0.3884
  0
CIRCLE
  8
MIX
 10
-68.2435
 20
-100.7710
 40
0.6990
  0
CIRCLE
  8
MIX
 10
-218.3241
 20
19.9784
 40
0.8824
  0
CIRCLE
  8
MIX
 10
-104.5617
 20
29.0022
 40
0.7968
  0
CIRCLE
  8
MIX
 10
-183.9824
 20
90.7037
 40
0.4003
  0
CIRCLE
  8
MIX
 10
-82.1680
 20
-13.0447
 40
0.3495
  0
CIRCLE
  8
MIX
 10
-186.3086
 20
122.0600
 40
0.1719
  0
CIRCLE
  8
MIX
 10
-162.5330
 20
184.0325
 40
0.7852
  0
CIRCLE
  8
MIX
 10
276.9120
 20
-100.3185
 40
0.7377
  0
CIRCLE
  8
MIX
 10
70.4012
 20
-165.8850
 40
0.8843
  0
CIRCLE
  8
MIX
 10
-237.9816
 20
-118.5202
 40
0.7841
  0
CIRCLE
  8
MIX
 10
-98.6120
 20
44.1075
 40
0.6482
  0
CIRCLE
  8
MIX
 10
-80.7571
 20
-31.8756
 40
0.9321
  0
CIRCLE
  8
MIX
 10
-275.4616
 20
144.6629
 40
0.5338
  0
CIRCLE
  8
MIX
 10
152.2205
 20
-119.9288
 40
0.9594
  0
CIRCLE
  8
MIX
 10
-283.1139
 20
-174.1887
 40
0.2423
  0
CIRCLE
  8
MIX
 10
76.1845
 20
-84.3710
 40
0.9631
  0
CIRCLE
  8
MIX
 10
66.0134
 20
52.6365
 40
0.4748
  0
CIRCLE
  8
MIX
 10
227.2442
 20
-56.3647
 40
0.4921
  0
CIRCLE
  8
MIX
 10
238.6212
 20
-130.0076
 40
0.3268
  0
CIRCLE
  8
MIX
 10
-289.0505
 20
150.7395
 40
0.4687
  0
CIRCLE
  8
MIX
 10
-163.1332
 20
168.3170
 40
0.4110
  0
CIRCLE
  8
MIX
 10
267.7348
 20
158.3110
 40
0.9420
  0
CIRCLE
  8
MIX
 10
29.7030
 20
-108.8626
 40
0.9892
  0
CIRCLE
  8
MIX
 10
267.0762
 20
118.8510
 40
0.4448
  0
CIRCLE
  8
MIX
 10
-36.4181
 20
-64.8871
 40
0.8853
  0
CIRCLE
  8
MIX
 10
-57.4710
 20
167.7474
 40
0.3277
  0
CIRCLE
  8
MIX
 10
-113.0170
 20
-168.3139
 40
0.5463
  0
CIRCLE
  8
MIX
 10
-42.5155
 20
4.5089
 40
0.2345
  0
CIRCLE
  8
MIX
 10
-57.4568
 20
131.8535
 40
0.5570
  0
CIRCLE
  8
MIX
 10
-212.2407
 20
29.5132
 40
0.3879
  0
CIRCLE
  8
MIX
 10
265.3504
 20
188.4758
 40
0.7928
  0
CIRCLE
  8
MIX
 10
-216.7606
 20
99.0386
 40
0.8842
  0
CIRCLE
  8
MIX
 10
-207.5335
 20
100.1804
 40
0.9011
  0
CIRCLE
  8
MIX
 10
228.0109
 20
-135.8175
 40
0.7262
  0
CIRCLE
  8
MIX
 10
-146.7812
 20
-126.4985
 40
0.2414
  0
CIRCLE
  8
MIX
 10
207.9594
 20
39.4464
 40
0.8681
  0
CIRCLE
  8
MIX
 10
-151.5106
 20
141.7240
 40
0.6133
  0
CIRCLE
  8
MIX
 10
-72.0350
 20
15.5340
 40
0.4781
  0
CIRCLE
  8
MIX
 10
-183.6076
 20
6.1804
 40
0.7757
  0
CIRCLE
  8
MIX
 10
158.8060
 20
-70.4736
 40
0.3573
  0
CIRCLE
  8
MIX
 10
-182.3904
 20
-165.2473
 40
0.6785
  0
CIRCLE
  8
MIX
 10
277.9698
 20
125.3004
 40
0.5137
  0
CIRCLE
  8
MIX
 10
232.4983
 20
-0.6920
 40
0.8608
  0
CIRCLE
  8
MIX
 10
289.9932
 20
89.1121
 40
0.8852
  0
CIRCLE
  8
MIX
 10
-9.8416
 20
-15.0179
 40
0.6843
  0
CIRCLE
  8
MIX
 10
101.9732
 20
10.9067
 40
0.4669
  0
CIRCLE
  8
MIX
 10
-276.8273
 20
185.8923
 40
0.7316
  0
CIRCLE
  8
MIX
 10
-240.2454
 20
-117.5898
 40
0.4364
  0
CIRCLE
  8
MIX
 10
126.9966
 20
130.2321
 40
0.5397
  0
CIRCLE
  8
MIX
 10
-218.7428
 20
-30.3661
 40
0.6025
  0
CIRCLE
  8
MIX
 10
146.1887
 20
79.0555
 40
0.3547
  0
CIRCLE
  8
MIX
 10
256.7039
 20
171.3542
 40
0.5596
  0
CIRCLE
  8
MIX
 10
97.1209
 20
93.6190
 40
0.9291
  0
CIRCLE
  8
MIX
 10
62.4103
 20
-112.3539
 40
0.2626
  0
CIRCLE
  8
MIX
 10
214.7128
 20
-117.8114
 40
0.2839
  0
CIRCLE
  8
MIX
 10
36.5284
 20
94.9140
 40
0.8815
  0
CIRCLE
  8
MIX
 10
145.3673
 20
-155.0297
 40
0.5115
  0
CIRCLE
  8
MIX
 10
-7.0243
 20
-152.6814
 40
0.3555
  0
CIRCLE
  8
MIX
 10
-34.1219
 20
191.5478
 40
0.6547
  0
CIRCLE
  8
MIX
 10
-35.0488
 20
130.3016
 40
0.1740
  0
CIRCLE
  8
MIX
 10
144.9008
 20
-74.8504
 40
0.1968
  0
CIRCLE
  8
MIX
 10
-96.7874
 20
51.3035
 40
0.7756
  0
CIRCLE
  8
MIX
 10
-54.1393
 20
98.4804
 40
0.7882
  0
CIRCLE
  8
MIX
 10
197.9014
 20
187.0071
 40
0.5997
  0
CIRCLE
  8
MIX
 10
-155.8237
 20
-187.0206
 40
0.6071
  0
CIRCLE
  8
MIX
 10
-282.5912
 20
26.7725
 40
0.2193
  0
CIRCLE
  8
MIX
 10
-76.3512
 20
-56.5342
 40
0.5989
  0
CIRCLE
  8
MIX
 10
54.8280
 20
9.6058
 40
0.2887
  0
CIRCLE
  8
MIX
 10
53.0613
 20
-0.5515
 40
0.5057
  0
CIRCLE
  8
MIX
 10
283.1809
 20
-1.7288
 40
0.3356
  0
CIRCLE
  8
MIX
 10
-119.3108
 20
-40.8383
 40
0.3286
  0
CIRCLE
  8
MIX
 10
-223.9036
 20
0.2712
 40
0.6230
  0
CIRCLE
  8
MIX
 10
287.8045
 20
78.8928
 40
0.1523
  0
CIRCLE
  8
MIX
 10
-227.7992
 20
102.6259
 40
0.4255
  0
CIRCLE
  8
MIX
 10
-171.3987
 20
-115.3592
 40
0.6495
  0
CIRCLE
  8
MIX
 10
200.4036
 20
-13.0667
 40
0.6290
  0
CIRCLE
  8
MIX
 10
-100.4590
 20
181.8356
 40
0.3661
  0
CIRCLE
  8
MIX
 10
-79.2149
 20
-55.6627
 40
0.7785
  0
CIRCLE
  8
MIX
 10
22.1445
 20
148.0073
 40
0.5081
  0
CIRCLE
  8
MIX
 10
233.1518
 20
-101.9819
 40
0.6061
  0
CIRCLE
  8
MIX
 10
-23.9805
 20
9.1762
 40
0.4054
  0
CIRCLE
  8
MIX
 10
3.7860
 20
14.9009
 40
0.8619
  0
CIRCLE
  8
MIX
 10
-110.3729
 20
-50.4214
 40
0.7051
  0
CIRCLE
  8
MIX
 10
-58.2850
 20
-130.2925
 40
0.9920
  0
CIRCLE
  8
MIX
 10
61.2395
 20
62.4127
 40
0.7467
  0
CIRCLE
  8
MIX
 10
-199.7808
 20
64.4903
 40
0.2505
  0
CIRCLE
  8
MIX
 10
197.9444
 20
-137.1781
 40
0.3817
  0
CIRCLE
  8
MIX
 10
-291.4612
 20
-153.3440
 40
0.7418
  0
CIRCLE
  8
MIX
 10
-37.3131
 20
109.5886
 40
0.2703
  0
CIRCLE
  8
MIX
 10
64.0689
 20
-150.5588
 40
0.4112
  0
CIRCLE
  8
MIX
 10
284.4325
 20
-4.7679
 40
0.3563
  0
CIRCLE
  8
MIX
 10
-261.9907
 20
102.1014
 40
0.7718
  0
CIRCLE
  8
MIX
 10
100.8537
 20
-128.3513
 40
0.7355
  0
CIRCLE
  8
MIX
 10
-71.2946
 20
73.9738
 40
0.7821
  0
CIRCLE
  8
MIX
 10
182.7269
 20
156.3380
 40
0.4846
  0
CIRCLE
  8
MIX
 10
-211.9713
 20
8.3078
 40
0.5957
  0
CIRCLE
  8
MIX
 10
50.7313
 20
88.8931
 40
0.4040
  0
CIRCLE
  8
MIX
 10
-181.6465
 20
-20.4085
 40
0.8591
  0
CIRCLE
  8
MIX
 10
64.8118
 20
95.0255
 40
0.7350
  0
CIRCLE
  8
MIX
 10
-117.7638
 20
-6.7210
 40
0.5033
  0
CIRCLE
  8
MIX
 10
-60.0367
 20
-17.7840
 40
0.7431
  0
CIRCLE
  8
MIX
 10
-144.9505
 20
-69.4086
 40
0.8805
  0
CIRCLE
  8
MIX
 10
-253.5513
 20
13.3645
 40
0.8030
  0
CIRCLE
  8
MIX
 10
103.8101
 20
114.6773
 40
0.8095
  0
CIRCLE
  8
MIX
 10
223.3468
 20
188.8178
 40
0.4175
  0
CIRCLE
  8
MIX
 10
-25.4767
 20
-10.8724
 40
0.9214
  0
CIRCLE
  8
MIX
 10
118.1711
 20
-190.8729
 40
0.3074
  0
CIRCLE
  8
MIX
 10
226.7900
 20
186.8883
 40
0.3247
  0
CIRCLE
  8
MIX
 10
-221.6327
 20
167.0764
 40
0.5014
  0
CIRCLE
  8
MIX
 10
-0.5550
 20
98.2609
 40
0.3405
  0
CIRCLE
  8
MIX
 10
-190.9666
 20
-15.8149
 40
0.3396
  0
CIRCLE
  8
MIX
 10
235.8559
 20
-37.8331
 40
0.8730
  0
CIRCLE
  8
MIX
 10
231.4584
 20
-69.7331
 40
0.2205
  0
CIRCLE
  8
MIX
 10
-16.5293
 20
-113.5642
 40
0.7891
  0
CIRCLE
  8
MIX
 10
155.3012
 20
-59.0268
 40
0.7616
  0
CIRCLE
  8
MIX
 10
130.5016
 20
11.8030
 40
0.4596
  0
CIRCLE
  8
MIX
 10
-60.3305
 20
173.8166
 40
0.3546
  0
CIRCLE
  8
MIX
 10
254.5282
 20
-188.1804
 40
0.2749
  0
CIRCLE
  8
MIX
 10
-18.7298
 20
114.2069
 40
0.8220
  0
CIRCLE
  8
MIX
 10
64.5407
 20
-141.7554
 40
0.6151
  0
CIRCLE
  8
MIX
 10
287.4327
 20
125.7817
 40
0.4100
  0
CIRCLE
  8
MIX
 10
290.7769
 20
99.9428
 40
0.1928
  0
CIRCLE
  8
MIX
 10
-245.5983
 20
150.0413
 40
0.8873
  0
CIRCLE
  8
MIX
 10
-193.1190
 20
-145.8852
 40
0.3164
  0
CIRCLE
  8
MIX
 10
53.1144
 20
55.2350
 40
0.7447
  0
CIRCLE
  8
MIX
 10
-12.3174
 20
-26.9216
 40
0.9123
  0
CIRCLE
  8
MIX
 10
161.9621
 20
-30.1413
 40
0.9554
  0
CIRCLE
  8
MIX
 10
-245.4923
 20
-150.9386
 40
0.3131
  0
CIRCLE
  8
MIX
 10
-84.9610
 20
-31.7489
 40
0.8523
  0
CIRCLE
  8
MIX
 10
89.6415
 20
-135.2047
 40
0.1857
  0
CIRCLE
  8
MIX
 10
-78.6462
 20
-169.1265
 40
0.5510
  0
CIRCLE
  8
MIX
 10
123.6093
 20
-29.6243
 40
0.4579
  0
CIRCLE
  8
MIX
 10
-68.3265
 20
-133.8234
 40
0.7406
  0
CIRCLE
  8
MIX
 10
34.5937
 20
148.1269
 40
0.5654
  0
CIRCLE
  8
MIX
 10
291.3246
 20
-19.2605
 40
0.7688
  0
CIRCLE
  8
MIX
 10
-40.2135
 20
68.3183
 40
0.2712
  0
CIRCLE
  8
MIX
 10
265.6598
 20
115.8730
 40
0.8592
  0
CIRCLE
  8
MIX
 10
15.0620
 20
-149.2107
 40
0.9956
  0
CIRCLE
  8
MIX
 10
-143.7558
 20
-81.6497
 40
0.3138
  0
CIRCLE
  8
MIX
 10
263.2808
 20
32.0899
 40
0.6384
  0
CIRCLE
  8
MIX
 10
-213.6189
 20
-103.3801
 40
0.7113
  0
CIRCLE
  8
MIX
 10
194.0538
 20
-194.1120
 40
0.8665
  0
CIRCLE
  8
MIX
 10
30.6339
 20
-191.9831
 40
0.7553
  0
CIRCLE
  8
MIX
 10
-109.8405
 20
-132.6165
 40
0.7178
  0
CIRCLE
  8
MIX
 10
-129.2476
 20
73.3652
 40
0.9574
  0
CIRCLE
  8
MIX
 10
-250.7359
 20
61.5506
 40
0.1950
  0
CIRCLE
  8
MIX
 10
136.1382
 20
159.2134
 40
0.9434
  0
CIRCLE
  8
MIX
 10
-264.6045
 20
181.4564
 40
0.7108
  0
CIRCLE
  8
MIX
 10
-223.0800
 20
-118.9880
 40
0.6419
  0
CIRCLE
  8
MIX
 10
-105.9835
 20
-102.0775
 40
0.4224
  0
CIRCLE
  8
MIX
 10
138.1253
 20
-20.9246
 40
0.9055
  0
CIRCLE
  8
MIX
 10
-271.2205
 20
16.6596
 40
0.3207
  0
CIRCLE
  8
MIX
 10
-239.4406
 20
9.4260
 40
0.3026
  0
CIRCLE
  8
MIX
 10
-21.6195
 20
24.9637
 40
0.5405
  0
CIRCLE
  8
MIX
 10
-75.8965
 20
39.8399
 40
0.2697
  0
CIRCLE
  8
MIX
 10
19.6011
 20
88.3609
 40
0.1512
  0
CIRCLE
  8
MIX
 10
78.4578
 20
-86.1448
 40
0.8944
  0
CIRCLE
  8
MIX
 10
258.9014
 20
99.4838
 40
0.6885
  0
CIRCLE
  8
MIX
 10
231.1420
 20
158.4151
 40
0.4852
  0
CIRCLE
  8
MIX
 10
-268.9629
 20
178.2009
 40
0.9722
  0
CIRCLE
  8
MIX
 10
249.0696
 20
-9.5545
 40
0.7861
  0
CIRCLE
  8
MIX
 10
-149.6186
 20
104.8521
 40
0.2811
  0
CIRCLE
  8
MIX
 10
4.4832
 20
-139.7349
 40
0.9843
  0
CIRCLE
  8
MIX
 10
-59.8150
 20
-91.3820
 40
0.4532
  0
CIRCLE
  8
MIX
 10
284.7324
 20
-48.4574
 40
0.3116
  0
CIRCLE
  8
MIX
 10
-91.8510
 20
-98.1775
 40
0.2607
  0
CIRCLE
  8
MIX
 10
14.5333
 20
-95.2000
 40
0.2571
  0
CIRCLE
  8
MIX
 10
134.6774
 20
-160.4195
 40
0.9923
  0
CIRCLE
  8
MIX
 10
5.2294
 20
140.4662
 40
0.8359
  0
CIRCLE
  8
MIX
 10
-35.7462
 20
33.9075
 40
0.7844
  0
CIRCLE
  8
MIX
 10
-155.5803
 20
4.4563
 40
0.4837
  0
CIRCLE
  8
MIX
 10
111.8169
 20
23.4634
 40
0.1906
  0
CIRCLE
  8
MIX
 10
-82.6116
 20
-149.5559
 40
0.1650
  0
CIRCLE
  8
MIX
 10
-173.9749
 20
45.7415
 40
0.5370
  0
CIRCLE
  8
MIX
 10
-154.6972
 20
-35.3434
 40
0.3450
  0
CIRCLE
  8
MIX
 10
111.1675
 20
-20.9927
 40
0.5507
  0
CIRCLE
  8
MIX
 10
-229.5970
 20
167.3944
 40
0.1617
  0
CIRCLE
  8
MIX
 10
270.4311
 20
127.8697
 40
0.8828
  0
CIRCLE
  8
MIX
 10
-108.3722
 20
-33.1641
 40
0.1559
  0
CIRCLE
  8
MIX
 10
-63.4594
 20
-49.7037
 40
0.5986
  0
CIRCLE
  8
MIX
 10
41.5629
 20
-58.7576
 40
0.3464
  0
CIRCLE
  8
MIX
 10
192.6758
 20
6.4002
 40
0.6467
  0
CIRCLE
  8
MIX
 10
43.5073
 20
-188.2782
 40
0.5433
  0
CIRCLE
  8
MIX
 10
-111.6865
 20
1.6936
 40
0.6075
  0
CIRCLE
  8
MIX
 10
102.0840
 20
-184.5394
 40
0.9933
  0
CIRCLE
  8
MIX
 10
-37.5271
 20
110.9565
 40
0.8869
  0
CIRCLE
  8
MIX
 10
258.4183
 20
-134.9446
 40
0.9617
  0
CIRCLE
  8
MIX
 10
132.0166
 20
-65.3287
 40
0.4241
  0
CIRCLE
  8
MIX
 10
87.7212
 20
189.5187
 40
0.5534
  0
CIRCLE
  8
MIX
 10
-203.5682
 20
109.3693
 40
0.3497
  0
CIRCLE
  8
MIX
 10
129.4048
 20
12.9422
 40
0.5193
  0
CIRCLE
  8
MIX
 10
144.1281
 20
87.4720
 40
0.4732
  0
CIRCLE
  8
MIX
 10
223.8561
 20
-146.0691
 40
0.7126
  0
CIRCLE
  8
MIX
 10
-50.0051
 20
-157.4572
 40
0.9695
  0
CIRCLE
  8
MIX
 10
-78.0289
 20
149.0183
 40
0.6083
  0
CIRCLE
  8
MIX
 10
171.0136
 20
153.5406
 40
0.4447
  0
CIRCLE
  8
MIX
 10
-90.2571
 20
-107.4110
 40
0.5180
  0
CIRCLE
  8
MIX
 10
-202.6366
 20
87.9356
 40
0.7036
  0
CIRCLE
  8
MIX
 10
-243.1465
 20
60.6216
 40
0.7595
  0
CIRCLE
  8
MIX
 10
-148.0529
 20
-20.3375
 40
0.7865
  0
CIRCLE
  8
MIX
 10
-248.3961
 20
92.0676
 40
0.5296
  0
CIRCLE
  8
MIX
 10
242.8483
 20
-4.9089
 40
0.7164
  0
CIRCLE
  8
MIX
 10
-19.1406
 20
-103.8463
 40
0.8181
  0
CIRCLE
  8
MIX
 10
72.1517
 20
-130.2534
 40
0.6567
  0
CIRCLE
  8
MIX
 10
-0.7420
 20
-137.4102
 40
0.9803
  0
CIRCLE
  8
MIX
 10
42.0851
 20
-68.3431
 40
0.7999
  0
CIRCLE
  8
MIX
 10
162.9596
 20
-139.1796
 40
0.8594
  0
CIRCLE
  8
MIX
 10
246.7974
 20
65.1901
 40
0.8616
  0
CIRCLE
  8
MIX
 10
-244.0260
 20
-119.6597
 40
0.4525
  0
CIRCLE
  8
MIX
 10
-83.4506
 20
-46.6697
 40
0.6977
  0
CIRCLE
  8
MIX
 10
-242.1776
 20
-67.0602
 40
0.8905
  0
CIRCLE
  8
MIX
 10
51.8935
 20
47.7635
 40
0.3307
  0
CIRCLE
  8
MIX
 10
-143.7675
 20
75.8140
 40
0.3042
  0
CIRCLE
  8
MIX
 10
-270.1897
 20
-93.8338
 40
0.7687
  0
CIRCLE
  8
MIX
 10
233.9761
 20
-191.9969
 40
0.2579
  0
CIRCLE
  8
MIX
 10
163.0133
 20
65.9516
 40
0.6043
  0
CIRCLE
  8
MIX
 10
211.0861
 20
-72.1131
 40
0.9508
  0
CIRCLE
  8
MIX
 10
248.9599
 20
-45.3138
 40
0.9565
  0
CIRCLE
  8
MIX
 10
-91.2111
 20
-137.3225
 40
0.5072
  0
CIRCLE
  8
MIX
 10
-192.2128
 20
70.6899
 40
0.9376
  0
CIRCLE
  8
MIX
 10
-174.1953
 20
-191.7028
 40
0.3384
  0
CIRCLE
  8
MIX
 10
69.6560
 20
134.2265
 40
0.8525
  0
CIRCLE
  8
MIX
 10
167.4512
 20
-164.0625
 40
0.5640
  0
CIRCLE
  8
MIX
 10
-146.8956
 20
21.4327
 40
0.1959
  0
CIRCLE
  8
MIX
 10
-270.5066
 20
-23.7756
 40
0.2627
  0
CIRCLE
  8
MIX
 10
-181.7843
 20
60.9607
 40
0.6672
  0
CIRCLE
  8
MIX
 10
148.1510
 20
-80.4867
 40
0.7321
  0
CIRCLE
  8
MIX
 10
-207.0420
 20
-131.5093
 40
0.8924
  0
CIRCLE
  8
MIX
 10
-88.6293
 20
-132.3469
 40
0.2701
  0
CIRCLE
  8
MIX
 10
79.1972
 20
128.0360
 40
0.7987
  0
CIRCLE
  8
MIX
 10
-249.3733
 20
174.8426
 40
0.9789
  0
CIRCLE
  8
MIX
 10
-282.1274
 20
52.5758
 40
0.9472
  0
CIRCLE
  8
MIX
 10
-56.6059
 20
129.2098
 40
0.9458
  0
CIRCLE
  8
MIX
 10
-148.0926
 20
-138.7386
 40
0.6622
  0
CIRCLE
  8
MIX
 10
-149.7127
 20
-151.2866
 40
0.6541
  0
CIRCLE
  8
MIX
 10
-238.1489
 20
47.4898
 40
0.8165
  0
CIRCLE
  8
MIX
 10
283.9209
 20
-98.8403
 40
0.5732
  0
CIRCLE
  8
MIX
 10
274.2723
 20
-167.2178
 40
0.4204
  0
CIRCLE
  8
MIX
 10
105.0863
 20
-85.2128
 40
0.4105
  0
CIRCLE
  8
MIX
 10
-152.2209
 20
76.8964
 40
0.5203
  0
CIRCLE
  8
MIX
 10
-217.9079
 20
-10.7487
 40
0.1724
  0
CIRCLE
  8
MIX
 10
-232.4907
 20
76.1818
 40
0.3273
  0
CIRCLE
  8
MIX
 10
-242.6634
 20
-116.8133
 40
0.7242
  0
CIRCLE
  8
MIX
 10
-102.7768
 20
21.1115
 40
0.6195
  0
CIRCLE
  8
MIX
 10
-52.3745
 20
140.0955
 40
0.8997
  0
CIRCLE
  8
MIX
 10
90.0368
 20
-158.5534
 40
0.4765
  0
CIRCLE
  8
MIX
 10
47.6545
 20
5.3388
 40
0.3325
  0
CIRCLE
  8
MIX
 10
-214.4382
 20
-135.1490
 40
0.3692
  0
CIRCLE
  8
MIX
 10
-294.2922
 20
-110.2312
 40
0.3173
  0
CIRCLE
  8
MIX
 10
14.0597
 20
-176.7694
 40
0.7661
  0
CIRCLE
  8
MIX
 10
73.2207
 20
-83.7417
 40
0.8862
  0
CIRCLE
  8
MIX
 10
-201.6149
 20
-8.1267
 40
0.2993
  0
CIRCLE
  8
MIX
 10
51.6705
 20
170.3250
 40
0.4148
  0
CIRCLE
  8
MIX
 10
243.2688
 20
0.8598
 40
0.4705
  0
CIRCLE
  8
MIX
 10
47.5444
 20
161.4612
 40
0.7366
  0
CIRCLE
  8
MIX
 10
280.1023
 20
-172.5463
 40
0.7497
  0
CIRCLE
  8
MIX
 10
-34.8606
 20
-66.0945
 40
0.7406
  0
CIRCLE
  8
MIX
 10
-174.9097
 20
73.5113
 40
0.6330
  0
CIRCLE
  8
MIX
 10
253.9188
 20
-9.3069
 40
0.3009
  0
CIRCLE
  8
MIX
 10
50.6935
 20
154.6280
 40
0.2111
  0
CIRCLE
  8
MIX
 10
48.3437
 20
189.1348
 40
0.5766
  0
CIRCLE
  8
MIX
 10
5.9236
 20
-80.9939
 40
0.1675
  0
CIRCLE
  8
MIX
 10
209.7565
 20
-184.3366
 40
0.2291
  0
CIRCLE
  8
MIX
 10
-48.4568
 20
-194.8562
 40
0.2977
  0
CIRCLE
  8
MIX
 10
-31.7266
 20
-40.5119
 40
0.5133
  0
CIRCLE
  8
MIX
 10
-87.1944
 20
39.6523
 40
0.7848
  0
CIRCLE
  8
MIX
 10
-96.0099
 20
153.9691
 40
0.3645
  0
CIRCLE
  8
MIX
 10
-113.7063
 20
-148.9443
 40
0.8049
  0
CIRCLE
  8
MIX
 10
267.3709
 20
68.3196
 40
0.1585
  0
CIRCLE
  8
MIX
 10
9.9377
 20
-186.4223
 40
0.5806
  0
CIRCLE
  8
MIX
 10
-45.2727
 20
-3.6016
 40
0.2710
  0
CIRCLE
  8
MIX
 10
-152.3447
 20
147.9029
 40
0.1760
  0
CIRCLE
  8
MIX
 10
-67.5540
 20
40.2381
 40
0.1873
  0
CIRCLE
  8
MIX
 10
73.5132
 20
144.9862
 40
0.7513
  0
CIRCLE
  8
MIX
 10
189.3476
 20
69.8008
 40
0.8203
  0
CIRCLE
  8
MIX
 10
-213.8887
 20
185.4061
 40
0.9822
  0
CIRCLE
  8
MIX
 10
286.5012
 20
123.5181
 40
0.3659
  0
CIRCLE
  8
MIX
 10
-36.7157
 20
141.7799
 40
0.1755
  0
CIRCLE
  8
MIX
 10
-15.7726
 20
-107.2893
 40
0.8113
  0
CIRCLE
  8
MIX
 10
-38.5452
 20
16.6218
 40
0.8903
  0
CIRCLE
  8
MIX
 10
103.1537
 20
-36.7671
 40
0.9084
  0
CIRCLE
  8
MIX
 10
-35.6968
 20
-126.0203
 40
0.6248
  0
CIRCLE
  8
MIX
 10
-133.7183
 20
-54.0873
 40
0.8646
  0
CIRCLE
  8
MIX
 10
173.0949
 20
-38.5094
 40
0.1711
  0
CIRCLE
  8
MIX
 10
178.3436
 20
79.7989
 40
0.4966
  0
CIRCLE
  8
MIX
 10
127.2777
 20
11.3858
 40
0.7446
  0
CIRCLE
  8
MIX
 10
43.5099
 20
-194.8643
 40
0.9152
  0
CIRCLE
  8
MIX
 10
100.0705
 20
-74.2820
 40
0.2739
  0
CIRCLE
  8
MIX
 10
-100.9858
 20
22.6164
 40
0.8741
  0
CIRCLE
  8
MIX
 10
100.9774
 20
-136.0869
 40
0.7176
  0
CIRCLE
  8
MIX
 10
86.7331
 20
48.0631
 40
0.9959
  0
CIRCLE
  8
MIX
 10
-263.2923
 20
150.9246
 40
0.7201
  0
CIRCLE
  8
MIX
 10
-86.5475
 20
133.4966
 40
0.2948
  0
CIRCLE
  8
MIX
 10
65.1278
 20
-166.9595
 40
0.8491
  0
CIRCLE
  8
MIX
 10
149.7093
 20
-47.1525
 40
0.9847
  0
CIRCLE
  8
MIX
 10
-205.1393
 20
-52.9970
 40
0.2908
  0
CIRCLE
  8
MIX
 10
-67.0224
 20
9.5602
 40
0.1845
  0
CIRCLE
  8
MIX
 10
127.2300
 20
47.8103
 40
0.6892
  0
CIRCLE
  8
MIX
 10
279.8168
 20
-29.6834
 40
0.5082
  0
CIRCLE
  8
MIX
 10
-121.3298
 20
122.6197
 40
0.4111
  0
CIRCLE
  8
MIX
 10
-130.3360
 20
-179.7027
 40
0.4992
  0
CIRCLE
  8
MIX
 10
-28.2551
 20
23.8164
 40
0.6299
  0
CIRCLE
  8
MIX
 10
-23.5105
 20
-182.9424
 40
0.6244
  0
CIRCLE
  8
MIX
 10
202.7808
 20
-185.2010
 40
0.5577
  0
CIRCLE
  8
MIX
 10
-170.2126
 20
-91.5258
 40
0.4866
  0
CIRCLE
  8
MIX
 10
255.0765
 20
88.6181
 40
0.6916
  0
CIRCLE
  8
MIX
 10
-140.4047
 20
1.5685
 40
0.8279
  0
CIRCLE
  8
MIX
 10
-60.0482
 20
63.5258
 40
0.5905
  0
CIRCLE
  8
MIX
 10
87.6813
 20
149.5753
 40
0.7343
  0
CIRCLE
  8
MIX
 10
-135.2053
 20
52.0173
 40
0.9880
  0
CIRCLE
  8
MIX
 10
-65.0576
 20
-29.3367
 40
0.6495
  0
CIRCLE
  8
MIX
 10
-260.9996
 20
152.3065
 40
0.6853
  0
CIRCLE
  8
MIX
 10
99.6908
 20
-40.5319
 40
0.2630
  0
CIRCLE
  8
MIX
 10
-23.4666
 20
154.6362
 40
0.2837
  0
CIRCLE
  8
MIX
 10
-140.8979
 20
-91.6820
 40
0.2443
  0
CIRCLE
  8
MIX
 10
-270.9861
 20
-159.3767
 40
0.1697
  0
CIRCLE
  8
MIX
 10
42.9114
 20
34.9781
 40
0.6959
  0
CIRCLE
  8
MIX
 10
177.0023
 20
163.2336
 40
0.5328
  0
CIRCLE
  8
MIX
 10
-179.2639
 20
154.1462
 40
0.7389
  0
CIRCLE
  8
MIX
 10
-39.2299
 20
139.2214
 40
0.3873
  0
CIRCLE
  8
MIX
 10
-191.5994
 20
87.0617
 40
0.2144
  0
CIRCLE
  8
MIX
 10
-53.4514
 20
86.1968
 40
0.2140
  0
CIRCLE
  8
MIX
 10
-229.3852
 20
-186.3090
 40
0.4342
  0
CIRCLE
  8
MIX
 10
-88.6989
 20
154.1652
 40
0.9937
  0
CIRCLE
  8
MIX
 10
113.5501
 20
-108.7367
 40
0.3803
  0
CIRCLE
  8
MIX
 10
209.7078
 20
-62.3533
 40
0.4994
  0
CIRCLE
  8
MIX
 10
-252.4860
 20
-162.2796
 40
0.3814
  0
CIRCLE
  8
MIX
 10
-127.4606
 20
-189.3980
 40
0.7590
  0
CIRCLE
  8
MIX
 10
73.3052
 20
-134.8537
 40
0.8851
  0
CIRCLE
  8
MIX
 10
-42.8199
 20
73.5942
 40
0.2727
  0
CIRCLE
  8
MIX
 10
212.1791
 20
52.7144
 40
0.9801
  0
CIRCLE
  8
MIX
 10
259.9840
 20
132.1696
 40
0.7793
  0
CIRCLE
  8
MIX
 10
24.9189
 20
-82.6165
 40
0.2068
  0
CIRCLE
  8
MIX
 10
-242.3299
 20
-81.4162
 40
0.6350
  0
CIRCLE
  8
MIX
 10
-173.4576
 20
99.7312
 40
0.5654
  0
CIRCLE
  8
MIX
 10
-107.6769
 20
-33.0134
 40
0.7743
  0
CIRCLE
  8
MIX
 10
-184.0699
 20
188.1954
 40
0.1832
  0
CIRCLE
  8
MIX
 10
83.0266
 20
116.2644
 40
0.8623
  0
CIRCLE
  8
MIX
 10
210.3819
 20
3.8392
 40
0.5819
  0
CIRCLE
  8
MIX
 10
-102.0487
 20
-53.8384
 40
0.8209
  0
CIRCLE
  8
MIX
 10
170.0503
 20
85.8233
 40
0.1847
  0
CIRCLE
  8
MIX
 10
-224.8780
 20
72.3223
 40
0.5038
  0
CIRCLE
  8
MIX
 10
-227.3905
 20
191.3035
 40
0.2631
  0
CIRCLE
  8
MIX
 10
139.3191
 20
85.7601
 40
0.9016
  0
CIRCLE
  8
MIX
 10
290.6489
 20
18.7258
 40
0.9937
  0
CIRCLE
  8
MIX
 10
277.9064
 20
-176.7847
 40
0.6361
  0
CIRCLE
  8
MIX
 10
-280.6252
 20
186.7137
 40
0.7128
  0
CIRCLE
  8
MIX
 10
121.0517
 20
-131.8346
 40
0.4165
  0
CIRCLE
  8
MIX
 10
-93.4763
 20
-111.8155
 40
0.6735
  0
CIRCLE
  8
MIX
 10
-276.9249
 20
149.1451
 40
0.2602
  0
CIRCLE
  8
MIX
 10
206.1736
 20
97.2402
 40
0.4579
  0
CIRCLE
  8
MIX
 10
122.7751
 20
83.7718
 40
0.2384
  0
CIRCLE
  8
MIX
 10
99.6438
 20
-88.9916
 40
0.8358
  0
CIRCLE
  8
MIX
 10
192.7877
 20
114.7056
 40
0.4073
  0
CIRCLE
  8
MIX
 10
-293.8526
 20
-173.7927
 40
0.6686
  0
CIRCLE
  8
MIX
 10
-227.4136
 20
58.9470
 40
0.9606
  0
CIRCLE
  8
MIX
 10
-90.4479
 20
177.0223
 40
0.4870
  0
CIRCLE
  8
MIX
 10
-142.1259
 20
-4.3554
 40
0.8917
  0
CIRCLE
  8
MIX
 10
-248.2382
 20
123.1703
 40
0.4156
  0
CIRCLE
  8
MIX
 10
-167.8937
 20
81.2021
 40
0.7644
  0
CIRCLE
  8
MIX
 10
164.1168
 20
-168.9709
 40
0.9642
  0
CIRCLE
  8
MIX
 10
-195.0321
 20
-194.8247
 40
0.5749
  0
CIRCLE
  8
MIX
 10
-197.9489
 20
22.6836
 40
0.1607
  0
CIRCLE
  8
MIX
 10
279.0512
 20
-82.4944
 40
0.1581
  0
CIRCLE
  8
MIX
 10
-268.6832
 20
83.9312
 40
0.8411
  0
CIRCLE
  8
MIX
 10
201.0017
 20
-181.7222
 40
0.5298
  0
CIRCLE
  8
MIX
 10
-267.3822
 20
-151.0519
 40
0.6495
  0
CIRCLE
  8
MIX
 10
-131.7377
 20
116.6799
 40
0.8639
  0
CIRCLE
  8
MIX
 10
-228.2493
 20
-147.3000
 40
0.9134
  0
CIRCLE
  8
MIX
 10
268.5037
 20
-62.5753
 40
0.5695
  0
CIRCLE
  8
MIX
 10
10.5721
 20
48.5244
 40
0.9533
  0
CIRCLE
  8
MIX
 10
287.1288
 20
111.8167
 40
0.1546
  0
CIRCLE
  8
MIX
 10
6.5547
 20
-66.1191
 40
0.6954
  0
CIRCLE
  8
MIX
 10
-269.8669
 20
8.1710
 40
0.4297
  0
CIRCLE
  8
MIX
 10
-58.3987
 20
-41.6992
 40
0.6792
  0
CIRCLE
  8
MIX
 10
26.3440
 20
-186.3500
 40
0.2162
  0
CIRCLE
  8
MIX
 10
220.4199
 20
-169.6800
 40
0.5863
  0
CIRCLE
  8
MIX
 10
265.8902
 20
-121.9555
 40
0.3177
  0
CIRCLE
  8
MIX
 10
-18.6448
 20
30.9022
 40
0.7440
  0
CIRCLE
  8
MIX
 10
-38.0696
 20
-119.1765
 40
0.6876
  0
CIRCLE
  8
MIX
 10
-135.6069
 20
15.8023
 40
0.4886
  0
CIRCLE
  8
MIX
 10
-78.5591
 20
137.1743
 40
0.2193
  0
CIRCLE
  8
MIX
 10
238.3356
 20
-75.2723
 40
0.9331
  0
CIRCLE
  8
MIX
 10
-130.5285
 20
-52.0101
 40
0.7555
  0
CIRCLE
  8
MIX
 10
128.1514
 20
-2.7139
 40
0.5366
  0
CIRCLE
  8
MIX
 10
250.9910
 20
-5.9046
 40
0.3250
  0
CIRCLE
  8
MIX
 10
-19.5230
 20
-119.1952
 40
0.5381
  0
CIRCLE
  8
MIX
 10
196.4889
 20
137.6795
 40
0.2045
  0
CIRCLE
  8
MIX
 10
166.4363
 20
-110.5764
 40
0.6677
  0
CIRCLE
  8
MIX
 10
253.1497
 20
-144.8337
 40
0.2665
  0
CIRCLE
  8
MIX
 10
-287.3936
 20
133.6479
 40
0.2949
  0
CIRCLE
  8
MIX
 10
113.9007
 20
66.8769
 40
0.2992
  0
CIRCLE
  8
MIX
 10
109.3358
 20
151.0539
 40
0.4445
  0
CIRCLE
  8
MIX
 10
-166.7820
 20
-8.9624
 40
0.3773
  0
CIRCLE
  8
MIX
 10
16.9695
 20
-71.6923
 40
0.8668
  0
CIRCLE
  8
MIX
 10
272.5002
 20
-105.7594
 40
0.7010
  0
CIRCLE
  8
MIX
 10
181.1014
 20
178.3558
 40
0.9606
  0
CIRCLE
  8
MIX
 10
-169.6591
 20
128.6089
 40
0.9650
  0
CIRCLE
  8
MIX
 10
-95.9897
 20
-139.2006
 40
0.3432
  0
CIRCLE
  8
MIX
 10
105.3907
 20
-41.0940
 40
0.9448
  0
CIRCLE
  8
MIX
 10
-292.8120
 20
154.3489
 40
0.8869
  0
CIRCLE
  8
MIX
 10
102.9605
 20
-68.0890
 40
0.2618
  0
CIRCLE
  8
MIX
 10
75.5932
 20
144.0981
 40
0.4491
  0
CIRCLE
  8
MIX
 10
-127.6843
 20
46.8072
 40
0.9775
  0
CIRCLE
  8
MIX
 10
84.2040
 20
-170.5710
 40
0.3931
  0
CIRCLE
  8
MIX
 10
-178.9930
 20
140.3520
 40
0.6397
  0
CIRCLE
  8
MIX
 10
277.8530
 20
76.8871
 40
0.9857
  0
CIRCLE
  8
MIX
 10
236.8208
 20
-94.5437
 40
0.7858
  0
CIRCLE
  8
MIX
 10
152.4585
 20
192.6273
 40
0.7502
  0
CIRCLE
  8
MIX
 10
278.2657
 20
37.7640
 40
0.8062
  0
CIRCLE
  8
MIX
 10
275.8613
 20
-102.7517
 40
0.6976
  0
CIRCLE
  8
MIX
 10
132.1848
 20
93.1167
 40
0.4137
  0
CIRCLE
  8
MIX
 10
-154.2056
 20
148.2783
 40
0.5986
  0
CIRCLE
  8
MIX
 10
213.3569
 20
-9.3120
 40
0.5697
  0
CIRCLE
  8
MIX
 10
117.2978
 20
158.4813
 40
0.2365
  0
CIRCLE
  8
MIX
 10
-132.9418
 20
103.3087
 40
0.3965
  0
CIRCLE
  8
MIX
 10
-31.6062
 20
7.7869
 40
0.4880
  0
CIRCLE
  8
MIX
 10
-117.2324
 20
49.3343
 40
0.9865
  0
CIRCLE
  8
MIX
 10
-222.6879
 20
-190.7610
 40
0.7677
  0
CIRCLE
  8
MIX
 10
196.7464
 20
-129.4149
 40
0.5133
  0
CIRCLE
  8
MIX
 10
-186.7565
 20
11.1795
 40
0.5231
  0
CIRCLE
  8
MIX
 10
-255.6300
 20
-160.3432
 40
0.9814
  0
CIRCLE
  8
MIX
 10
-248.2356
 20
-184.8335
 40
0.6877
  0
CIRCLE
  8
MIX
 10
181.0745
 20
38.5128
 40
0.2847
  0
CIRCLE
  8
MIX
 10
-58.0518
 20
-161.8717
 40
0.1721
  0
CIRCLE
  8
MIX
 10
-35.1328
 20
99.9775
 40
0.4537
  0
CIRCLE
  8
MIX
 10
-258.9667
 20
-145.7674
 40
0.1510
  0
CIRCLE
  8
MIX
 10
-105.2282
 20
75.7998
 40
0.8162
  0
CIRCLE
  8
MIX
 10
40.5787
 20
193.1354
 40
0.3721
  0
CIRCLE
  8
MIX
 10
179.6012
 20
170.6000
 40
0.7591
  0
CIRCLE
  8
MIX
 10
-58.4233
 20
-7.0609
 40
0.5739
  0
CIRCLE
  8
MIX
 10
191.3134
 20
151.5041
 40
0.3646
  0
CIRCLE
  8
MIX
 10
-238.7564
 20
-55.4347
 40
0.8369
  0
CIRCLE
  8
MIX
 10
-181.8379
 20
-20.1523
 40
0.6798
  0
CIRCLE
  8
MIX
 10
-272.5650
 20
-54.4029
 40
0.3120
  0
CIRCLE
  8
MIX
 10
276.1563
 20
5.2615
 40
0.2300
  0
CIRCLE
  8
MIX
 10
134.0698
 20
42.2115
 40
0.3529
  0
CIRCLE
  8
MIX
 10
194.2356
 20
54.9663
 40
0.8750
  0
CIRCLE
  8
MIX
 10
8.8619
 20
23.8568
 40
0.8814
  0
CIRCLE
  8
MIX
 10
40.3076
 20
-56.5285
 40
0.5970
  0
CIRCLE
  8
MIX
 10
-110.7183
 20
-106.9136
 40
0.6182
  0
CIRCLE
  8
MIX
 10
-176.8740
 20
-88.6735
 40
0.4716
  0
CIRCLE
  8
MIX
 10
-79.7268
 20
-111.3208
 40
0.2689
  0
CIRCLE
  8
MIX
 10
240.1620
 20
-72.6236
 40
0.3804
  0
CIRCLE
  8
MIX
 10
204.0650
 20
150.1217
 40
0.1597
  0
CIRCLE
  8
MIX
 10
95.3930
 20
48.3654
 40
0.4881
  0
CIRCLE
  8
MIX
 10
24.6983
 20
-8.0638
 40
0.4509
  0
CIRCLE
  8
MIX
 10
-195.4537
 20
-66.0260
 40
0.2490
  0
CIRCLE
  8
MIX
 10
-176.0963
 20
-66.5345
 40
0.9851
  0
CIRCLE
  8
MIX
 10
-209.9614
 20
105.7031
 40
0.3036
  0
CIRCLE
  8
MIX
 10
-263.0765
 20
-130.1724
 40
0.5680
  0
CIRCLE
  8
MIX
 10
-125.0908
 20
-104.3017
 40
0.7801
  0
CIRCLE
  8
MIX
 10
-26.9234
 20
99.0650
 40
0.9026
  0
CIRCLE
  8
MIX
 10
275.6829
 20
-32.1267
 40
0.1612
  0
CIRCLE
  8
MIX
 10
-27.4857
 20
125.3016
 40
0.3233
  0
CIRCLE
  8
MIX
 10
289.5920
 20
59.8084
 40
0.8724
  0
CIRCLE
  8
MIX
 10
-175.9979
 20
184.2226
 40
0.9664
  0
CIRCLE
  8
MIX
 10
-116.8348
 20
-118.8961
 40
0.1703
  0
CIRCLE
  8
MIX
 10
-95.0959
 20
-78.3332
 40
0.3518
  0
CIRCLE
  8
MIX
 10
-111.8806
 20
73.4211
 40
0.2663
  0
CIRCLE
  8
MIX
 10
170.1175
 20
-135.1894
 40
0.9807
  0
CIRCLE
  8
MIX
 10
-111.9913
 20
130.5866
 40
0.2972
  0
CIRCLE
  8
MIX
 10
17.7365
 20
-55.4165
 40
0.3298
  0
CIRCLE
  8
MIX
 10
-83.5522
 20
-24.8739
 40
0.2510
  0
CIRCLE
  8
MIX
 10
201.9815
 20
-36.1648
 40
0.6200
  0
CIRCLE
  8
MIX
 10
-3.8139
 20
-148.3280
 40
0.3064
  0
CIRCLE
  8
MIX
 10
-255.3505
 20
-75.3795
 40
0.2708
  0
CIRCLE
  8
MIX
 10
79.1070
 20
-160.8795
 40
0.4574
  0
CIRCLE
  8
MIX
 10
-278.7135
 20
-193.9657
 40
0.3485
  0
CIRCLE
  8
MIX
 10
-128.3770
 20
-186.5725
 40
0.7441
  0
CIRCLE
  8
MIX
 10
113.6882
 20
-102.4331
 40
0.6763
  0
CIRCLE
  8
MIX
 10
89.1750
 20
82.8004
 40
0.2658
  0
CIRCLE
  8
MIX
 10
-47.5309
 20
-1.8010
 40
0.9964
  0
CIRCLE
  8
MIX
 10
-61.1229
 20
167.9971
 40
0.5258
  0
CIRCLE
  8
MIX
 10
278.5340
 20
144.6846
 40
0.1896
  0
CIRCLE
  8
MIX
 10
-197.9784
 20
-36.2533
 40
0.1778
  0
CIRCLE
  8
MIX
 10
-53.3953
 20
19.9044
 40
0.4262
  0
CIRCLE
  8
MIX
 10
-290.5684
 20
-45.8018
 40
0.7185
  0
CIRCLE
  8
MIX
 10
123.7379
 20
20.0897
 40
0.8702
  0
CIRCLE
  8
MIX
 10
163.7596
 20
177.0437
 40
0.6302
  0
CIRCLE
  8
MIX
 10
27.2761
 20
94.3388
 40
0.5961
  0
CIRCLE
  8
MIX
 10
-154.9618
 20
-121.2048
 40
0.7302
  0
CIRCLE
  8
MIX
 10
186.1449
 20
-32.5489
 40
0.1859
  0
CIRCLE
  8
MIX
 10
-169.6599
 20
58.8664
 40
0.4024
  0
CIRCLE
  8
MIX
 10
-166.8989
 20
-156.0825
 40
0.5041
  0
CIRCLE
  8
MIX
 10
-283.4511
 20
-46.1143
 40
0.7478
  0
CIRCLE
  8
MIX
 10
-130.3023
 20
-86.8085
 40
0.2420
  0
CIRCLE
  8
MIX
 10
-281.7700
 20
-12.7250
 40
0.5932
  0
CIRCLE
  8
MIX
 10
46.6085
 20
80.3695
 40
0.2204
  0
CIRCLE
  8
MIX
 10
211.6739
 20
143.8381
 40
0.8852
  0
CIRCLE
  8
MIX
 10
-54.1938
 20
-101.6186
 40
0.5936
  0
CIRCLE
  8
MIX
 10
-277.3909
 20
-123.8454
 40
0.1690
  0
CIRCLE
  8
MIX
 10
84.1489
 20
-156.0156
 40
0.8402
  0
CIRCLE
  8
MIX
 10
10.1020
 20
-109.7834
 40
0.6820
  0
CIRCLE
  8
MIX
 10
286.4717
 20
36.5113
 40
0.9104
  0
CIRCLE
  8
MIX
 10
-135.9760
 20
63.2363
 40
0.9608
  0
CIRCLE
  8
MIX
 10
246.5280
 20
111.7069
 40
0.9162
  0
CIRCLE
  8
MIX
 10
-200.5772
 20
-11.8668
 40
0.4665
  0
CIRCLE
  8
MIX
 10
2.3517
 20
-190.6702
 40
0.2403
  0
CIRCLE
  8
MIX
 10
129.4369
 20
168.1375
 40
0.4596
  0
CIRCLE
  8
MIX
 10
15.0509
 20
48.7663
 40
0.5519
  0
CIRCLE
  8
MIX
 10
290.2858
 20
-47.5383
 40
0.5725
  0
CIRCLE
  8
MIX
 10
-217.0455
 20
27.9367
 40
0.4411
  0
CIRCLE
  8
MIX
 10
58.6060
 20
-118.6394
 40
0.4880
  0
CIRCLE
  8
MIX
 10
-187.3372
 20
-46.4710
 40
0.9646
  0
CIRCLE
  8
MIX
 10
244.2371
 20
-192.6466
 40
0.7734
  0
CIRCLE
  8
MIX
 10
41.1490
 20
61.3167
 40
0.5271
  0
CIRCLE
  8
MIX
 10
11.7358
 20
-9.8158
 40
0.7507
  0
CIRCLE
  8
MIX
 10
274.8761
 20
-109.7394
 40
0.5011
  0
CIRCLE
  8
MIX
 10
-157.3326
 20
-172.5094
 40
0.1720
  0
CIRCLE
  8
MIX
 10
-30.8203
 20
-100.4979
 40
0.5491
  0
CIRCLE
  8
MIX
 10
-140.6657
 20
192.3886
 40
0.2373
  0
CIRCLE
  8
MIX
 10
-139.8310
 20
-30.5135
 40
0.4128
  0
CIRCLE
  8
MIX
 10
270.3125
 20
144.5162
 40
0.7624
  0
CIRCLE
  8
MIX
 10
-41.6278
 20
43.5523
 40
0.9040
  0
CIRCLE
  8
MIX
 10
-19.7857
 20
193.7489
 40
0.9825
  0
CIRCLE
  8
MIX
 10
184.5451
 20
-149.3632
 40
0.9739
  0
CIRCLE
  8
MIX
 10
121.7409
 20
-12.9236
 40
0.4506
  0
CIRCLE
  8
MIX
 10
99.7182
 20
-180.4632
 40
0.3951
  0
CIRCLE
  8
MIX
 10
-281.4221
 20
-139.7637
 40
0.6076
  0
CIRCLE
  8
MIX
 10
-150.0592
 20
-83.3359
 40
0.4004
  0
CIRCLE
  8
MIX
 10
154.2678
 20
27.9140
 40
0.8489
  0
CIRCLE
  8
MIX
 10
167.5261
 20
-21.2902
 40
0.1870
  0
CIRCLE
  8
MIX
 10
-43.8809
 20
-149.1367
 40
0.4464
  0
CIRCLE
  8
MIX
 10
-278.8335
 20
135.3222
 40
0.9527
  0
CIRCLE
  8
MIX
 10
-114.2678
 20
-193.5495
 40
0.3331
  0
CIRCLE
  8
MIX
 10
293.3266
 20
41.0638
 40
0.8259
  0
CIRCLE
  8
MIX
 10
230.0844
 20
62.1116
 40
0.3812
  0
CIRCLE
  8
MIX
 10
-168.9278
 20
-163.2088
 40
0.6790
  0
CIRCLE
  8
MIX
 10
-79.4254
 20
-59.7065
 40
0.2273
  0
CIRCLE
  8
MIX
 10
62.2188
 20
144.4492
 40
0.3210
  0
CIRCLE
  8
MIX
 10
3.2275
 20
39.8786
 40
0.3912
  0
CIRCLE
  8
MIX
 10
248.6222
 20
-117.6615
 40
0.6835
  0
CIRCLE
  8
MIX
 10
-7.3466
 20
-75.8925
 40
0.5531
  0
CIRCLE
  8
MIX
 10
-41.1542
 20
-193.5517
 40
0.8575
  0
CIRCLE
  8
MIX
 10
-173.4037
 20
-140.1180
 40
0.3392
  0
CIRCLE
  8
MIX
 10
249.5675
 20
-76.2972
 40
0.4258
  0
CIRCLE
  8
MIX
 10
118.2368
 20
59.2855
 40
0.4606
  0
CIRCLE
  8
MIX
 10
-54.8140
 20
-148.8096
 40
0.6848
  0
CIRCLE
  8
MIX
 10
201.0894
 20
172.4579
 40
0.9986
  0
CIRCLE
  8
MIX
 10
-135.5960
 20
27.8871
 40
0.7357
  0
CIRCLE
  8
MIX
 10
157.6078
 20
-127.1408
 40
0.1769
  0
CIRCLE
  8
MIX
 10
277.3494
 20
-91.7042
 40
0.8532
  0
CIRCLE
  8
MIX
 10
-221.2809
 20
-87.3083
 40
0.3969
  0
CIRCLE
  8
MIX
 10
-86.6976
 20
147.0507
 40
0.6504
  0
CIRCLE
  8
MIX
 10
-131.2794
 20
9.0844
 40
0.8885
  0
CIRCLE
  8
MIX
 10
-66.4360
 20
76.1366
 40
0.7909
  0
CIRCLE
  8
MIX
 10
149.5198
 20
121.8181
 40
0.3774
  0
CIRCLE
  8
MIX
 10
-117.3009
 20
78.1853
 40
0.9565
  0
CIRCLE
  8
MIX
 10
61.3444
 20
-47.8600
 40
0.2459
  0
CIRCLE
  8
MIX
 10
120.5421
 20
-63.3992
 40
0.4947
  0
CIRCLE
  8
MIX
 10
-24.9623
 20
-99.1715
 40
0.4562
  0
CIRCLE
  8
MIX
 10
-216.7654
 20
22.2643
 40
0.5463
  0
CIRCLE
  8
MIX
 10
-144.8659
 20
123.3780
 40
0.3039
  0
CIRCLE
  8
MIX
 10
-29.5871
 20
3.5481
 40
0.3282
  0
CIRCLE
  8
MIX
 10
-125.6595
 20
-37.7776
 40
0.6753
  0
CIRCLE
  8
MIX
 10
33.7265
 20
97.5522
 40
0.1687
  0
CIRCLE
  8
MIX
 10
90.0628
 20
-68.4388
 40
0.9377
  0
CIRCLE
  8
MIX
 10
155.4081
 20
-37.8550
 40
0.8972
  0
CIRCLE
  8
MIX
 10
233.4840
 20
190.8413
 40
0.7284
  0
CIRCLE
  8
MIX
 10
200.8655
 20
86.7615
 40
0.5354
  0
CIRCLE
  8
MIX
 10
222.6567
 20
-70.4726
 40
0.6482
  0
CIRCLE
  8
MIX
 10
-237.5095
 20
-48.7346
 40
0.7996
  0
CIRCLE
  8
MIX
 10
-225.6272
 20
49.7221
 40
0.9115
  0
CIRCLE
  8
MIX
 10
79.3221
 20
112.7447
 40
0.8623
  0
CIRCLE
  8
MIX
 10
-63.5326
 20
45.7159
 40
0.7459
  0
CIRCLE
  8
MIX
 10
-204.8904
 20
26.1461
 40
0.6680
  0
CIRCLE
  8
MIX
 10
63.9541
 20
-58.0928
 40
0.6745
  0
CIRCLE
  8
MIX
 10
-188.0498
 20
12.4094
 40
0.9565
  0
CIRCLE
  8
MIX
 10
-119.7806
 20
93.9961
 40
0.8264
  0
CIRCLE
  8
MIX
 10
-175.7245
 20
153.4828
 40
0.2520
  0
CIRCLE
  8
MIX
 10
199.6794
 20
-115.8507
 40
0.3258
  0
CIRCLE
  8
MIX
 10
174.7757
 20
53.5432
 40
0.1798
  0
CIRCLE
  8
MIX
 10
-217.9274
 20
-9.7667
 40
0.2289
  0
CIRCLE
  8
MIX
 10
-23.8648
 20
166.1559
 40
0.3592
  0
CIRCLE
  8
MIX
 10
-167.8247
 20
-156.5514
 40
0.8152
  0
CIRCLE
  8
MIX
 10
-273.5410
 20
-15.7640
 40
0.6475
  0
CIRCLE
  8
MIX
 10
153.4338
 20
29.0306
 40
0.1891
  0
CIRCLE
  8
MIX
 10
88.2411
 20
79.7719
 40
0.6512
  0
CIRCLE
  8
MIX
 10
71.0567
 20
42.3587
 40
0.3485
  0
CIRCLE
  8
MIX
 10
-23.0838
 20
-160.4120
 40
0.3452
  0
CIRCLE
  8
MIX
 10
-69.2426
 20
-180.9160
 40
0.9772
  0
CIRCLE
  8
MIX
 10
-38.3016
 20
-191.7910
 40
0.8640
  0
CIRCLE
  8
MIX
 10
-215.1765
 20
124.0004
 40
0.6089
  0
CIRCLE
  8
MIX
 10
-65.2115
 20
-114.6097
 40
0.5212
  0
CIRCLE
  8
MIX
 10
-191.2279
 20
130.5890
 40
0.6349
  0
CIRCLE
  8
MIX
 10
211.3782
 20
-149.6453
 40
0.6996
  0
CIRCLE
  8
MIX
 10
-149.2234
 20
162.7197
 40
0.9374
  0
CIRCLE
  8
MIX
 10
38.4475
 20
3.4648
 40
0.2873
  0
CIRCLE
  8
MIX
 10
73.5699
 20
13.1342
 40
0.6496
  0
CIRCLE
  8
MIX
 10
-28.6142
 20
35.2210
 40
0.8567
  0
CIRCLE
  8
MIX
 10
-114.1098
 20
71.3274
 40
0.8988
  0
CIRCLE
  8
MIX
 10
-219.7781
 20
188.3535
 40
0.2356
  0
CIRCLE
  8
MIX
 10
-261.0031
 20
67.5217
 40
0.5309
  0
CIRCLE
  8
MIX
 10
-192.0310
 20
-152.3726
 40
0.4486
  0
CIRCLE
  8
MIX
 10
14.5795
 20
0.8590
 40
0.6344
  0
CIRCLE
  8
MIX
 10
178.5351
 20
120.0408
 40
0.7556
  0
CIRCLE
  8
MIX
 10
-45.2181
 20
-60.0495
 40
0.2278
  0
CIRCLE
  8
MIX
 10
197.0561
 20
151.6369
 40
0.9264
  0
CIRCLE
  8
MIX
 10
-125.7002
 20
-156.2089
 40
0.7289
  0
CIRCLE
  8
MIX
 10
127.6404
 20
-127.5997
 40
0.7067
  0
CIRCLE
  8
MIX
 10
199.8408
 20
142.0004
 40
0.8514
  0
CIRCLE
  8
MIX
 10
-211.3897
 20
83.9338
 40
0.7040
  0
CIRCLE
  8
MIX
 10
-255.0844
 20
46.6526
 40
0.3412
  0
CIRCLE
  8
MIX
 10
139.6413
 20
112.0507
 40
0.8315
  0
CIRCLE
  8
MIX
 10
259.1941
 20
164.8546
 40
0.5405
  0
CIRCLE
  8
MIX
 10
-255.0122
 20
-145.6700
 40
0.8047
  0
CIRCLE
  8
MIX
 10
132.7766
 20
-107.0326
 40
0.4285
  0
CIRCLE
  8
MIX
 10
148.4842
 20
-52.6906
 40
0.5661
  0
CIRCLE
  8
MIX
 10
37.9359
 20
-128.8020
 40
0.5866
  0
CIRCLE
  8
MIX
 10
85.4872
 20
105.5885
 40
0.6253
  0
CIRCLE
  8
MIX
 10
-24.5622
 20
142.4677
 40
0.6123
  0
CIRCLE
  8
MIX
 10
170.6117
 20
141.9323
 40
0.2815
  0
CIRCLE
  8
MIX
 10
180.6903
 20
33.2283
 40
0.8053
  0
CIRCLE
  8
MIX
 10
224.2782
 20
-10.2502
 40
0.7370
  0
CIRCLE
  8
MIX
 10
-172.0377
 20
-52.4868
 40
0.7654
  0
CIRCLE
  8
MIX
 10
-68.0368
 20
103.3246
 40
0.1620
  0
CIRCLE
  8
MIX
 10
269.9939
 20
30.2184
 40
0.9691
  0
CIRCLE
  8
MIX
 10
253.8963
 20
-176.8494
 40
0.3193
  0
CIRCLE
  8
MIX
 10
166.7434
 20
2.6555
 40
0.9688
  0
CIRCLE
  8
MIX
 10
-233.9893
 20
-130.0868
 40
0.9557
  0
CIRCLE
  8
MIX
 10
-67.9580
 20
-115.9326
 40
0.8903
  0
CIRCLE
  8
MIX
 10
-178.5084
 20
-52.6793
 40
0.1973
  0
CIRCLE
  8
MIX
 10
-8.2169
 20
-101.7159
 40
0.7182
  0
CIRCLE
  8
MIX
 10
72.5178
 20
187.3657
 40
0.3535
  0
CIRCLE
  8
MIX
 10
213.2352
 20
-33.7238
 40
0.6690
  0
CIRCLE
  8
MIX
 10
0.0191
 20
97.9469
 40
0.7764
  0
CIRCLE
  8
MIX
 10
23.3665
 20
74.2926
 40
0.3788
  0
CIRCLE
  8
MIX
 10
-128.2922
 20
-191.6543
 40
0.4293
  0
CIRCLE
  8
MIX
 10
-64.0362
 20
94.7874
 40
0.4935
  0
CIRCLE
  8
MIX
 10
281.5577
 20
-120.9097
 40
0.7471
  0
CIRCLE
  8
MIX
 10
-255.9334
 20
-145.2987
 40
0.6668
  0
CIRCLE
  8
MIX
 10
3.5304
 20
-124.5105
 40
0.3499
  0
CIRCLE
  8
MIX
 10
-262.9309
 20
-65.8741
 40
0.6588
  0
CIRCLE
  8
MIX
 10
224.9458
 20
-35.1545
 40
0.3019
  0
CIRCLE
  8
MIX
 10
252.0201
 20
9.1741
 40
0.6083
  0
CIRCLE
  8
MIX
 10
-293.2869
 20
92.2937
 40
0.8375
  0
CIRCLE
  8
MIX
 10
237.4172
 20
77.2773
 40
0.3417
  0
CIRCLE
  8
MIX
 10
244.9203
 20
-54.3719
 40
0.2882
  0
CIRCLE
  8
MIX
 10
-183.5908
 20
152.3687
 40
0.8023
  0
CIRCLE
  8
MIX
 10
-202.7143
 20
51.6006
 40
0.5419
  0
CIRCLE
  8
MIX
 10
-33.9765
 20
-127.2576
 40
0.8961
  0
CIRCLE
  8
MIX
 10
-135.0518
 20
-148.7207
 40
0.1898
  0
CIRCLE
  8
MIX
 10
1.0885
 20
-182.9451
 40
0.5399
  0
CIRCLE
  8
MIX
 10
1.2639
 20
176.3681
 40
0.6054
  0
CIRCLE
  8
MIX
 10
137.1659
 20
-44.7950
 40
0.3082
  0
CIRCLE
  8
MIX
 10
-279.0646
 20
98.1738
 40
0.8086
  0
CIRCLE
  8
MIX
 10
-192.7065
 20
141.9407
 40
0.7051
  0
CIRCLE
  8
MIX
 10
121.1820
 20
42.4127
 40
0.9786
  0
CIRCLE
  8
MIX
 10
73.9240
 20
83.2501
 40
0.7254
  0
CIRCLE
  8
MIX
 10
-261.9964
 20
-127.4807
 40
0.9416
  0
CIRCLE
  8
MIX
 10
-168.6308
 20
190.1425
 40
0.1605
  0
CIRCLE
  8
MIX
 10
261.1598
 20
-152.1873
 40
0.5200
  0
CIRCLE
  8
MIX
 10
-183.4197
 20
-147.4287
 40
0.3982
  0
CIRCLE
  8
MIX
 10
-232.4802
 20
7.0353
 40
0.7229
  0
CIRCLE
  8
MIX
 10
-211.5449
 20
49.2383
 40
0.9422
  0
CIRCLE
  8
MIX
 10
-239.8077
 20
68.6589
 40
0.5863
  0
CIRCLE
  8
MIX
 10
199.3242
 20
-91.8973
 40
0.4485
  0
CIRCLE
  8
MIX
 10
-173.4319
 20
-166.8021
 40
0.9275
  0
CIRCLE
  8
MIX
 10
188.0653
 20
48.8390
 40
0.6178
  0
CIRCLE
  8
MIX
 10
88.3495
 20
-4.1596
 40
0.3474
  0
CIRCLE
  8
MIX
 10
-176.3079
 20
-86.4849
 40
0.3542
  0
CIRCLE
  8
MIX
 10
-262.9504
 20
-83.7619
 40
0.7056
  0
CIRCLE
  8
MIX
 10
-227.4999
 20
56.6176
 40
0.7325
  0
CIRCLE
  8
MIX
 10
145.5746
 20
-57.4467
 40
0.5328
  0
CIRCLE
  8
MIX
 10
-137.8148
 20
-128.4872
 40
0.6638
  0
CIRCLE
  8
MIX
 10
26.5998
 20
155.0827
 40
0.8929
  0
CIRCLE
  8
MIX
 10
94.0275
 20
-111.2670
 40
0.3454
  0
CIRCLE
  8
MIX
 10
-162.2340
 20
17.2192
 40
0.4430
  0
CIRCLE
  8
MIX
 10
190.4992
 20
-116.6319
 40
0.4296
  0
CIRCLE
  8
MIX
 10
-241.4915
 20
84.4228
 40
0.9191
  0
CIRCLE
  8
MIX
 10
-8.2281
 20
115.5857
 40
0.1821
  0
CIRCLE
  8
MIX
 10
-220.1665
 20
-138.4984
 40
0.6838
  0
CIRCLE
  8
MIX
 10
141.8053
 20
-128.8679
 40
0.2246
  0
CIRCLE
  8
MIX
 10
232.8326
 20
-168.9003
 40
0.7070
  0
CIRCLE
  8
MIX
 10
194.2465
 20
8.8425
 40
0.8568
  0
CIRCLE
  8
MIX
 10
20.4131
 20
48.1077
 40
0.7053
  0
CIRCLE
  8
MIX
 10
-228.4801
 20
-189.0410
 40
0.7809
  0
CIRCLE
  8
MIX
 10
195.8863
 20
-18.0059
 40
0.6849
  0
CIRCLE
  8
MIX
 10
218.4689
 20
100.6690
 40
0.2872
  0
CIRCLE
  8
MIX
 10
-202.0691
 20
178.0621
 40
0.2047
  0
CIRCLE
  8
MIX
 10
175.9994
 20
50.9804
 40
0.4653
  0
CIRCLE
  8
MIX
 10
-239.7006
 20
-14.3932
 40
0.2564
  0
CIRCLE
  8
MIX
 10
121.5951
 20
-138.8938
 40
0.9581
  0
CIRCLE
  8
MIX
 10
42.7009
 20
-167.8586
 40
0.2744
  0
CIRCLE
  8
MIX
 10
-66.4016
 20
-77.8313
 40
0.3290
  0
CIRCLE
  8
MIX
 10
-147.1725
 20
-25.4812
 40
0.5985
  0
CIRCLE
  8
MIX
 10
-103.9887
 20
-85.4705
 40
0.7060
  0
CIRCLE
  8
MIX
 10
14.7467
 20
146.1564
 40
0.6047
  0
CIRCLE
  8
MIX
 10
-218.4709
 20
65.6257
 40
0.3975
  0
CIRCLE
  8
MIX
 10
232.1056
 20
170.9171
 40
0.2322
  0
CIRCLE
  8
MIX
 10
213.8201
 20
81.1264
 40
0.6295
  0
CIRCLE
  8
MIX
 10
-177.9680
 20
74.7687
 40
0.5228
  0
CIRCLE
  8
MIX
 10
206.9587
 20
54.7348
 40
0.1889
  0
CIRCLE
  8
MIX
 10
3.5293
 20
32.3749
 40
0.2882
  0
CIRCLE
  8
MIX
 10
261.6584
 20
-65.6675
 40
0.4000
  0
CIRCLE
  8
MIX
 10
208.7901
 20
-66.4692
 40
0.1757
  0
CIRCLE
  8
MIX
 10
-64.2177
 20
-144.3862
 40
0.7239
  0
CIRCLE
  8
MIX
 10
133.4527
 20
-119.9273
 40
0.2600
  0
CIRCLE
  8
MIX
 10
-88.2149
 20
180.1609
 40
0.9754
  0
CIRCLE
  8
MIX
 10
148.6375
 20
43.8364
 40
0.2913
  0
CIRCLE
  8
MIX
 10
57.5098
 20
-175.6939
 40
0.6185
  0
CIRCLE
  8
MIX
 10
89.8905
 20
146.6492
 40
0.3177
  0
CIRCLE
  8
MIX
 10
200.3759
 20
-150.6361
 40
0.2931
  0
CIRCLE
  8
MIX
 10
152.1605
 20
50.4671
 40
0.2241
  0
CIRCLE
  8
MIX
 10
-60.2973
 20
-15.8521
 40
0.5212
  0
CIRCLE
  8
MIX
 10
-88.0887
 20
-184.1324
 40
0.3251
  0
CIRCLE
  8
MIX
 10
-81.0378
 20
88.3650
 40
0.2434
  0
CIRCLE
  8
MIX
 10
23.6625
 20
-3.5739
 40
0.3682
  0
CIRCLE
  8
MIX
 10
290.4001
 20
-88.2523
 40
0.8359
  0
CIRCLE
  8
MIX
 10
-165.0902
 20
111.2865
 40
0.5826
  0
CIRCLE
  8
MIX
 10
-10.0472
 20
179.8968
 40
0.3004
  0
CIRCLE
  8
MIX
 10
156.7580
 20
144.7431
 40
0.9972
  0
CIRCLE
  8
MIX
 10
111.9696
 20
-24.9817
 40
0.1923
  0
CIRCLE
  8
MIX
 10
-76.0548
 20
186.1217
 40
0.3900
  0
CIRCLE
  8
MIX
 10
-137.8257
 20
89.2842
 40
0.3619
  0
CIRCLE
  8
MIX
 10
-176.4974
 20
-148.0601
 40
0.2116
  0
CIRCLE
  8
MIX
 10
-45.1778
 20
181.6953
 40
0.8556
  0
CIRCLE
  8
MIX
 10
102.3340
 20
-158.5126
 40
0.2999
  0
CIRCLE
  8
MIX
 10
-42.6310
 20
-152.6907
 40
0.9247
  0
CIRCLE
  8
MIX
 10
-223.2550
 20
-107.1560
 40
0.9027
  0
CIRCLE
  8
MIX
 10
-15.5724
 20
111.7824
 40
0.4865
  0
CIRCLE
  8
MIX
 10
77.6840
 20
-74.7963
 40
0.7567
  0
CIRCLE
  8
MIX
 10
-286.4126
 20
-74.4041
 40
0.1967
  0
CIRCLE
  8
MIX
 10
260.3896
 20
-38.5635
 40
0.5164
  0
CIRCLE
  8
MIX
 10
-39.9323
 20
92.3600
 40
0.2433
  0
CIRCLE
  8
MIX
 10
142.5568
 20
-161.6426
 40
0.4422
  0
CIRCLE
  8
MIX
 10
-53.5878
 20
-64.5488
 40
0.9229
  0
CIRCLE
  8
MIX
 10
-22.7434
 20
37.4235
 40
0.7223
  0
CIRCLE
  8
MIX
 10
258.7662
 20
68.1939
 40
0.9886
  0
CIRCLE
  8
MIX
 10
-8.0526
 20
-38.1948
 40
0.6223
  0
CIRCLE
  8
MIX
 10
253.9525
 20
-193.8983
 40
0.1761
  0
CIRCLE
  8
MIX
 10
89.2273
 20
73.2170
 40
0.5746
  0
CIRCLE
  8
MIX
 10
-167.1685
 20
-163.4168
 40
0.5897
  0
CIRCLE
  8
MIX
 10
74.7670
 20
-150.1953
 40
0.9654
  0
CIRCLE
  8
MIX
 10
186.5449
 20
-6.7385
 40
0.3901
  0
CIRCLE
  8
MIX
 10
-80.6382
 20
61.0140
 40
0.9186
  0
CIRCLE
  8
MIX
 10
264.4497
 20
-170.1171
 40
0.6275
  0
CIRCLE
  8
MIX
 10
261.5180
 20
2.9633
 40
0.7784
  0
CIRCLE
  8
MIX
 10
217.0983
 20
193.9698
 40
0.4349
  0
CIRCLE
  8
MIX
 10
230.6775
 20
4.6606
 40
0.6293
  0
CIRCLE
  8
MIX
 10
5.7670
 20
-125.8591
 40
0.6525
  0
CIRCLE
  8
MIX
 10
-244.6530
 20
17.6891
 40
0.4795
  0
CIRCLE
  8
MIX
 10
23.0222
 20
138.6356
 40
0.7632
  0
CIRCLE
  8
MIX
 10
161.2744
 20
-94.0116
 40
0.5366
  0
CIRCLE
  8
MIX
 10
-232.1033
 20
177.2851
 40
0.2021
  0
CIRCLE
  8
MIX
 10
108.6651
 20
144.3348
 40
0.2542
  0
CIRCLE
  8
MIX
 10
145.6729
 20
-13.7731
 40
0.9769
  0
CIRCLE
  8
MIX
 10
150.4962
 20
70.3112
 40
0.7228
  0
CIRCLE
  8
MIX
 10
197.2904
 20
25.2988
 40
0.3180
  0
CIRCLE
  8
MIX
 10
-67.4787
 20
-168.7801
 40
0.9139
  0
CIRCLE
  8
MIX
 10
-181.7416
 20
-6.4578
 40
0.8929
  0
CIRCLE
  8
MIX
 10
-114.1862
 20
-109.2298
 40
0.2480
  0
CIRCLE
  8
MIX
 10
-177.0903
 20
-0.1778
 40
0.9778
  0
CIRCLE
  8
MIX
 10
270.9180
 20
-103.2808
 40
0.5033
  0
CIRCLE
  8
MIX
 10
-21.8638
 20
104.5008
 40
0.4568
  0
CIRCLE
  8
MIX
 10
65.1191
 20
96.2127
 40
0.2878
  0
CIRCLE
  8
MIX
 10
-217.3643
 20
75.6168
 40
0.6307
  0
CIRCLE
  8
MIX
 10
-212.7452
 20
-43.3947
 40
0.1761
  0
CIRCLE
  8
MIX
 10
124.4444
 20
-89.6091
 40
0.2345
  0
CIRCLE
  8
MIX
 10
-45.8838
 20
-7.7048
 40
0.1898
  0
CIRCLE
  8
MIX
 10
-287.6449
 20
191.3309
 40
0.1998
  0
CIRCLE
  8
MIX
 10
-84.9107
 20
88.8324
 40
0.9847
  0
CIRCLE
  8
MIX
 10
-192.9981
 20
17.0120
 40
0.3798
  0
CIRCLE
  8
MIX
 10
123.4980
 20
140.4953
 40
0.1830
  0
CIRCLE
  8
MIX
 10
156.1590
 20
-57.9966
 40
0.7419
  0
CIRCLE
  8
MIX
 10
-289.5988
 20
-77.0505
 40
0.8545
  0
CIRCLE
  8
MIX
 10
-102.5849
 20
-190.3510
 40
0.6574
  0
CIRCLE
  8
MIX
 10
-14.4047
 20
54.7221
 40
0.2467
  0
CIRCLE
  8
MIX
 10
11.0926
 20
86.7429
 40
0.5269
  0
CIRCLE
  8
MIX
 10
-32.4514
 20
-153.6703
 40
0.5871
  0
CIRCLE
  8
MIX
 10
268.3302
 20
61.8163
 40
0.2710
  0
CIRCLE
  8
MIX
 10
105.1863
 20
190.2113
 40
0.3724
  0
CIRCLE
  8
MIX
 10
234.8935
 20
180.0209
 40
0.2775
  0
CIRCLE
  8
MIX
 10
-123.8981
 20
-145.5974
 40
0.9644
  0
CIRCLE
  8
MIX
 10
241.7663
 20
-81.2912
 40
0.9237
  0
CIRCLE
  8
MIX
 10
84.1533
 20
144.3932
 40
0.2268
  0
CIRCLE
  8
MIX
 10
-29.8449
 20
90.0148
 40
0.2326
  0
CIRCLE
  8
MIX
 10
-119.2541
 20
-42.9202
 40
0.6469
  0
CIRCLE
  8
MIX
 10
202.4692
 20
-178.7029
 40
0.8129
  0
CIRCLE
  8
MIX
 10
224.6752
 20
4.4208
 40
0.8976
  0
CIRCLE
  8
MIX
 10
-146.6459
 20
102.4399
 40
0.3235
  0
CIRCLE
  8
MIX
 10
-78.5662
 20
8.5577
 40
0.7382
  0
CIRCLE
  8
MIX
 10
117.2217
 20
-97.9949
 40
0.8348
  0
CIRCLE
  8
MIX
 10
130.6420
 20
-118.9543
 40
0.7814
  0
CIRCLE
  8
MIX
 10
-157.8219
 20
-36.6929
 40
0.7262
  0
CIRCLE
  8
MIX
 10
225.9848
 20
142.6878
 40
0.2100
  0
CIRCLE
  8
MIX
 10
-153.9520
 20
-42.0929
 40
0.5018
  0
CIRCLE
  8
MIX
 10
91.9797
 20
-116.4716
 40
0.1950
  0
CIRCLE
  8
MIX
 10
-160.4080
 20
139.0437
 40
0.4812
  0
CIRCLE
  8
MIX
 10
-267.6918
 20
71.1003
 40
0.8089
  0
CIRCLE
  8
MIX
 10
-63.7492
 20
-107.6182
 40
0.5977
  0
CIRCLE
  8
MIX
 10
181.5734
 20
-134.7274
 40
0.8188
  0
CIRCLE
  8
MIX
 10
-111.9202
 20
187.4148
 40
0.7915
  0
CIRCLE
  8
MIX
 10
-97.5539
 20
-13.7309
 40
0.5381
  0
CIRCLE
  8
MIX
 10
115.2179
 20
101.1608
 40
0.2734
  0
CIRCLE
  8
MIX
 10
-40.5256
 20
24.8682
 40
0.9556
  0
CIRCLE
  8
MIX
 10
-47.5003
 20
-142.3165
 40
0.4911
  0
CIRCLE
  8
MIX
 10
155.6188
 20
156.7062
 40
0.2881
  0
CIRCLE
  8
MIX
 10
72.9354
 20
-86.2905
 40
0.5093
  0
CIRCLE
  8
MIX
 10
204.0810
 20
132.2333
 40
0.7610
  0
CIRCLE
  8
MIX
 10
194.9904
 20
153.4463
 40
0.4954
  0
CIRCLE
  8
MIX
 10
-237.5385
 20
6.4721
 40
0.1574
  0
CIRCLE
  8
MIX
 10
-249.8545
 20
-194.1231
 40
0.7961
  0
CIRCLE
  8
MIX
 10
124.9792
 20
24.5404
 40
0.5797
  0
CIRCLE
  8
MIX
 10
-9.6349
 20
-163.4175
 40
0.4748
  0
CIRCLE
  8
MIX
 10
97.6408
 20
6.1902
 40
0.6870
  0
CIRCLE
  8
MIX
 10
183.0870
 20
34.7529
 40
0.9598
  0
CIRCLE
  8
MIX
 10
-262.8694
 20
-78.3848
 40
0.5950
  0
CIRCLE
  8
MIX
 10
125.4319
 20
-184.2464
 40
0.3139
  0
CIRCLE
  8
MIX
 10
263.0365
 20
147.7525
 40
0.8520
  0
CIRCLE
  8
MIX
 10
-239.2458
 20
-148.3300
 40
0.9340
  0
CIRCLE
  8
MIX
 10
261.0958
 20
85.4968
 40
0.2241
  0
CIRCLE
  8
MIX
 10
-59.3232
 20
-22.1087
 40
0.6464
  0
CIRCLE
  8
MIX
 10
38.6785
 20
-110.0955
 40
0.3814
  0
CIRCLE
  8
MIX
 10
-74.3859
 20
84.2872
 40
0.2046
  0
CIRCLE
  8
MIX
 10
-161.0190
 20
-66.1561
 40
0.3675
  0
CIRCLE
  8
MIX
 10
-242.2520
 20
126.1116
 40
0.5786
  0
CIRCLE
  8
MIX
 10
223.6241
 20
-23.1039
 40
0.8011
  0
CIRCLE
  8
MIX
 10
-166.2831
 20
-16.3069
 40
0.7787
  0
CIRCLE
  8
MIX
 10
-149.2067
 20
31.8772
 40
0.9944
  0
CIRCLE
  8
MIX
 10
-238.8216
 20
112.4918
 40
0.4924
  0
CIRCLE
  8
MIX
 10
163.9646
 20
97.3869
 40
0.8707
  0
CIRCLE
  8
MIX
 10
-94.8606
 20
97.4662
 40
0.9554
  0
CIRCLE
  8
MIX
 10
240.8953
 20
52.5444
 40
0.5733
  0
CIRCLE
  8
MIX
 10
-222.2164
 20
-90.8517
 40
0.3899
  0
CIRCLE
  8
MIX
 10
230.1484
 20
-194.2075
 40
0.3593
  0
CIRCLE
  8
MIX
 10
270.6978
 20
114.6298
 40
0.7488
  0
CIRCLE
  8
MIX
 10
-270.7561
 20
29.5949
 40
0.8796
  0
CIRCLE
  8
MIX
 10
-27.8266
 20
166.0526
 40
0.8201
  0
CIRCLE
  8
MIX
 10
190.8080
 20
183.2597
 40
0.1803
  0
CIRCLE
  8
MIX
 10
-114.1332
 20
-66.5612
 40
0.2897
  0
CIRCLE
  8
MIX
 10
-32.8983
 20
-56.7476
 40
0.7376
  0
CIRCLE
  8
MIX
 10
-178.1857
 20
99.0238
 40
0.2508
  0
CIRCLE
  8
MIX
 10
65.2779
 20
10.4585
 40
0.9312
  0
CIRCLE
  8
MIX
 10
17.8447
 20
-82.0638
 40
0.1593
  0
CIRCLE
  8
MIX
 10
11.9094
 20
-106.8272
 40
0.9318
  0
CIRCLE
  8
MIX
 10
110.0797
 20
-113.6669
 40
0.1754
  0
CIRCLE
  8
MIX
 10
-288.0077
 20
-80.6224
 40
0.6078
  0
CIRCLE
  8
MIX
 10
176.6987
 20
14.2164
 40
0.2790
  0
CIRCLE
  8
MIX
 10
241.0045
 20
188.3747
 40
0.4420
  0
CIRCLE
  8
MIX
 10
-9.2735
 20
127.3605
 40
0.7683
  0
CIRCLE
  8
MIX
 10
194.9487
 20
106.3116
 40
0.3393
  0
CIRCLE
  8
MIX
 10
226.5313
 20
-67.6665
 40
0.3595
  0
CIRCLE
  8
MIX
 10
-281.1233
 20
98.8296
 40
0.2888
  0
CIRCLE
  8
MIX
 10
-237.7654
 20
81.7386
 40
0.9284
  0
CIRCLE
  8
MIX
 10
235.4248
 20
3.2266
 40
0.2132
  0
CIRCLE
  8
MIX
 10
287.6031
 20
64.7905
 40
0.2358
  0
CIRCLE
  8
MIX
 10
237.6447
 20
58.4005
 40
0.2440
  0
CIRCLE
  8
MIX
 10
225.4469
 20
112.4228
 40
0.8240
  0
CIRCLE
  8
MIX
 10
231.1383
 20
-80.3068
 40
0.8365
  0
CIRCLE
  8
MIX
 10
-224.6505
 20
-112.4501
 40
0.5387
  0
CIRCLE
  8
MIX
 10
-134.5560
 20
-176.1848
 40
0.4408
  0
CIRCLE
  8
MIX
 10
-177.0511
 20
-88.8752
 40
0.3788
  0
CIRCLE
  8
MIX
 10
70.0342
 20
182.5721
 40
0.3528
  0
CIRCLE
  8
MIX
 10
167.2309
 20
144.4992
 40
0.3298
  0
CIRCLE
  8
MIX
 10
-157.5885
 20
109.3622
 40
0.7908
  0
CIRCLE
  8
MIX
 10
-96.3779
 20
-120.4535
 40
0.3133
  0
CIRCLE
  8
MIX
 10
270.8890
 20
125.6424
 40
0.8611
  0
CIRCLE
  8
MIX
 10
-136.6489
 20
101.3128
 40
0.6522
  0
CIRCLE
  8
MIX
 10
-11.0436
 20
-188.0029
 40
0.8906
  0
CIRCLE
  8
MIX
 10
-159.1876
 20
-25.1475
 40
0.8792
  0
CIRCLE
  8
MIX
 10
-242.0806
 20
-133.6424
 40
0.3562
  0
CIRCLE
  8
MIX
 10
-108.2168
 20
69.6447
 40
0.4221
  0
CIRCLE
  8
MIX
 10
-23.9973
 20
-143.4537
 40
0.9762
  0
CIRCLE
  8
MIX
 10
17.5483
 20
-117.1815
 40
0.6534
  0
CIRCLE
  8
MIX
 10
-198.4189
 20
-188.0808
 40
0.2865
  0
CIRCLE
  8
MIX
 10
-25.4596
 20
97.5913
 40
0.4146
  0
CIRCLE
  8
MIX
 10
-88.1077
 20
-74.3039
 40
0.6577
  0
CIRCLE
  8
MIX
 10
-282.7522
 20
-102.9075
 40
0.7276
  0
CIRCLE
  8
MIX
 10
-237.2520
 20
51.8530
 40
0.5984
  0
CIRCLE
  8
MIX
 10
165.1282
 20
-42.6392
 40
0.9185
  0
CIRCLE
  8
MIX
 10
-104.3640
 20
-115.5456
 40
0.2420
  0
CIRCLE
  8
MIX
 10
263.3511
 20
128.0069
 40
0.5102
  0
CIRCLE
  8
MIX
 10
72.4565
 20
39.2779
 40
0.4646
  0
CIRCLE
  8
MIX
 10
-36.3836
 20
-93.9122
 40
0.3130
  0
CIRCLE
  8
MIX
 10
251.1990
 20
-36.2276
 40
0.5265
  0
CIRCLE
  8
MIX
 10
-143.6840
 20
149.3797
 40
0.6784
  0
CIRCLE
  8
MIX
 10
-145.5954
 20
-61.9471
 40
0.3641
  0
CIRCLE
  8
MIX
 10
90.1685
 20
-59.2707
 40
0.5420
  0
CIRCLE
  8
MIX
 10
-267.4902
 20
-186.9859
 40
0.7723
  0
CIRCLE
  8
MIX
 10
-108.5849
 20
-173.2599
 40
0.3437
  0
CIRCLE
  8
MIX
 10
-97.6079
 20
137.9907
 40
0.7622
  0
CIRCLE
  8
MIX
 10
2.9647
 20
142.9807
 40
0.3882
  0
CIRCLE
  8
MIX
 10
-96.1213
 20
-154.0388
 40
0.9375
  0
CIRCLE
  8
MIX
 10
-234.2297
 20
-74.5814
 40
0.5725
  0
CIRCLE
  8
MIX
 10
189.8894
 20
-74.6747
 40
0.7070
  0
CIRCLE
  8
MIX
 10
-118.5417
 20
-164.8518
 40
0.3731
  0
CIRCLE
  8
MIX
 10
5.5141
 20
-79.9600
 40
0.2321
  0
CIRCLE
  8
MIX
 10
-41.9362
 20
121.9371
 40
0.4723
  0
CIRCLE
  8
MIX
 10
263.9232
 20
0.6210
 40
0.9421
  0
CIRCLE
  8
MIX
 10
160.9000
 20
92.9166
 40
0.1848
  0
CIRCLE
  8
MIX
 10
-51.1756
 20
-56.5408
 40
0.6228
  0
CIRCLE
  8
MIX
 10
-170.6385
 20
37.1374
 40
0.5359
  0
CIRCLE
  8
MIX
 10
-39.5338
 20
81.3101
 40
0.4019
  0
CIRCLE
  8
MIX
 10
259.0708
 20
-74.0519
 40
0.5597
  0
CIRCLE
  8
MIX
 10
-118.8084
 20
179.9447
 40
0.5497
  0
CIRCLE
  8
MIX
 10
-101.5112
 20
134.4864
 40
0.3055
  0
CIRCLE
  8
MIX
 10
-56.4828
 20
181.0471
 40
0.8873
  0
CIRCLE
  8
MIX
 10
201.1581
 20
32.2519
 40
0.7204
  0
CIRCLE
  8
MIX
 10
-195.0939
 20
-4.2399
 40
0.2351
  0
CIRCLE
  8
MIX
 10
-239.6076
 20
-88.0071
 40
0.7968
  0
CIRCLE
  8
MIX
 10
95.0615
 20
-76.9330
 40
0.2913
  0
CIRCLE
  8
MIX
 10
293.7149
 20
147.2595
 40
0.7453
  0
CIRCLE
  8
MIX
 10
79.9484
 20
-161.3006
 40
0.4426
  0
CIRCLE
  8
MIX
 10
220.9300
 20
-18.8233
 40
0.4463
  0
CIRCLE
  8
MIX
 10
-21.9034
 20
189.7350
 40
0.2194
  0
CIRCLE
  8
MIX
 10
193.6379
 20
-6.4543
 40
0.8230
  0
CIRCLE
  8
MIX
 10
-194.6936
 20
123.7405
 40
0.7707
  0
CIRCLE
  8
MIX
 10
226.5222
 20
1.5251
 40
0.9722
  0
CIRCLE
  8
MIX
 10
-10.0876
 20
-94.5254
 40
0.7256
  0
CIRCLE
  8
MIX
 10
193.1029
 20
-7.8695
 40
0.8162
  0
CIRCLE
  8
MIX
 10
-191.4849
 20
-134.9547
 40
0.5870
  0
CIRCLE
  8
MIX
 10
112.1051
 20
-156.1244
 40
0.8612
  0
CIRCLE
  8
MIX
 10
-242.1874
 20
55.2628
 40
0.3600
  0
CIRCLE
  8
MIX
 10
166.3942
 20
41.3016
 40
0.5879
  0
CIRCLE
  8
MIX
 10
158.1066
 20
38.9962
 40
0.1863
  0
CIRCLE
  8
MIX
 10
-24.1782
 20
-148.8381
 40
0.5223
  0
CIRCLE
  8
MIX
 10
64.4652
 20
-64.1215
 40
0.5963
  0
CIRCLE
  8
MIX
 10
179.5673
 20
-66.1067
 40
0.2669
  0
CIRCLE
  8
MIX
 10
108.6577
 20
87.9542
 40
0.1816
  0
CIRCLE
  8
MIX
 10
-16.1108
 20
159.9601
 40
0.2196
  0
CIRCLE
  8
MIX
 10
135.0690
 20
82.0932
 40
0.5369
  0
CIRCLE
  8
MIX
 10
-21.1207
 20
108.9600
 40
0.9024
  0
CIRCLE
  8
MIX
 10
-166.8773
 20
-40.5721
 40
0.9588
  0
CIRCLE
  8
MIX
 10
264.0782
 20
21.2740
 40
0.3746
  0
CIRCLE
  8
MIX
 10
113.5241
 20
-15.0104
 40
0.5141
  0
CIRCLE
  8
MIX
 10
178.9282
 20
68.7819
 40
0.4355
  0
CIRCLE
  8
MIX
 10
52.1386
 20
-9.6604
 40
0.2046
  0
CIRCLE
  8
MIX
 10
111.2446
 20
-186.0043
 40
0.6517
  0
CIRCLE
  8
MIX
 10
-30.2053
 20
-25.4025
 40
0.4835
  0
CIRCLE
  8
MIX
 10
6.4354
 20
177.1402
 40
0.7398
  0
CIRCLE
  8
MIX
 10
94.9911
 20
111.0771
 40
0.5397
  0
CIRCLE
  8
MIX
 10
63.3488
 20
59.4793
 40
0.6157
  0
CIRCLE
  8
MIX
 10
-54.3508
 20
64.0329
 40
0.7799
  0
CIRCLE
  8
MIX
 10
-269.3894
 20
-120.2010
 40
0.2559
  0
CIRCLE
  8
MIX
 10
-58.0725
 20
39.0176
 40
0.6148
  0
CIRCLE
  8
MIX
 10
81.4003
 20
130.6662
 40
0.9255
  0
CIRCLE
  8
MIX
 10
270.9680
 20
57.3289
 40
0.4813
  0
CIRCLE
  8
MIX
 10
276.0368
 20
13.1326
 40
0.7226
  0
CIRCLE
  8
MIX
 10
292.5050
 20
-13.7879
 40
0.4032
  0
CIRCLE
  8
MIX
 10
-248.2333
 20
-65.8023
 40
0.2031
  0
CIRCLE
  8
MIX
 10
-52.1950
 20
-41.8544
 40
0.9500
  0
CIRCLE
  8
MIX
 10
-110.9888
 20
-98.1666
 40
0.8311
  0
CIRCLE
  8
MIX
 10
-280.3379
 20
40.9176
 40
0.8464
  0
CIRCLE
  8
MIX
 10
234.2821
 20
-151.0462
 40
0.9921
  0
CIRCLE
  8
MIX
 10
4.3898
 20
-88.4540
 40
0.4478
  0
CIRCLE
  8
MIX
 10
-176.7180
 20
31.6410
 40
0.2034
  0
CIRCLE
  8
MIX
 10
64.1996
 20
87.6640
 40
0.5373
  0
CIRCLE
  8
MIX
 10
-285.4048
 20
-140.5443
 40
0.3946
  0
CIRCLE
  8
MIX
 10
-193.7406
 20
-113.9740
 40
0.9947
  0
CIRCLE
  8
MIX
 10
36.1159
 20
-171.9731
 40
0.9728
  0
CIRCLE
  8
MIX
 10
249.3594
 20
-14.4561
 40
0.1971
  0
CIRCLE
  8
MIX
 10
-215.8082
 20
187.5683
 40
0.9002
  0
CIRCLE
  8
MIX
 10
86.7066
 20
-112.0140
 40
0.6163
  0
CIRCLE
  8
MIX
 10
-189.3639
 20
156.7747
 40
0.6153
  0
CIRCLE
  8
MIX
 10
290.1887
 20
-80.5875
 40
0.6296
  0
CIRCLE
  8
MIX
 10
-243.4679
 20
70.9415
 40
0.8471
  0
CIRCLE
  8
MIX
 10
103.7314
 20
135.8312
 40
0.6509
  0
CIRCLE
  8
MIX
 10
225.3668
 20
77.3918
 40
0.7120
  0
CIRCLE
  8
MIX
 10
-192.6234
 20
-136.3143
 40
0.6608
  0
CIRCLE
  8
MIX
 10
-117.2628
 20
111.6270
 40
0.8786
  0
CIRCLE
  8
MIX
 10
225.6845
 20
35.8883
 40
0.4108
  0
CIRCLE
  8
MIX
 10
-213.0773
 20
-194.7092
 40
0.6408
  0
CIRCLE
  8
MIX
 10
-159.7494
 20
23.4221
 40
0.2960
  0
CIRCLE
  8
MIX
 10
-84.7350
 20
163.3089
 40
0.2840
  0
CIRCLE
  8
MIX
 10
-287.2102
 20
67.3263
 40
0.3686
  0
CIRCLE
  8
MIX
 10
206.7798
 20
193.6779
 40
0.8767
  0
CIRCLE
  8
MIX
 10
-61.3784
 20
22.3790
 40
0.3032
  0
CIRCLE
  8
MIX
 10
-176.9884
 20
130.5844
 40
0.8887
  0
CIRCLE
  8
MIX
 10
-183.2675
 20
-41.7319
 40
0.6140
  0
CIRCLE
  8
MIX
 10
68.0664
 20
161.0861
 40
0.1996
  0
CIRCLE
  8
MIX
 10
-81.8366
 20
-127.2723
 40
0.9041
  0
CIRCLE
  8
MIX
 10
-273.7244
 20
-61.2671
 40
0.8814
  0
CIRCLE
  8
MIX
 10
195.5020
 20
-9.7178
 40
0.4507
  0
CIRCLE
  8
MIX
 10
-146.6890
 20
-74.5102
 40
0.4392
  0
CIRCLE
  8
MIX
 10
29.0147
 20
106.1168
 40
0.9820
  0
CIRCLE
  8
MIX
 10
-44.9762
 20
-192.5883
 40
0.4942
  0
CIRCLE
  8
MIX
 10
-54.3243
 20
-16.5605
 40
0.3294
  0
CIRCLE
  8
MIX
 10
209.0846
 20
160.9397
 40
0.5050
  0
CIRCLE
  8
MIX
 10
72.2918
 20
-189.2294
 40
0.4891
  0
CIRCLE
  8
MIX
 10
68.8944
 20
-183.2864
 40
0.2227
  0
CIRCLE
  8
MIX
 10
99.3319
 20
69.1248
 40
0.9369
  0
CIRCLE
  8
MIX
 10
-191.5252
 20
-132.3460
 40
0.9818
  0
CIRCLE
  8
MIX
 10
64.1987
 20
94.3103
 40
0.6598
  0
CIRCLE
  8
MIX
 10
102.3773
 20
-100.9732
 40
0.7512
  0
CIRCLE
  8
MIX
 10
7.7790
 20
142.7893
 40
0.6366
  0
CIRCLE
  8
MIX
 10
57.3300
 20
-158.4953
 40
0.1889
  0
CIRCLE
  8
MIX
 10
32.4224
 20
16.9848
 40
0.4646
  0
CIRCLE
  8
MIX
 10
-76.3944
 20
25.1315
 40
0.5725
  0
CIRCLE
  8
MIX
 10
-200.7114
 20
153.8325
 40
0.5310
  0
CIRCLE
  8
MIX
 10
-4.7897
 20
103.8359
 40
0.4316
  0
CIRCLE
  8
MIX
 10
-225.4995
 20
-75.0000
 40
0.9115
  0
CIRCLE
  8
MIX
 10
-29.7996
 20
157.9737
 40
0.4653
  0
CIRCLE
  8
MIX
 10
153.0202
 20
74.8000
 40
0.4910
  0
CIRCLE
  8
MIX
 10
-153.0172
 20
127.5510
 40
0.2460
  0
CIRCLE
  8
MIX
 10
292.8499
 20
8.6325
 40
0.3269
  0
CIRCLE
  8
MIX
 10
-159.3985
 20
132.5516
 40
0.6189
  0
CIRCLE
  8
MIX
 10
-223.6752
 20
147.0853
 40
0.5227
  0
CIRCLE
  8
MIX
 10
115.9992
 20
-29.5925
 40
0.7135
  0
CIRCLE
  8
MIX
 10
66.1417
 20
44.8165
 40
0.7257
  0
CIRCLE
  8
MIX
 10
-225.6742
 20
-184.6475
 40
0.4191
  0
CIRCLE
  8
MIX
 10
117.6141
 20
-144.6764
 40
0.1669
  0
CIRCLE
  8
MIX
 10
-75.2073
 20
-158.5433
 40
0.7966
  0
CIRCLE
  8
MIX
 10
261.7129
 20
-151.1097
 40
0.7522
  0
CIRCLE
  8
MIX
 10
-270.4125
 20
91.7788
 40
0.2847
  0
CIRCLE
  8
MIX
 10
1.9853
 20
127.6632
 40
0.9520
  0
CIRCLE
  8
MIX
 10
-215.7678
 20
111.5642
 40
0.4226
  0
CIRCLE
  8
MIX
 10
248.6995
 20
155.1912
 40
0.3990
  0
CIRCLE
  8
MIX
 10
-88.2799
 20
-35.0013
 40
0.2676
  0
CIRCLE
  8
MIX
 10
-248.2148
 20
194.1050
 40
0.3445
  0
CIRCLE
  8
MIX
 10
107.0710
 20
73.9512
 40
0.7175
  0
CIRCLE
  8
MIX
 10
-123.4198
 20
-58.8152
 40
0.6387
  0
CIRCLE
  8
MIX
 10
-179.1636
 20
64.6617
 40
0.7572
  0
CIRCLE
  8
MIX
 10
-160.6947
 20
-159.9057
 40
0.9187
  0
CIRCLE
  8
MIX
 10
56.8270
 20
-194.3080
 40
0.5647
  0
CIRCLE
  8
MIX
 10
-91.1821
 20
54.8176
 40
0.2243
  0
CIRCLE
  8
MIX
 10
262.1638
 20
48.9131
 40
0.8518
  0
CIRCLE
  8
MIX
 10
63.7915
 20
47.5553
 40
0.2403
  0
CIRCLE
  8
MIX
 10
-152.0668
 20
-73.8934
 40
0.9928
  0
CIRCLE
  8
MIX
 10
-33.7139
 20
189.7791
 40
0.8419
  0
CIRCLE
  8
MIX
 10
77.4936
 20
-191.8517
 40
0.5868
  0
CIRCLE
  8
MIX
 10
229.9589
 20
-109.4465
 40
0.4842
  0
CIRCLE
  8
MIX
 10
-121.9051
 20
92.9848
 40
0.4162
  0
CIRCLE
  8
MIX
 10
120.1683
 20
-151.6378
 40
0.7736
  0
CIRCLE
  8
MIX
 10
-288.8194
 20
143.9416
 40
0.8827
  0
CIRCLE
  8
MIX
 10
60.1978
 20
-162.2247
 40
0.7318
  0
CIRCLE
  8
MIX
 10
-191.2090
 20
2.5803
 40
0.7326
  0
CIRCLE
  8
MIX
 10
179.0171
 20
86.6083
 40
0.1535
  0
CIRCLE
  8
MIX
 10
-170.8687
 20
-38.4103
 40
0.6044
  0
CIRCLE
  8
MIX
 10
-92.3422
 20
-30.9892
 40
0.7683
  0
CIRCLE
  8
MIX
 10
-175.1418
 20
-165.6885
 40
0.5021
  0
CIRCLE
  8
MIX
 10
-140.3390
 20
-88.5748
 40
0.5237
  0
CIRCLE
  8
MIX
 10
24.2174
 20
79.7046
 40
0.7423
  0
CIRCLE
  8
MIX
 10
2.3995
 20
137.8288
 40
0.5754
  0
CIRCLE
  8
MIX
 10
109.0940
 20
6.1071
 40
0.3105
  0
CIRCLE
  8
MIX
 10
-213.3529
 20
114.3654
 40
0.5245
  0
CIRCLE
  8
MIX
 10
-13.4466
 20
165.2957
 40
0.6577
  0
CIRCLE
  8
MIX
 10
-202.2008
 20
-52.3701
 40
0.5391
  0
CIRCLE
  8
MIX
 10
172.8173
 20
-88.6666
 40
0.7932
  0
CIRCLE
  8
MIX
 10
19.9053
 20
-168.2484
 40
0.1757
  0
CIRCLE
  8
MIX
 10
-87.9261
 20
67.7770
 40
0.6543
  0
CIRCLE
  8
MIX
 10
-130.6045
 20
113.2665
 40
0.1687
  0
CIRCLE
  8
MIX
 10
-21.6772
 20
183.2414
 40
0.5705
  0
CIRCLE
  8
MIX
 10
185.3239
 20
175.8377
 40
0.2816
  0
CIRCLE
  8
MIX
 10
167.8503
 20
-139.6615
 40
0.9159
  0
CIRCLE
  8
MIX
 10
263.3646
 20
-44.5835
 40
0.3468
  0
CIRCLE
  8
MIX
 10
-225.8318
 20
-32.1290
 40
0.9221
  0
CIRCLE
  8
MIX
 10
267.9213
 20
-163.3078
 40
0.9187
  0
CIRCLE
  8
MIX
 10
-62.4177
 20
112.1176
 40
0.8737
  0
CIRCLE
  8
MIX
 10
106.8120
 20
9.8988
 40
0.9558
  0
CIRCLE
  8
MIX
 10
-10.7695
 20
-8.6507
 40
0.6517
  0
CIRCLE
  8
MIX
 10
242.3048
 20
119.4921
 40
0.8376
  0
CIRCLE
  8
MIX
 10
175.7033
 20
-180.3915
 40
0.9433
  0
CIRCLE
  8
MIX
 10
47.0682
 20
-180.8832
 40
0.6011
  0
CIRCLE
  8
MIX
 10
-123.5307
 20
172.5216
 40
0.7176
  0
CIRCLE
  8
MIX
 10
-39.8999
 20
26.9142
 40
0.8873
  0
CIRCLE
  8
MIX
 10
-26.4633
 20
150.7489
 40
0.4943
  0
CIRCLE
  8
MIX
 10
-57.8243
 20
-112.1804
 40
0.4767
  0
CIRCLE
  8
MIX
 10
-207.6650
 20
-163.1490
 40
0.3825
  0
CIRCLE
  8
MIX
 10
-170.9573
 20
21.3117
 40
0.5456
  0
CIRCLE
  8
MIX
 10
-74.0603
 20
120.1181
 40
0.7920
  0
CIRCLE
  8
MIX
 10
-140.2447
 20
-179.6342
 40
0.3927
  0
CIRCLE
  8
MIX
 10
-97.2414
 20
-187.4739
 40
0.2077
  0
CIRCLE
  8
MIX
 10
163.4154
 20
146.3628
 40
0.8619
  0
CIRCLE
  8
MIX
 10
-168.1265
 20
148.6870
 40
0.8257
  0
CIRCLE
  8
MIX
 10
-243.5623
 20
61.6798
 40
0.9108
  0
CIRCLE
  8
MIX
 10
201.6614
 20
34.7126
 40
0.4435
  0
CIRCLE
  8
MIX
 10
-259.4779
 20
-167.1189
 40
0.3467
  0
CIRCLE
  8
MIX
 10
187.3369
 20
16.5566
 40
0.7124
  0
CIRCLE
  8
MIX
 10
-4.9493
 20
39.0861
 40
0.4582
  0
CIRCLE
  8
MIX
 10
-57.0787
 20
128.8867
 40
0.7925
  0
CIRCLE
  8
MIX
 10
292.8838
 20
-111.5286
 40
0.5141
  0
CIRCLE
  8
MIX
 10
114.1002
 20
142.1210
 40
0.5889
  0
CIRCLE
  8
MIX
 10
-158.2537
 20
127.2106
 40
0.5136
  0
CIRCLE
  8
MIX
 10
191.7341
 20
109.1887
 40
0.2984
  0
CIRCLE
  8
MIX
 10
-229.1553
 20
-44.2772
 40
0.8117
  0
CIRCLE
  8
MIX
 10
2.6777
 20
106.0952
 40
0.3338
  0
CIRCLE
  8
MIX
 10
230.2574
 20
-156.8642
 40
0.9389
  0
CIRCLE
  8
MIX
 10
-73.6935
 20
82.7334
 40
0.7842
  0
CIRCLE
  8
MIX
 10
-14.7238
 20
128.6230
 40
0.4946
  0
CIRCLE
  8
MIX
 10
-257.0241
 20
-156.1573
 40
0.7805
  0
CIRCLE
  8
MIX
 10
265.4708
 20
83.9969
 40
0.2474
  0
CIRCLE
  8
MIX
 10
15.8189
 20
-4.1855
 40
0.6947
  0
CIRCLE
  8
MIX
 10
255.0658
 20
11.8831
 40
0.7766
  0
CIRCLE
  8
MIX
 10
231.0547
 20
154.4415
 40
0.7127
  0
CIRCLE
  8
MIX
 10
243.5044
 20
-135.7926
 40
0.7334
  0
CIRCLE
  8
MIX
 10
195.5947
 20
-127.0581
 40
0.6170
  0
CIRCLE
  8
MIX
 10
-280.9213
 20
12.8608
 40
0.1661
  0
CIRCLE
  8
MIX
 10
205.4402
 20
149.9264
 40
0.5054
  0
CIRCLE
  8
MIX
 10
70.4750
 20
44.5008
 40
0.9554
  0
CIRCLE
  8
MIX
 10
-174.5849
 20
24.6477
 40
0.5324
  0
CIRCLE
  8
MIX
 10
-2.7202
 20
100.7677
 40
0.9712
  0
CIRCLE
  8
MIX
 10
231.4247
 20
-6.8561
 40
0.7501
  0
CIRCLE
  8
MIX
 10
-42.8540
 20
-170.0239
 40
0.9939
  0
CIRCLE
  8
MIX
 10
-58.0851
 20
115.0001
 40
0.7255
  0
CIRCLE
  8
MIX
 10
180.7032
 20
42.8497
 40
0.3286
  0
CIRCLE
  8
MIX
 10
-13.2064
 20
-82.3414
 40
0.7792
  0
CIRCLE
  8
MIX
 10
-58.3595
 20
89.3351
 40
0.4305
  0
CIRCLE
  8
MIX
 10
280.9982
 20
74.7610
 40
0.8519
  0
CIRCLE
  8
MIX
 10
24.9566
 20
-137.7721
 40
0.7426
  0
CIRCLE
  8
MIX
 10
77.4141
 20
-21.8531
 40
0.7278
  0
CIRCLE
  8
MIX
 10
-192.5906
 20
52.4981
 40
0.8662
  0
CIRCLE
  8
MIX
 10
-8.7884
 20
191.1260
 40
0.5917
  0
CIRCLE
  8
MIX
 10
-213.0513
 20
-152.9135
 40
0.7395
  0
CIRCLE
  8
MIX
 10
-153.8733
 20
104.7177
 40
0.9979
  0
CIRCLE
  8
MIX
 10
78.6399
 20
-121.2135
 40
0.5768
  0
CIRCLE
  8
MIX
 10
-155.9886
 20
-150.0159
 40
0.6400
  0
CIRCLE
  8
MIX
 10
189.5269
 20
25.8965
 40
0.6214
  0
CIRCLE
  8
MIX
 10
43.3730
 20
-160.4047
 40
0.2131
  0
CIRCLE
  8
MIX
 10
-239.7063
 20
-57.1409
 40
0.7735
  0
CIRCLE
  8
MIX
 10
-88.1375
 20
61.6342
 40
0.6608
  0
CIRCLE
  8
MIX
 10
-196.2879
 20
-1.6385
 40
0.9270
  0
CIRCLE
  8
MIX
 10
53.0004
 20
59.6036
 40
0.8280
  0
CIRCLE
  8
MIX
 10
-235.0391
 20
-29.4105
 40
0.8653
  0
CIRCLE
  8
MIX
 10
-39.8919
 20
-114.1038
 40
0.6057
  0
CIRCLE
  8
MIX
 10
-176.7810
 20
-183.2261
 40
0.5320
  0
CIRCLE
  8
MIX
 10
-278.3201
 20
-177.1112
 40
0.5326
  0
CIRCLE
  8
MIX
 10
23.7184
 20
182.0730
 40
0.4937
  0
CIRCLE
  8
MIX
 10
63.5450
 20
77.5537
 40
0.3256
  0
CIRCLE
  8
MIX
 10
-49.0509
 20
77.4690
 40
0.8972
  0
CIRCLE
  8
MIX
 10
205.3748
 20
3.3172
 40
0.7138
  0
CIRCLE
  8
MIX
 10
-186.8208
 20
163.9493
 40
0.1833
  0
CIRCLE
  8
MIX
 10
-156.3557
 20
168.0676
 40
0.4737
  0
CIRCLE
  8
MIX
 10
92.1439
 20
-32.9363
 40
0.4470
  0
CIRCLE
  8
MIX
 10
-278.7031
 20
-169.0128
 40
0.7647
  0
CIRCLE
  8
MIX
 10
-84.0788
 20
-31.7701
 40
0.5311
  0
CIRCLE
  8
MIX
 10
-262.6462
 20
-35.5053
 40
0.4801
  0
CIRCLE
  8
MIX
 10
-166.1148
 20
3.1684
 40
0.8855
  0
CIRCLE
  8
MIX
 10
-141.2104
 20
-47.7092
 40
0.1547
  0
CIRCLE
  8
MIX
 10
216.4818
 20
-60.1844
 40
0.2777
  0
CIRCLE
  8
MIX
 10
-256.5796
 20
-128.4475
 40
0.8471
  0
CIRCLE
  8
MIX
 10
-214.3683
 20
24.2587
 40
0.9348
  0
CIRCLE
  8
MIX
 10
47.5736
 20
77.9647
 40
0.8503
  0
CIRCLE
  8
MIX
 10
200.1070
 20
-130.1053
 40
0.8314
  0
CIRCLE
  8
MIX
 10
237.1683
 20
97.7656
 40
0.4417
  0
CIRCLE
  8
MIX
 10
-289.5234
 20
-51.6049
 40
0.1508
  0
CIRCLE
  8
MIX
 10
-33.2065
 20
152.5667
 40
0.5501
  0
CIRCLE
  8
MIX
 10
86.4411
 20
-172.5941
 40
0.5917
  0
CIRCLE
  8
MIX
 10
-290.3264
 20
171.6310
 40
0.2892
  0
CIRCLE
  8
MIX
 10
-118.1826
 20
95.4773
 40
0.2014
  0
CIRCLE
  8
MIX
 10
-116.6973
 20
133.8148
 40
0.7730
  0
CIRCLE
  8
MIX
 10
35.3462
 20
145.7559
 40
0.2401
  0
CIRCLE
  8
MIX
 10
-77.7308
 20
-1.2590
 40
0.2914
  0
CIRCLE
  8
MIX
 10
5.1212
 20
12.7217
 40
0.7641
  0
CIRCLE
  8
MIX
 10
-177.3760
 20
-94.7721
 40
0.7144
  0
CIRCLE
  8
MIX
 10
-122.9623
 20
186.9789
 40
0.6458
  0
CIRCLE
  8
MIX
 10
-237.6797
 20
-14.1992
 40
0.3734
  0
CIRCLE
  8
MIX
 10
-220.5231
 20
8.0488
 40
0.3755
  0
CIRCLE
  8
MIX
 10
-48.9761
 20
-129.4954
 40
0.9079
  0
CIRCLE
  8
MIX
 10
-246.2768
 20
-9.4765
 40
0.9553
  0
CIRCLE
  8
MIX
 10
91.2062
 20
-97.5221
 40
0.9840
  0
CIRCLE
  8
MIX
 10
158.6193
 20
41.0683
 40
0.2411
  0
CIRCLE
  8
MIX
 10
122.1369
 20
-146.9227
 40
0.3593
  0
CIRCLE
  8
MIX
 10
-5.0659
 20
138.8580
 40
0.6119
  0
CIRCLE
  8
MIX
 10
280.4476
 20
-142.9797
 40
0.8522
  0
CIRCLE
  8
MIX
 10
-53.8870
 20
176.3496
 40
0.9379
  0
CIRCLE
  8
MIX
 10
-213.4210
 20
-30.7199
 40
0.9885
  0
CIRCLE
  8
MIX
 10
23.7347
 20
47.0777
 40
0.9742
  0
CIRCLE
  8
MIX
 10
-123.0852
 20
-63.4165
 40
0.5260
  0
CIRCLE
  8
MIX
 10
-235.6151
 20
-21.3358
 40
0.2177
  0
CIRCLE
  8
MIX
 10
-242.0139
 20
-71.4326
 40
0.4963
  0
CIRCLE
  8
MIX
 10
-74.0016
 20
148.7049
 40
0.9314
  0
CIRCLE
  8
MIX
 10
253.0563
 20
-61.7999
 40
0.2449
  0
CIRCLE
  8
MIX
 10
-227.7089
 20
-115.1107
 40
0.5441
  0
CIRCLE
  8
MIX
 10
-46.0836
 20
39.2204
 40
0.2433
  0
CIRCLE
  8
MIX
 10
-240.0620
 20
-5.1327
 40
0.8826
  0
CIRCLE
  8
MIX
 10
213.0838
 20
31.3325
 40
0.6730
  0
CIRCLE
  8
MIX
 10
220.9065
 20
-17.7418
 40
0.5701
  0
CIRCLE
  8
MIX
 10
-84.9467
 20
-17.0201
 40
0.7563
  0
CIRCLE
  8
MIX
 10
238.0770
 20
79.0427
 40
0.9777
  0
CIRCLE
  8
MIX
 10
-118.9475
 20
-122.0548
 40
0.9942
  0
CIRCLE
  8
MIX
 10
72.2253
 20
7.6464
 40
0.4410
  0
CIRCLE
  8
MIX
 10
-238.8539
 20
-192.9577
 40
0.4002
  0
CIRCLE
  8
MIX
 10
-141.1501
 20
184.5581
 40
0.3392
  0
CIRCLE
  8
MIX
 10
-238.2276
 20
171.0335
 40
0.3454
  0
CIRCLE
  8
MIX
 10
-179.5421
 20
-102.4200
 40
0.2279
  0
CIRCLE
  8
MIX
 10
127.1277
 20
-23.1441
 40
0.4298
  0
CIRCLE
  8
MIX
 10
-209.9811
 20
117.0296
 40
0.1610
  0
CIRCLE
  8
MIX
 10
-139.5099
 20
-172.4524
 40
0.4910
  0
CIRCLE
  8
MIX
 10
200.6144
 20
23.6545
 40
0.9772
  0
CIRCLE
  8
MIX
 10
-82.1560
 20
-131.8442
 40
0.5107
  0
CIRCLE
  8
MIX
 10
-218.9053
 20
-91.0684
 40
0.4029
  0
CIRCLE
  8
MIX
 10
-87.7228
 20
-183.3527
 40
0.4127
  0
CIRCLE
  8
MIX
 10
-25.9407
 20
53.0509
 40
0.4317
  0
CIRCLE
  8
MIX
 10
-135.1645
 20
121.6748
 40
0.6740
  0
CIRCLE
  8
MIX
 10
-53.0515
 20
-101.5178
 40
0.6284
  0
CIRCLE
  8
MIX
 10
-292.9370
 20
-160.7719
 40
0.2687
  0
CIRCLE
  8
MIX
 10
-184.2724
 20
-141.1622
 40
0.5574
  0
CIRCLE
  8
MIX
 10
103.6066
 20
48.9676
 40
0.5919
  0
CIRCLE
  8
MIX
 10
-40.1971
 20
110.0328
 40
0.6541
  0
CIRCLE
  8
MIX
 10
-28.7503
 20
9.6530
 40
0.2972
  0
CIRCLE
  8
MIX
 10
152.6880
 20
-140.2552
 40
0.2338
  0
CIRCLE
  8
MIX
 10
-245.1799
 20
192.7848
 40
0.2404
  0
CIRCLE
  8
MIX
 10
-128.2107
 20
118.1489
 40
0.5069
  0
CIRCLE
  8
MIX
 10
-158.1531
 20
-4.3711
 40
0.2161
  0
CIRCLE
  8
MIX
 10
-21.2591
 20
-75.9025
 40
0.4397
  0
CIRCLE
  8
MIX
 10
-292.1438
 20
60.4368
 40
0.4875
  0
CIRCLE
  8
MIX
 10
5.2594
 20
-7.4304
 40
0.4598
  0
CIRCLE
  8
MIX
 10
244.0631
 20
-32.8341
 40
0.8460
  0
CIRCLE
  8
MIX
 10
-165.2602
 20
67.5990
 40
0.3932
  0
CIRCLE
  8
MIX
 10
70.1711
 20
-36.4181
 40
0.8698
  0
CIRCLE
  8
MIX
 10
3.0375
 20
-3.7663
 40
0.6401
  0
CIRCLE
  8
MIX
 10
-231.7080
 20
100.5552
 40
0.7580
  0
CIRCLE
  8
MIX
 10
49.3224
 20
129.6475
 40
0.9278
  0
CIRCLE
  8
MIX
 10
-29.1051
 20
102.8790
 40
0.7484
  0
CIRCLE
  8
MIX
 10
-214.1977
 20
23.5602
 40
0.9822
  0
CIRCLE
  8
MIX
 10
27.4301
 20
-131.6955
 40
0.7216
  0
CIRCLE
  8
MIX
 10
-210.2605
 20
97.8755
 40
0.3636
  0
CIRCLE
  8
MIX
 10
32.1045
 20
-19.0599
 40
0.2566
  0
CIRCLE
  8
MIX
 10
148.7850
 20
-38.8310
 40
0.1689
  0
CIRCLE
  8
MIX
 10
10.4648
 20
100.9679
 40
0.2564
  0
CIRCLE
  8
MIX
 10
-182.5312
 20
-174.3997
 40
0.8557
  0
CIRCLE
  8
MIX
 10
-143.7901
 20
-137.9786
 40
0.4303
  0
CIRCLE
  8
MIX
 10
-155.0291
 20
8.2322
 40
0.2817
  0
CIRCLE
  8
MIX
 10
-46.7308
 20
81.8076
 40
0.7618
  0
CIRCLE
  8
MIX
 10
-251.6982
 20
-188.1286
 40
0.2764
  0
CIRCLE
  8
MIX
 10
282.8920
 20
-48.1094
 40
0.6320
  0
CIRCLE
  8
MIX
 10
-133.0069
 20
188.6398
 40
0.5063
  0
CIRCLE
  8
MIX
 10
142.5407
 20
70.2256
 40
0.3787
  0
CIRCLE
  8
MIX
 10
-208.4092
 20
-161.1968
 40
0.3674
  0
CIRCLE
  8
MIX
 10
-185.9724
 20
186.3069
 40
0.3119
  0
CIRCLE
  8
MIX
 10
-25.0955
 20
42.1710
 40
0.2127
  0
CIRCLE
  8
MIX
 10
-166.1772
 20
-45.0983
 40
0.1575
  0
CIRCLE
  8
MIX
 10
128.3429
 20
-134.1196
 40
0.2658
  0
CIRCLE
  8
MIX
 10
270.0412
 20
-188.4480
 40
0.6656
  0
CIRCLE
  8
MIX
 10
-47.9838
 20
66.8562
 40
0.7052
  0
CIRCLE
  8
MIX
 10
-10.4544
 20
142.5767
 40
0.7358
  0
CIRCLE
  8
MIX
 10
232.8498
 20
-24.0761
 40
0.1895
  0
CIRCLE
  8
MIX
 10
-133.8811
 20
35.4495
 40
0.4809
  0
CIRCLE
  8
MIX
 10
75.9906
 20
49.7179
 40
0.4637
  0
CIRCLE
  8
MIX
 10
268.0237
 20
63.4177
 40
0.6006
  0
CIRCLE
  8
MIX
 10
147.5405
 20
-127.5966
 40
0.5391
  0
CIRCLE
  8
MIX
 10
-18.2753
 20
-37.6903
 40
0.4359
  0
CIRCLE
  8
MIX
 10
-282.6253
 20
148.0780
 40
0.3702
  0
CIRCLE
  8
MIX
 10
-130.6514
 20
8.9019
 40
0.6384
  0
CIRCLE
  8
MIX
 10
115.7431
 20
182.7866
 40
0.7979
  0
CIRCLE
  8
MIX
 10
271.8533
 20
10.2384
 40
0.7884
  0
CIRCLE
  8
MIX
 10
-237.2365
 20
-141.3811
 40
0.9914
  0
CIRCLE
  8
MIX
 10
-250.8872
 20
123.1588
 40
0.5488
  0
CIRCLE
  8
MIX
 10
-7.9546
 20
-172.3905
 40
0.4900
  0
CIRCLE
  8
MIX
 10
133.4602
 20
-95.7544
 40
0.7697
  0
CIRCLE
  8
MIX
 10
104.7787
 20
-43.6131
 40
0.7636
  0
CIRCLE
  8
MIX
 10
-124.0960
 20
-76.2941
 40
0.3223
  0
CIRCLE
  8
MIX
 10
144.9400
 20
-100.0420
 40
0.6277
  0
CIRCLE
  8
MIX
 10
55.5040
 20
-16.4069
 40
0.7730
  0
CIRCLE
  8
MIX
 10
256.0526
 20
-189.0770
 40
0.9481
  0
CIRCLE
  8
MIX
 10
253.5059
 20
-27.4830
 40
0.8611
  0
CIRCLE
  8
MIX
 10
-38.5578
 20
125.0468
 40
0.2560
  0
CIRCLE
  8
MIX
 10
216.0402
 20
-63.1822
 40
0.3499
  0
CIRCLE
  8
MIX
 10
229.4016
 20
-158.2889
 40
0.7048
  0
CIRCLE
  8
MIX
 10
-26.2565
 20
103.3599
 40
0.7921
  0
CIRCLE
  8
MIX
 10
-201.6318
 20
-95.4168
 40
0.9781
  0
CIRCLE
  8
MIX
 10
-115.1975
 20
192.8679
 40
0.7533
  0
CIRCLE
  8
MIX
 10
-288.6191
 20
-39.8697
 40
0.9027
  0
CIRCLE
  8
MIX
 10
70.9110
 20
116.3409
 40
0.5505
  0
CIRCLE
  8
MIX
 10
129.9604
 20
155.6038
 40
0.4690
  0
CIRCLE
  8
MIX
 10
-285.2888
 20
81.7903
 40
0.7925
  0
CIRCLE
  8
MIX
 10
-248.5968
 20
-139.9022
 40
0.8632
  0
CIRCLE
  8
MIX
 10
-276.2817
 20
75.5940
 40
0.5841
  0
CIRCLE
  8
MIX
 10
196.5490
 20
8.4715
 40
0.6096
  0
CIRCLE
  8
MIX
 10
-139.2568
 20
-56.5936
 40
0.6883
  0
CIRCLE
  8
MIX
 10
273.6135
 20
194.5911
 40
0.7062
  0
CIRCLE
  8
MIX
 10
-164.3044
 20
-118.9477
 40
0.5063
  0
CIRCLE
  8
MIX
 10
-66.0650
 20
173.7198
 40
0.2003
  0
CIRCLE
  8
MIX
 10
139.6041
 20
127.4128
 40
0.9920
  0
CIRCLE
  8
MIX
 10
-6.2965
 20
-29.7629
 40
0.2952
  0
CIRCLE
  8
MIX
 10
-0.0086
 20
-69.7612
 40
0.4979
  0
CIRCLE
  8
MIX
 10
-181.8160
 20
22.4325
 40
0.4358
  0
CIRCLE
  8
MIX
 10
-111.3620
 20
163.3466
 40
0.2083
  0
CIRCLE
  8
MIX
 10
-282.1440
 20
117.1539
 40
0.6501
  0
CIRCLE
  8
MIX
 10
-70.4962
 20
-188.9861
 40
0.7351
  0
CIRCLE
  8
MIX
 10
45.5178
 20
189.8461
 40
0.7492
  0
CIRCLE
  8
MIX
 10
197.4132
 20
13.8501
 40
0.2856
  0
CIRCLE
  8
MIX
 10
266.0056
 20
-13.7645
 40
0.5250
  0
CIRCLE
  8
MIX
 10
208.2799
 20
-38.7820
 40
0.9961
  0
CIRCLE
  8
MIX
 10
171.9905
 20
86.8619
 40
0.4589
  0
CIRCLE
  8
MIX
 10
270.4212
 20
59.6753
 40
0.6626
  0
CIRCLE
  8
MIX
 10
126.6028
 20
-148.9361
 40
0.8193
  0
CIRCLE
  8
MIX
 10
-124.8765
 20
116.1460
 40
0.4700
  0
CIRCLE
  8
MIX
 10
42.6381
 20
179.1568
 40
0.8248
  0
CIRCLE
  8
MIX
 10
34.3265
 20
169.8622
 40
0.2361
  0
CIRCLE
  8
MIX
 10
15.0700
 20
66.6391
 40
0.1690
  0
CIRCLE
  8
MIX
 10
-144.6533
 20
-130.2092
 40
0.7737
  0
CIRCLE
  8
MIX
 10
184.7876
 20
-21.4222
 40
0.8484
  0
CIRCLE
  8
MIX
 10
158.2043
 20
-34.4672
 40
0.6876
  0
CIRCLE
  8
MIX
 10
-26.8642
 20
-177.8885
 40
0.3380
  0
CIRCLE
  8
MIX
 10
-278.3964
 20
-149.2057
 40
0.2991
  0
CIRCLE
  8
MIX
 10
135.2139
 20
46.5102
 40
0.9724
  0
CIRCLE
  8
MIX
 10
-199.7952
 20
-149.2664
 40
0.7841
  0
CIRCLE
  8
MIX
 10
-278.7630
 20
179.7070
 40
0.5038
  0
CIRCLE
  8
MIX
 10
-250.2565
 20
-130.9567
 40
0.7457
  0
CIRCLE
  8
MIX
 10
-44.1679
 20
123.9059
 40
0.3646
  0
CIRCLE
  8
MIX
 10
-230.9199
 20
-151.2321
 40
0.5922
  0
CIRCLE
  8
MIX
 10
291.1726
 20
-92.9695
 40
0.7600
  0
CIRCLE
  8
MIX
 10
-119.3788
 20
-56.1535
 40
0.3626
  0
CIRCLE
  8
MIX
 10
-132.3877
 20
127.6589
 40
0.2430
  0
CIRCLE
  8
MIX
 10
204.0120
 20
107.4532
 40
0.9680
  0
CIRCLE
  8
MIX
 10
-48.7990
 20
104.9352
 40
0.7282
  0
CIRCLE
  8
MIX
 10
-116.1980
 20
179.6317
 40
0.7034
  0
CIRCLE
  8
MIX
 10
-282.5954
 20
28.0163
 40
0.6246
  0
CIRCLE
  8
MIX
 10
-128.8219
 20
111.7420
 40
0.2635
  0
CIRCLE
  8
MIX
 10
150.7650
 20
-101.8529
 40
0.8525
  0
CIRCLE
  8
MIX
 10
4.0986
 20
-59.9003
 40
0.5687
  0
CIRCLE
  8
MIX
 10
287.3613
 20
-113.2884
 40
0.4068
  0
CIRCLE
  8
MIX
 10
-249.5058
 20
77.1438
 40
0.8134
  0
CIRCLE
  8
MIX
 10
-252.9665
 20
-29.1705
 40
0.7690
  0
CIRCLE
  8
MIX
 10
-103.1229
 20
86.7734
 40
0.5397
  0
CIRCLE
  8
MIX
 10
-98.3548
 20
-29.4912
 40
0.9129
  0
CIRCLE
  8
MIX
 10
-279.0312
 20
2.3844
 40
0.7900
  0
CIRCLE
  8
MIX
 10
-269.5526
 20
114.2776
 40
0.6235
  0
CIRCLE
  8
MIX
 10
-146.9292
 20
152.8778
 40
0.2778
  0
CIRCLE
  8
MIX
 10
140.1098
 20
-120.1566
 40
0.7105
  0
CIRCLE
  8
MIX
 10
-131.8903
 20
-145.2578
 40
0.9916
  0
CIRCLE
  8
MIX
 10
251.4566
 20
158.9290
 40
0.5801
  0
CIRCLE
  8
MIX
 10
-240.1618
 20
68.4903
 40
0.9430
  0
CIRCLE
  8
MIX
 10
-46.3603
 20
117.2492
 40
0.5354
  0
CIRCLE
  8
MIX
 10
-58.1817
 20
-123.5034
 40
0.4537
  0
CIRCLE
  8
MIX
 10
-224.3643
 20
-182.1223
 40
0.9931
  0
CIRCLE
  8
MIX
 10
-202.1974
 20
-132.1017
 40
0.8564
  0
CIRCLE
  8
MIX
 10
250.8391
 20
-34.7428
 40
0.1783
  0
CIRCLE
  8
MIX
 10
228.2089
 20
-194.0717
 40
0.2454
  0
CIRCLE
  8
MIX
 10
-0.6334
 20
184.0800
 40
0.1860
  0
CIRCLE
  8
MIX
 10
90.8120
 20
-24.8999
 40
0.1599
  0
CIRCLE
  8
MIX
 10
20.7552
 20
168.4551
 40
0.2176
  0
CIRCLE
  8
MIX
 10
-276.2068
 20
-98.6930
 40
0.3919
  0
CIRCLE
  8
MIX
 10
-196.7252
 20
68.4398
 40
0.8087
  0
CIRCLE
  8
MIX
 10
-230.8445
 20
178.3897
 40
0.8985
  0
CIRCLE
  8
MIX
 10
161.3239
 20
-0.6058
 40
0.6564
  0
CIRCLE
  8
MIX
 10
185.4635
 20
-168.6946
 40
0.7856
  0
CIRCLE
  8
MIX
 10
165.6070
 20
60.9590
 40
0.4685
  0
CIRCLE
  8
MIX
 10
-257.8256
 20
-110.0410
 40
0.4268
  0
CIRCLE
  8
MIX
 10
208.2265
 20
-66.9684
 40
0.8456
  0
CIRCLE
  8
MIX
 10
144.7154
 20
-119.7240
 40
0.3765
  0
CIRCLE
  8
MIX
 10
-227.2621
 20
92.1428
 40
0.5537
  0
CIRCLE
  8
MIX
 10
201.2053
 20
141.4589
 40
0.2672
  0
CIRCLE
  8
MIX
 10
3.8429
 20
-100.6049
 40
0.4018
  0
CIRCLE
  8
MIX
 10
-150.4537
 20
141.8293
 40
0.4044
  0
CIRCLE
  8
MIX
 10
-291.0073
 20
-133.1539
 40
0.4474
  0
CIRCLE
  8
MIX
 10
98.7927
 20
161.4536
 40
0.2699
  0
CIRCLE
  8
MIX
 10
-239.0086
 20
49.1579
 40
0.4020
  0
CIRCLE
  8
MIX
 10
42.4665
 20
-190.8501
 40
0.8630
  0
CIRCLE
  8
MIX
 10
-87.0255
 20
37.7492
 40
0.8498
  0
CIRCLE
  8
MIX
 10
245.1090
 20
-94.2921
 40
0.2033
  0
CIRCLE
  8
MIX
 10
-58.8602
 20
-148.1887
 40
0.3142
  0
CIRCLE
  8
MIX
 10
198.0614
 20
35.4884
 40
0.2092
  0
CIRCLE
  8
MIX
 10
-117.4174
 20
-159.3511
 40
0.4051
  0
CIRCLE
  8
MIX
 10
157.5181
 20
-173.7568
 40
0.7241
  0
CIRCLE
  8
MIX
 10
-288.2226
 20
121.1225
 40
0.9948
  0
CIRCLE
  8
MIX
 10
-221.4575
 20
-6.7335
 40
0.2577
  0
CIRCLE
  8
MIX
 10
-114.0908
 20
-21.2454
 40
0.8537
  0
CIRCLE
  8
MIX
 10
-255.7778
 20
-109.8986
 40
0.3548
  0
CIRCLE
  8
MIX
 10
122.6345
 20
-112.4349
 40
0.7124
  0
CIRCLE
  8
MIX
 10
-129.2769
 20
135.2333
 40
0.7737
  0
CIRCLE
  8
MIX
 10
-179.7964
 20
-151.8247
 40
0.6544
  0
CIRCLE
  8
MIX
 10
87.9272
 20
53.7522
 40
0.8208
  0
CIRCLE
  8
MIX
 10
145.4370
 20
122.4095
 40
0.4800
  0
CIRCLE
  8
MIX
 10
-87.1414
 20
-53.8908
 40
0.1539
  0
CIRCLE
  8
MIX
 10
236.0895
 20
-158.2145
 40
0.7970
  0
CIRCLE
  8
MIX
 10
250.4660
 20
-85.9163
 40
0.3727
  0
CIRCLE
  8
MIX
 10
-23.1162
 20
-6.8386
 40
0.5534
  0
CIRCLE
  8
MIX
 10
-145.2137
 20
-101.8436
 40
0.3089
  0
CIRCLE
  8
MIX
 10
-280.7762
 20
163.6575
 40
0.2008
  0
CIRCLE
  8
MIX
 10
294.3151
 20
131.9118
 40
0.1947
  0
CIRCLE
  8
MIX
 10
-250.4660
 20
-4.9653
 40
0.9787
  0
CIRCLE
  8
MIX
 10
99.8041
 20
-30.8881
 40
0.6868
  0
CIRCLE
  8
MIX
 10
226.5848
 20
-128.7520
 40
0.1697
  0
CIRCLE
  8
MIX
 10
-228.0555
 20
-161.0537
 40
0.9779
  0
CIRCLE
  8
MIX
 10
-209.7077
 20
-21.8519
 40
0.7966
  0
CIRCLE
  8
MIX
 10
131.7255
 20
145.9216
 40
0.8018
  0
CIRCLE
  8
MIX
 10
-180.4239
 20
57.5252
 40
0.3979
  0
CIRCLE
  8
MIX
 10
108.9366
 20
34.1526
 40
0.3081
  0
CIRCLE
  8
MIX
 10
11.1791
 20
175.1310
 40
0.2870
  0
CIRCLE
  8
MIX
 10
-24.4533
 20
-47.2867
 40
0.4569
  0
CIRCLE
  8
MIX
 10
-268.8652
 20
70.2261
 40
0.8983
  0
CIRCLE
  8
MIX
 10
131.8118
 20
160.4445
 40
0.2451
  0
CIRCLE
  8
MIX
 10
-147.9264
 20
-121.1726
 40
0.8605
  0
CIRCLE
  8
MIX
 10
85.1653
 20
86.4441
 40
0.8742
  0
CIRCLE
  8
MIX
 10
-100.9686
 20
40.4290
 40
0.8470
  0
CIRCLE
  8
MIX
 10
246.4993
 20
-182.3533
 40
0.8958
  0
CIRCLE
  8
MIX
 10
-99.8836
 20
-75.2150
 40
0.1805
  0
CIRCLE
  8
MIX
 10
266.5873
 20
78.6624
 40
0.1729
  0
CIRCLE
  8
MIX
 10
-127.4523
 20
177.6304
 40
0.2164
  0
CIRCLE
  8
MIX
 10
-201.6107
 20
-177.3351
 40
0.4065
  0
CIRCLE
  8
MIX
 10
115.4609
 20
118.2166
 40
0.9238
  0
CIRCLE
  8
MIX
 10
-279.9406
 20
136.8200
 40
0.8586
  0
CIRCLE
  8
MIX
 10
-125.2778
 20
-36.4863
 40
0.2899
  0
CIRCLE
  8
MIX
 10
169.9052
 20
142.7998
 40
0.9772
  0
CIRCLE
  8
MIX
 10
-81.9413
 20
100.1223
 40
0.1618
  0
CIRCLE
  8
MIX
 10
-10.4351
 20
-86.4276
 40
0.6622
  0
CIRCLE
  8
MIX
 10
47.3486
 20
181.5962
 40
0.4303
  0
CIRCLE
  8
MIX
 10
-83.4673
 20
-166.8570
 40
0.5235
  0
CIRCLE
  8
MIX
 10
-214.8317
 20
-137.7411
 40
0.7203
  0
CIRCLE
  8
MIX
 10
-76.8795
 20
17.5058
 40
0.5442
  0
CIRCLE
  8
MIX
 10
-259.0839
 20
-5.0576
 40
0.7963
  0
CIRCLE
  8
MIX
 10
-192.7569
 20
13.9933
 40
0.1880
  0
CIRCLE
  8
MIX
 10
174.2739
 20
-174.3559
 40
0.4521
  0
CIRCLE
  8
MIX
 10
-227.6891
 20
183.7258
 40
0.3513
  0
CIRCLE
  8
MIX
 10
186.6784
 20
-190.8679
 40
0.7277
  0
CIRCLE
  8
MIX
 10
-59.7506
 20
-190.7706
 40
0.5280
  0
CIRCLE
  8
MIX
 10
-218.8985
 20
-187.7156
 40
0.7772
  0
CIRCLE
  8
MIX
 10
-5.5000
 20
-82.2515
 40
0.6413
  0
CIRCLE
  8
MIX
 10
23.0391
 20
182.6689
 40
0.7944
  0
CIRCLE
  8
MIX
 10
-279.9692
 20
-68.4230
 40
0.4303
  0
CIRCLE
  8
MIX
 10
157.4207
 20
-55.1876
 40
0.6270
  0
CIRCLE
  8
MIX
 10
86.1543
 20
-178.8711
 40
0.7142
  0
CIRCLE
  8
MIX
 10
-6.5585
 20
112.0184
 40
0.7799
  0
CIRCLE
  8
MIX
 10
-23.4345
 20
-64.2919
 40
0.4814
  0
CIRCLE
  8
MIX
 10
-181.6813
 20
73.7215
 40
0.9974
  0
CIRCLE
  8
MIX
 10
120.7179
 20
52.2651
 40
0.3139
  0
CIRCLE
  8
MIX
 10
-202.0510
 20
163.4622
 40
0.7447
  0
CIRCLE
  8
MIX
 10
-277.2929
 20
-74.8897
 40
0.1916
  0
CIRCLE
  8
MIX
 10
203.6346
 20
-13.1134
 40
0.6952
  0
CIRCLE
  8
MIX
 10
289.4758
 20
-19.1834
 40
0.9897
  0
CIRCLE
  8
MIX
 10
-124.2950
 20
128.9558
 40
0.8385
  0
CIRCLE
  8
MIX
 10
-189.3567
 20
143.6627
 40
0.1534
  0
CIRCLE
  8
MIX
 10
133.2416
 20
121.0569
 40
0.8353
  0
CIRCLE
  8
MIX
 10
-61.1578
 20
169.1722
 40
0.9815
  0
CIRCLE
  8
MIX
 10
-49.5410
 20
188.1789
 40
0.2090
  0
CIRCLE
  8
MIX
 10
83.3743
 20
-122.1443
 40
0.2324
  0
CIRCLE
  8
MIX
 10
-59.1361
 20
-39.9910
 40
0.3713
  0
CIRCLE
  8
MIX
 10
252.5131
 20
-180.5929
 40
0.8677
  0
CIRCLE
  8
MIX
 10
36.3467
 20
-66.0367
 40
0.8752
  0
CIRCLE
  8
MIX
 10
-77.8519
 20
20.5943
 40
0.6191
  0
CIRCLE
  8
MIX
 10
186.1166
 20
79.0475
 40
0.2169
  0
CIRCLE
  8
MIX
 10
271.9187
 20
179.1655
 40
0.2400
  0
CIRCLE
  8
MIX
 10
-133.8888
 20
-46.7122
 40
0.7619
  0
CIRCLE
  8
MIX
 10
-4.2099
 20
192.5196
 40
0.2428
  0
CIRCLE
  8
MIX
 10
199.4555
 20
-49.4590
 40
0.7926
  0
CIRCLE
  8
MIX
 10
-156.5850
 20
24.9064
 40
0.9441
  0
CIRCLE
  8
MIX
 10
78.9535
 20
-68.9729
 40
0.4655
  0
CIRCLE
  8
MIX
 10
-227.1345
 20
-158.2117
 40
0.2241
  0
CIRCLE
  8
MIX
 10
239.7251
 20
-189.8193
 40
0.3530
  0
CIRCLE
  8
MIX
 10
-224.3495
 20
-44.0499
 40
0.5506
  0
CIRCLE
  8
MIX
 10
-49.8005
 20
-81.3579
 40
0.2962
  0
CIRCLE
  8
MIX
 10
-187.3900
 20
68.2457
 40
0.9174
  0
CIRCLE
  8
MIX
 10
128.9910
 20
-131.3512
 40
0.1796
  0
CIRCLE
  8
MIX
 10
-184.4535
 20
57.7633
 40
0.9444
  0
CIRCLE
  8
MIX
 10
-280.0298
 20
-95.0012
 40
0.2667
  0
CIRCLE
  8
MIX
 10
-144.4312
 20
-7.0682
 40
0.2200
  0
CIRCLE
  8
MIX
 10
-85.6546
 20
98.3855
 40
0.1963
  0
CIRCLE
  8
MIX
 10
66.3281
 20
-132.0803
 40
0.3978
  0
CIRCLE
  8
MIX
 10
-56.9561
 20
41.5039
 40
0.8231
  0
CIRCLE
  8
MIX
 10
-40.1207
 20
18.8564
 40
0.3998
  0
CIRCLE
  8
MIX
 10
141.3726
 20
120.1397
 40
0.4397
  0
CIRCLE
  8
MIX
 10
-33.9566
 20
23.1739
 40
0.8157
  0
CIRCLE
  8
MIX
 10
17.0974
 20
168.7440
 40
0.8386
  0
CIRCLE
  8
MIX
 10
-165.8640
 20
-46.0192
 40
0.5173
  0
CIRCLE
  8
MIX
 10
208.9625
 20
78.9938
 40
0.4429
  0
CIRCLE
  8
MIX
 10
-139.9913
 20
91.0863
 40
0.2164
  0
CIRCLE
  8
MIX
 10
111.5132
 20
-173.1831
 40
0.8644
  0
CIRCLE
  8
MIX
 10
72.7754
 20
52.3452
 40
0.3946
  0
CIRCLE
  8
MIX
 10
60.1587
 20
84.5476
 40
0.9153
  0
CIRCLE
  8
MIX
 10
-124.3832
 20
154.6361
 40
0.4386
  0
CIRCLE
  8
MIX
 10
-196.0594
 20
126.5406
 40
0.5090
  0
CIRCLE
  8
MIX
 10
-145.0829
 20
-35.7231
 40
0.8571
  0
CIRCLE
  8
MIX
 10
138.7299
 20
-115.0494
 40
0.6263
  0
CIRCLE
  8
MIX
 10
-47.0539
 20
-126.7399
 40
0.9869
  0
CIRCLE
  8
MIX
 10
6.7987
 20
83.7302
 40
0.4902
  0
CIRCLE
  8
MIX
 10
122.6000
 20
141.6190
 40
0.6994
  0
CIRCLE
  8
MIX
 10
146.1506
 20
-140.5309
 40
0.5254
  0
CIRCLE
  8
MIX
 10
-130.3920
 20
-141.2453
 40
0.5064
  0
CIRCLE
  8
MIX
 10
-279.0921
 20
103.7274
 40
0.7821
  0
CIRCLE
  8
MIX
 10
-280.6491
 20
-91.0847
 40
0.6028
  0
CIRCLE
  8
MIX
 10
-211.3197
 20
-70.7243
 40
0.3566
  0
CIRCLE
  8
MIX
 10
163.2703
 20
-130.5210
 40
0.5996
  0
CIRCLE
  8
MIX
 10
98.4378
 20
148.3719
 40
0.2992
  0
CIRCLE
  8
MIX
 10
-4.9786
 20
-133.5096
 40
0.8548
  0
CIRCLE
  8
MIX
 10
279.2275
 20
-188.8504
 40
0.6508
  0
CIRCLE
  8
MIX
 10
-159.7068
 20
-168.7042
 40
0.3242
  0
CIRCLE
  8
MIX
 10
272.3591
 20
-187.3978
 40
0.5915
  0
CIRCLE
  8
MIX
 10
47.8329
 20
106.3614
 40
0.5487
  0
CIRCLE
  8
MIX
 10
-246.3136
 20
-56.2259
 40
0.4522
  0
CIRCLE
  8
MIX
 10
33.9172
 20
138.6886
 40
0.7377
  0
CIRCLE
  8
MIX
 10
-205.4129
 20
-67.1281
 40
0.2930
  0
CIRCLE
  8
MIX
 10
-120.4339
 20
-43.0806
 40
0.4132
  0
CIRCLE
  8
MIX
 10
246.4333
 20
-118.6807
 40
0.2635
  0
CIRCLE
  8
MIX
 10
60.4380
 20
-165.5084
 40
0.1758
  0
CIRCLE
  8
MIX
 10
-189.9962
 20
84.5706
 40
0.6460
  0
CIRCLE
  8
MIX
 10
124.8318
 20
97.3180
 40
0.7992
  0
CIRCLE
  8
MIX
 10
-85.3282
 20
113.9974
 40
0.5660
  0
CIRCLE
  8
MIX
 10
-243.1918
 20
41.6713
 40
0.4794
  0
CIRCLE
  8
MIX
 10
108.5463
 20
170.6360
 40
0.3447
  0
CIRCLE
  8
MIX
 10
290.3620
 20
-112.4939
 40
0.3766
  0
CIRCLE
  8
MIX
 10
-43.6881
 20
-179.7215
 40
0.2991
  0
CIRCLE
  8
MIX
 10
-141.8979
 20
-64.4050
 40
0.6102
  0
CIRCLE
  8
MIX
 10
112.5497
 20
68.5445
 40
0.8700
  0
CIRCLE
  8
MIX
 10
95.2572
 20
114.8429
 40
0.6651
  0
CIRCLE
  8
MIX
 10
-88.9276
 20
20.4540
 40
0.9552
  0
CIRCLE
  8
MIX
 10
138.2803
 20
40.2266
 40
0.4177
  0
CIRCLE
  8
MIX
 10
-238.4690
 20
77.8690
 40
0.5602
  0
CIRCLE
  8
MIX
 10
-51.8705
 20
103.2325
 40
0.7033
  0
CIRCLE
  8
MIX
 10
169.4934
 20
-43.7655
 40
0.2740
  0
CIRCLE
  8
MIX
 10
52.6942
 20
136.6843
 40
0.3466
  0
CIRCLE
  8
MIX
 10
91.6015
 20
35.5899
 40
0.2872
  0
CIRCLE
  8
MIX
 10
-157.9237
 20
165.7156
 40
0.5801
  0
CIRCLE
  8
MIX
 10
129.5466
 20
66.0710
 40
0.7444
  0
CIRCLE
  8
MIX
 10
-164.2349
 20
-62.3996
 40
0.3004
  0
CIRCLE
  8
MIX
 10
61.6967
 20
-158.6519
 40
0.6847
  0
CIRCLE
  8
MIX
 10
-216.5754
 20
-93.5449
 40
0.6826
  0
CIRCLE
  8
MIX
 10
205.5301
 20
160.8866
 40
0.7451
  0
CIRCLE
  8
MIX
 10
-287.7233
 20
-44.2819
 40
0.4476
  0
CIRCLE
  8
MIX
 10
43.8090
 20
39.8262
 40
0.1980
  0
CIRCLE
  8
MIX
 10
-144.8184
 20
-156.9452
 40
0.9347
  0
CIRCLE
  8
MIX
 10
258.9369
 20
-70.0956
 40
0.3334
  0
CIRCLE
  8
MIX
 10
-104.2809
 20
190.1650
 40
0.3875
  0
CIRCLE
  8
MIX
 10
269.4122
 20
132.4467
 40
0.2512
  0
CIRCLE
  8
MIX
 10
81.1304
 20
-24.8533
 40
0.4793
  0
CIRCLE
  8
MIX
 10
-294.0176
 20
131.2627
 40
0.5643
  0
CIRCLE
  8
MIX
 10
212.1200
 20
-91.1604
 40
0.3119
  0
CIRCLE
  8
MIX
 10
-70.7347
 20
-104.4261
 40
0.4509
  0
CIRCLE
  8
MIX
 10
-38.4924
 20
40.1856
 40
0.3802
  0
CIRCLE
  8
MIX
 10
131.4805
 20
-102.8996
 40
0.2977
  0
CIRCLE
  8
MIX
 10
252.8029
 20
50.3484
 40
0.5785
  0
CIRCLE
  8
MIX
 10
-31.2176
 20
-182.5927
 40
0.3242
  0
CIRCLE
  8
MIX
 10
206.1999
 20
152.3887
 40
0.4459
  0
CIRCLE
  8
MIX
 10
-266.2455
 20
-182.1951
 40
0.8264
  0
CIRCLE
  8
MIX
 10
74.5075
 20
-176.0683
 40
0.7852
  0
CIRCLE
  8
MIX
 10
-63.8439
 20
80.7536
 40
0.7076
  0
CIRCLE
  8
MIX
 10
46.3984
 20
-64.2436
 40
0.4003
  0
CIRCLE
  8
MIX
 10
-99.7296
 20
-4.8939
 40
0.1834
  0
CIRCLE
  8
MIX
 10
-9.6885
 20
-49.1856
 40
0.7074
  0
CIRCLE
  8
MIX
 10
185.4228
 20
53.8655
 40
0.8866
  0
CIRCLE
  8
MIX
 10
-269.3525
 20
-82.8865
 40
0.7542
  0
CIRCLE
  8
MIX
 10
258.6807
 20
-1.2942
 40
0.2104
  0
CIRCLE
  8
MIX
 10
59.7903
 20
-164.5787
 40
0.7903
  0
CIRCLE
  8
MIX
 10
-208.3430
 20
56.5341
 40
0.7517
  0
CIRCLE
  8
MIX
 10
-183.7752
 20
170.1065
 40
0.8519
  0
CIRCLE
  8
MIX
 10
142.9660
 20
56.1306
 40
0.5959
  0
CIRCLE
  8
MIX
 10
181.8532
 20
-60.1081
 40
0.3073
  0
CIRCLE
  8
MIX
 10
-289.5182
 20
-46.3770
 40
0.6702
  0
CIRCLE
  8
MIX
 10
-218.2082
 20
-23.9037
 40
0.4958
  0
CIRCLE
  8
MIX
 10
-70.6388
 20
-119.5061
 40
0.4152
  0
CIRCLE
  8
MIX
 10
218.6919
 20
160.3343
 40
0.2259
  0
CIRCLE
  8
MIX
 10
-230.9171
 20
-146.7691
 40
0.6911
  0
CIRCLE
  8
MIX
 10
-37.7490
 20
122.8827
 40
0.9251
  0
CIRCLE
  8
MIX
 10
121.7546
 20
-74.1440
 40
0.9315
  0
CIRCLE
  8
MIX
 10
-125.7198
 20
18.2548
 40
0.3934
  0
CIRCLE
  8
MIX
 10
200.9150
 20
191.6711
 40
0.2802
  0
CIRCLE
  8
MIX
 10
-108.2525
 20
-92.8022
 40
0.5005
  0
CIRCLE
  8
MIX
 10
-98.7522
 20
-85.1302
 40
0.4384
  0
CIRCLE
  8
MIX
 10
115.8625
 20
45.6002
 40
0.6332
  0
CIRCLE
  8
MIX
 10
-148.7140
 20
-147.5455
 40
0.2047
  0
CIRCLE
  8
MIX
 10
5.7526
 20
-178.0927
 40
0.4210
  0
CIRCLE
  8
MIX
 10
99.5619
 20
-181.6019
 40
0.4042
  0
CIRCLE
  8
MIX
 10
-38.1328
 20
36.8517
 40
0.4643
  0
CIRCLE
  8
MIX
 10
-3.9917
 20
131.4644
 40
0.9634
  0
CIRCLE
  8
MIX
 10
-211.8324
 20
43.8558
 40
0.5246
  0
CIRCLE
  8
MIX
 10
-79.0198
 20
81.7923
 40
0.9492
  0
CIRCLE
  8
MIX
 10
-135.3158
 20
176.6066
 40
0.2331
  0
CIRCLE
  8
MIX
 10
0.3040
 20
-64.4906
 40
0.2320
  0
CIRCLE
  8
MIX
 10
-95.6167
 20
-146.7056
 40
0.4993
  0
CIRCLE
  8
MIX
 10
42.5129
 20
37.5177
 40
0.6646
  0
CIRCLE
  8
MIX
 10
201.7422
 20
-63.9143
 40
0.9233
  0
CIRCLE
  8
MIX
 10
250.1513
 20
166.4441
 40
0.7199
  0
CIRCLE
  8
MIX
 10
226.2355
 20
190.8278
 40
0.1568
  0
CIRCLE
  8
MIX
 10
236.9718
 20
-121.1857
 40
0.9052
  0
CIRCLE
  8
MIX
 10
203.3255
 20
-32.9958
 40
0.3303
  0
CIRCLE
  8
MIX
 10
-236.7407
 20
-51.9581
 40
0.3072
  0
CIRCLE
  8
MIX
 10
109.7919
 20
52.8180
 40
0.4936
  0
CIRCLE
  8
MIX
 10
18.6433
 20
64.0809
 40
0.6642
  0
CIRCLE
  8
MIX
 10
-9.4345
 20
-63.7564
 40
0.7170
  0
CIRCLE
  8
MIX
 10
-218.1393
 20
-82.1888
 40
0.5091
  0
CIRCLE
  8
MIX
 10
-88.0923
 20
-148.8169
 40
0.8937
  0
CIRCLE
  8
MIX
 10
-103.7544
 20
16.6683
 40
0.8627
  0
CIRCLE
  8
MIX
 10
-157.9540
 20
-130.2388
 40
0.9872
  0
CIRCLE
  8
MIX
 10
164.5067
 20
-79.0613
 40
0.8865
  0
CIRCLE
  8
MIX
 10
76.4900
 20
98.5282
 40
0.9964
  0
CIRCLE
  8
MIX
 10
-67.1402
 20
129.7709
 40
0.7619
  0
CIRCLE
  8
MIX
 10
-47.5407
 20
-100.8239
 40
0.3935
  0
CIRCLE
  8
MIX
 10
-120.9459
 20
88.5504
 40
0.9988
  0
CIRCLE
  8
MIX
 10
-273.5949
 20
-35.4550
 40
0.8837
  0
CIRCLE
  8
MIX
 10
277.5201
 20
-28.8970
 40
0.2305
  0
CIRCLE
  8
MIX
 10
111.7508
 20
129.4682
 40
0.4162
  0
CIRCLE
  8
MIX
 10
214.0319
 20
47.4756
 40
0.4695
  0
CIRCLE
  8
MIX
 10
-58.0312
 20
54.6193
 40
0.4619
  0
CIRCLE
  8
MIX
 10
-221.8482
 20
-182.9517
 40
0.7753
  0
CIRCLE
  8
MIX
 10
208.1882
 20
-188.7725
 40
0.3793
  0
CIRCLE
  8
MIX
 10
180.5730
 20
173.7032
 40
0.9087
  0
CIRCLE
  8
MIX
 10
91.9559
 20
-83.4173
 40
0.1896
  0
CIRCLE
  8
MIX
 10
290.5452
 20
-29.0313
 40
0.3681
  0
CIRCLE
  8
MIX
 10
-196.2043
 20
-124.1073
 40
0.6411
  0
CIRCLE
  8
MIX
 10
-167.8994
 20
26.7157
 40
0.2644
  0
CIRCLE
  8
MIX
 10
68.0666
 20
86.5463
 40
0.6288
  0
CIRCLE
  8
MIX
 10
-186.9485
 20
-74.6379
 40
0.4757
  0
CIRCLE
  8
MIX
 10
45.5877
 20
-172.5852
 40
0.4247
  0
CIRCLE
  8
MIX
 10
-206.0437
 20
-173.1088
 40
0.3468
  0
CIRCLE
  8
MIX
 10
-261.2123
 20
-40.2460
 40
0.4203
  0
CIRCLE
  8
MIX
 10
-238.3115
 20
12.5535
 40
0.7773
  0
CIRCLE
  8
MIX
 10
261.0415
 20
68.7841
 40
0.7266
  0
CIRCLE
  8
MIX
 10
-249.8439
 20
113.1578
 40
0.2464
  0
CIRCLE
  8
MIX
 10
213.5857
 20
127.3926
 40
0.3605
  0
CIRCLE
  8
MIX
 10
75.3454
 20
193.6109
 40
0.8259
  0
CIRCLE
  8
MIX
 10
171.2450
 20
-123.1419
 40
0.2179
  0
CIRCLE
  8
MIX
 10
109.4640
 20
-16.9099
 40
0.6407
  0
CIRCLE
  8
MIX
 10
3.3694
 20
75.2971
 40
0.4306
  0
CIRCLE
  8
MIX
 10
-204.2292
 20
190.1693
 40
0.2872
  0
CIRCLE
  8
MIX
 10
70.1588
 20
153.9279
 40
0.5271
  0
CIRCLE
  8
MIX
 10
157.9684
 20
-27.3651
 40
0.2107
  0
CIRCLE
  8
MIX
 10
108.1597
 20
-114.5131
 40
0.8550
  0
CIRCLE
  8
MIX
 10
-177.9648
 20
-101.1462
 40
0.8631
  0
CIRCLE
  8
MIX
 10
-126.5720
 20
-0.5401
 40
0.3184
  0
CIRCLE
  8
MIX
 10
-129.6495
 20
-162.3474
 40
0.6615
  0
CIRCLE
  8
MIX
 10
-92.0965
 20
-43.5272
 40
0.8405
  0
CIRCLE
  8
MIX
 10
114.1522
 20
2.9873
 40
0.6837
  0
CIRCLE
  8
MIX
 10
5.1829
 20
130.4509
 40
0.5044
  0
CIRCLE
  8
MIX
 10
-132.9680
 20
24.4630
 40
0.7184
  0
CIRCLE
  8
MIX
 10
247.3705
 20
-26.7297
 40
0.9729
  0
CIRCLE
  8
MIX
 10
-154.4515
 20
161.2710
 40
0.4245
  0
CIRCLE
  8
MIX
 10
-283.7347
 20
-146.1654
 40
0.8583
  0
CIRCLE
  8
MIX
 10
199.3881
 20
-178.4179
 40
0.6923
  0
CIRCLE
  8
MIX
 10
-278.9316
 20
113.0571
 40
0.3726
  0
CIRCLE
  8
MIX
 10
-140.9319
 20
148.1246
 40
0.8821
  0
CIRCLE
  8
MIX
 10
-67.6820
 20
-160.6245
 40
0.1631
  0
CIRCLE
  8
MIX
 10
120.2151
 20
-190.1613
 40
0.5367
  0
CIRCLE
  8
MIX
 10
-40.8839
 20
-132.5862
 40
0.5350
  0
CIRCLE
  8
MIX
 10
-3.8000
 20
155.3751
 40
0.2170
  0
CIRCLE
  8
MIX
 10
-264.8245
 20
126.4889
 40
0.5631
  0
CIRCLE
  8
MIX
 10
111.6400
 20
43.0561
 40
0.2398
  0
CIRCLE
  8
MIX
 10
20.0106
 20
-192.9171
 40
0.1588
  0
CIRCLE
  8
MIX
 10
94.2151
 20
169.9797
 40
0.3439
  0
CIRCLE
  8
MIX
 10
65.9924
 20
153.4246
 40
0.2062
  0
CIRCLE
  8
MIX
 10
67.6574
 20
16.4886
 40
0.7728
  0
CIRCLE
  8
MIX
 10
-178.7730
 20
110.1853
 40
0.5375
  0
CIRCLE
  8
MIX
 10
170.9020
 20
97.4720
 40
0.9310
  0
CIRCLE
  8
MIX
 10
213.5477
 20
-7.7493
 40
0.3410
  0
CIRCLE
  8
MIX
 10
213.4844
 20
45.1994
 40
0.8403
  0
CIRCLE
  8
MIX
 10
-206.4133
 20
9.8321
 40
0.7155
  0
CIRCLE
  8
MIX
 10
-258.4133
 20
155.8184
 40
0.6869
  0
CIRCLE
  8
MIX
 10
86.1628
 20
-171.9238
 40
0.7584
  0
CIRCLE
  8
MIX
 10
-161.0813
 20
-30.4331
 40
0.4013
  0
CIRCLE
  8
MIX
 10
170.3338
 20
172.0668
 40
0.2870
  0
CIRCLE
  8
MIX
 10
48.1260
 20
89.3717
 40
0.5472
  0
CIRCLE
  8
MIX
 10
-269.3300
 20
-14.0508
 40
0.3907
  0
CIRCLE
  8
MIX
 10
-162.1123
 20
-119.8920
 40
0.2588
  0
CIRCLE
  8
MIX
 10
76.8556
 20
70.0786
 40
0.9372
  0
CIRCLE
  8
MIX
 10
294.5599
 20
-152.3900
 40
0.3896
  0
CIRCLE
  8
MIX
 10
246.8693
 20
103.8682
 40
0.7585
  0
CIRCLE
  8
MIX
 10
1.3776
 20
-51.1954
 40
0.1854
  0
CIRCLE
  8
MIX
 10
-168.0154
 20
165.6216
 40
0.8038
  0
CIRCLE
  8
MIX
 10
-70.8870
 20
-111.6510
 40
0.8882
  0
CIRCLE
  8
MIX
 10
-79.0895
 20
145.3445
 40
0.1782
  0
CIRCLE
  8
MIX
 10
5.9277
 20
159.1223
 40
0.1825
  0
CIRCLE
  8
MIX
 10
136.8210
 20
183.5795
 40
0.8096
  0
CIRCLE
  8
MIX
 10
-162.7699
 20
-149.8869
 40
0.4387
  0
CIRCLE
  8
MIX
 10
-243.9602
 20
-100.0471
 40
0.2205
  0
CIRCLE
  8
MIX
 10
-235.1204
 20
141.9073
 40
0.5421
  0
CIRCLE
  8
MIX
 10
-207.9884
 20
170.6114
 40
0.8937
  0
CIRCLE
  8
MIX
 10
-264.6651
 20
-6.6448
 40
0.4622
  0
CIRCLE
  8
MIX
 10
-165.8541
 20
55.3074
 40
0.4324
  0
CIRCLE
  8
MIX
 10
-175.4328
 20
-90.6498
 40
0.2073
  0
CIRCLE
  8
MIX
 10
-220.5768
 20
-86.1821
 40
0.1909
  0
CIRCLE
  8
MIX
 10
-30.0017
 20
-134.7885
 40
0.5209
  0
CIRCLE
  8
MIX
 10
96.5450
 20
-71.0983
 40
0.2636
  0
CIRCLE
  8
MIX
 10
-167.3643
 20
134.2038
 40
0.1510
  0
CIRCLE
  8
MIX
 10
9.1487
 20
-99.6363
 40
0.3390
  0
CIRCLE
  8
MIX
 10
292.2051
 20
147.4783
 40
0.8027
  0
CIRCLE
  8
MIX
 10
-42.5583
 20
13.2489
 40
0.3594
  0
CIRCLE
  8
MIX
 10
-109.3226
 20
36.4413
 40
0.2190
  0
CIRCLE
  8
MIX
 10
107.7816
 20
173.9949
 40
0.4618
  0
CIRCLE
  8
MIX
 10
271.4057
 20
192.5001
 40
0.2086
  0
CIRCLE
  8
MIX
 10
-281.4973
 20
132.7602
 40
0.9109
  0
CIRCLE
  8
MIX
 10
-131.6291
 20
104.5449
 40
0.4068
  0
CIRCLE
  8
MIX
 10
-11.1013
 20
-120.6113
 40
0.8581
  0
CIRCLE
  8
MIX
 10
-180.9602
 20
-63.3458
 40
0.7998
  0
CIRCLE
  8
MIX
 10
-32.0182
 20
-194.2001
 40
0.2754
  0
CIRCLE
  8
MIX
 10
-278.6883
 20
-86.3905
 40
0.9671
  0
CIRCLE
  8
MIX
 10
-218.3134
 20
90.2719
 40
0.5449
  0
CIRCLE
  8
MIX
 10
-233.7791
 20
-133.8789
 40
0.8882
  0
CIRCLE
  8
MIX
 10
162.8329
 20
190.3523
 40
0.9065
  0
CIRCLE
  8
MIX
 10
19.7224
 20
-172.5486
 40
0.4155
  0
CIRCLE
  8
MIX
 10
168.6504
 20
-157.7531
 40
0.5839
  0
CIRCLE
  8
MIX
 10
-214.7315
 20
-75.3724
 40
0.2766
  0
CIRCLE
  8
MIX
 10
247.2484
 20
166.7411
 40
0.3082
  0
CIRCLE
  8
MIX
 10
-169.7715
 20
-33.0929
 40
0.2834
  0
CIRCLE
  8
MIX
 10
-241.6580
 20
56.2625
 40
0.8917
  0
CIRCLE
  8
MIX
 10
89.7749
 20
7.8497
 40
0.7836
  0
CIRCLE
  8
MIX
 10
16.0621
 20
-24.1647
 40
0.4017
  0
CIRCLE
  8
MIX
 10
7.8884
 20
161.5127
 40
0.3845
  0
CIRCLE
  8
MIX
 10
-15.9545
 20
-186.3342
 40
0.7605
  0
CIRCLE
  8
MIX
 10
72.8952
 20
-185.8368
 40
0.9087
  0
CIRCLE
  8
MIX
 10
76.4513
 20
-103.8176
 40
0.2685
  0
CIRCLE
  8
MIX
 10
190.6651
 20
116.7479
 40
0.2438
  0
CIRCLE
  8
MIX
 10
-5.6429
 20
58.7750
 40
0.9900
  0
CIRCLE
  8
MIX
 10
-271.4527
 20
-83.5701
 40
0.9226
  0
CIRCLE
  8
MIX
 10
-293.6216
 20
-31.4959
 40
0.5603
  0
CIRCLE
  8
MIX
 10
-86.4738
 20
4.0353
 40
0.6565
  0
CIRCLE
  8
MIX
 10
286.5965
 20
-30.0925
 40
0.8593
  0
CIRCLE
  8
MIX
 10
-34.7906
 20
-125.4939
 40
0.2381
  0
CIRCLE
  8
MIX
 10
183.2078
 20
-49.0071
 40
0.6883
  0
CIRCLE
  8
MIX
 10
-195.6391
 20
-74.3194
 40
0.6240
  0
CIRCLE
  8
MIX
 10
-91.0111
 20
-95.1955
 40
0.5880
  0
CIRCLE
  8
MIX
 10
-12.9973
 20
-66.8390
 40
0.7972
  0
CIRCLE
  8
MIX
 10
30.9358
 20
53.8467
 40
0.9317
  0
CIRCLE
  8
MIX
 10
-291.0994
 20
21.9413
 40
0.6367
  0
CIRCLE
  8
MIX
 10
82.5530
 20
61.3856
 40
0.8138
  0
CIRCLE
  8
MIX
 10
241.7469
 20
175.0934
 40
0.8798
  0
CIRCLE
  8
MIX
 10
199.4723
 20
76.4802
 40
0.7793
  0
CIRCLE
  8
MIX
 10
-263.1690
 20
62.4125
 40
0.7487
  0
CIRCLE
  8
MIX
 10
248.6343
 20
179.7749
 40
0.3892
  0
CIRCLE
  8
MIX
 10
260.6759
 20
163.7329
 40
0.7179
  0
CIRCLE
  8
MIX
 10
-275.5909
 20
-164.1518
 40
0.5435
  0
CIRCLE
  8
MIX
 10
-103.7171
 20
-101.0837
 40
0.1647
  0
CIRCLE
  8
MIX
 10
-16.9803
 20
-43.4675
 40
0.1723
  0
CIRCLE
  8
MIX
 10
-110.4992
 20
-34.4856
 40
0.9233
  0
CIRCLE
  8
MIX
 10
-119.2839
 20
69.3206
 40
0.9597
  0
CIRCLE
  8
MIX
 10
178.8896
 20
12.0827
 40
0.3851
  0
CIRCLE
  8
MIX
 10
-137.4277
 20
37.0314
 40
0.5145
  0
CIRCLE
  8
MIX
 10
-274.4916
 20
126.3123
 40
0.6611
  0
CIRCLE
  8
MIX
 10
-261.2014
 20
70.5456
 40
0.1625
  0
CIRCLE
  8
MIX
 10
-287.4014
 20
18.8088
 40
0.7788
  0
CIRCLE
  8
MIX
 10
-24.6770
 20
136.9166
 40
0.9706
  0
CIRCLE
  8
MIX
 10
-179.6176
 20
-68.2777
 40
0.3771
  0
CIRCLE
  8
MIX
 10
-43.6429
 20
-178.2617
 40
0.5996
  0
CIRCLE
  8
MIX
 10
-205.5766
 20
-167.2144
 40
0.5296
  0
CIRCLE
  8
MIX
 10
-220.0438
 20
8.5826
 40
0.9840
  0
CIRCLE
  8
MIX
 10
133.4341
 20
105.8788
 40
0.7114
  0
CIRCLE
  8
MIX
 10
74.4845
 20
150.8328
 40
0.6251
  0
CIRCLE
  8
MIX
 10
-19.6737
 20
175.2777
 40
0.9255
  0
CIRCLE
  8
MIX
 10
-224.3715
 20
193.6094
 40
0.7225
  0
CIRCLE
  8
MIX
 10
24.9319
 20
-81.5055
 40
0.7073
  0
CIRCLE
  8
MIX
 10
251.4393
 20
96.9353
 40
0.3352
  0
CIRCLE
  8
MIX
 10
-285.5849
 20
108.3445
 40
0.6883
  0
CIRCLE
  8
MIX
 10
-161.9443
 20
87.0923
 40
0.8169
  0
CIRCLE
  8
MIX
 10
274.2151
 20
-75.1895
 40
0.5463
  0
CIRCLE
  8
MIX
 10
-217.4679
 20
-167.4851
 40
0.6351
  0
CIRCLE
  8
MIX
 10
-15.3540
 20
-12.3088
 40
0.4113
  0
CIRCLE
  8
MIX
 10
-7.1920
 20
4.8031
 40
0.1791
  0
CIRCLE
  8
MIX
 10
192.2801
 20
-81.8561
 40
0.8695
  0
CIRCLE
  8
MIX
 10
-200.4373
 20
135.7710
 40
0.4519
  0
CIRCLE
  8
MIX
 10
-212.7835
 20
97.3348
 40
0.3020
  0
CIRCLE
  8
MIX
 10
251.7490
 20
99.1223
 40
0.8505
  0
CIRCLE
  8
MIX
 10
-196.4720
 20
-190.2796
 40
0.5156
  0
CIRCLE
  8
MIX
 10
138.2460
 20
131.6131
 40
0.8318
  0
CIRCLE
  8
MIX
 10
176.8377
 20
-146.7248
 40
0.4998
  0
CIRCLE
  8
MIX
 10
-26.4430
 20
84.6770
 40
0.3579
  0
CIRCLE
  8
MIX
 10
256.3584
 20
35.4797
 40
0.8853
  0
CIRCLE
  8
MIX
 10
127.0629
 20
-105.3079
 40
0.4362
  0
CIRCLE
  8
MIX
 10
65.0727
 20
-71.6426
 40
0.9137
  0
CIRCLE
  8
MIX
 10
-135.7345
 20
29.6241
 40
0.9283
  0
CIRCLE
  8
MIX
 10
47.2996
 20
-155.4584
 40
0.9141
  0
CIRCLE
  8
MIX
 10
-224.0248
 20
-117.0805
 40
0.5258
  0
CIRCLE
  8
MIX
 10
83.9294
 20
95.5119
 40
0.5009
  0
CIRCLE
  8
MIX
 10
-1.2386
 20
-66.4846
 40
0.7392
  0
CIRCLE
  8
MIX
 10
278.3603
 20
-180.9815
 40
0.2115
  0
CIRCLE
  8
MIX
 10
-91.5593
 20
-105.0878
 40
0.5459
  0
CIRCLE
  8
MIX
 10
-143.1055
 20
-178.4375
 40
0.5809
  0
CIRCLE
  8
MIX
 10
-70.8228
 20
-92.3185
 40
0.8058
  0
CIRCLE
  8
MIX
 10
12.2928
 20
-40.1358
 40
0.2987
  0
CIRCLE
  8
MIX
 10
75.1673
 20
49.8014
 40
0.7038
  0
CIRCLE
  8
MIX
 10
274.5961
 20
-131.2123
 40
0.2055
  0
CIRCLE
  8
MIX
 10
161.1152
 20
-150.9256
 40
0.3320
  0
CIRCLE
  8
MIX
 10
255.4523
 20
78.4449
 40
0.2540
  0
CIRCLE
  8
MIX
 10
-126.9581
 20
-147.1588
 40
0.2996
  0
CIRCLE
  8
MIX
 10
247.2830
 20
-153.5772
 40
0.9310
  0
CIRCLE
  8
MIX
 10
-146.3584
 20
33.5024
 40
0.5262
  0
CIRCLE
  8
MIX
 10
-7.0573
 20
68.5204
 40
0.4979
  0
CIRCLE
  8
MIX
 10
147.6737
 20
185.2564
 40
0.5525
  0
CIRCLE
  8
MIX
 10
121.3078
 20
109.2922
 40
0.5120
  0
CIRCLE
  8
MIX
 10
53.9874
 20
-40.8007
 40
0.7589
  0
CIRCLE
  8
MIX
 10
-144.2655
 20
168.3228
 40
0.8248
  0
CIRCLE
  8
MIX
 10
262.9871
 20
-8.2346
 40
0.6845
  0
CIRCLE
  8
MIX
 10
51.8019
 20
-174.2433
 40
0.5113
  0
CIRCLE
  8
MIX
 10
242.8936
 20
-13.3388
 40
0.2640
  0
CIRCLE
  8
MIX
 10
-205.5574
 20
-42.5791
 40
0.4666
  0
CIRCLE
  8
MIX
 10
-283.6961
 20
-85.7831
 40
0.2510
  0
CIRCLE
  8
MIX
 10
208.7282
 20
2.1662
 40
0.5486
  0
CIRCLE
  8
MIX
 10
-138.4610
 20
-14.3083
 40
0.3091
  0
CIRCLE
  8
MIX
 10
-150.5480
 20
98.0562
 40
0.7430
  0
CIRCLE
  8
MIX
 10
282.3509
 20
-35.2231
 40
0.7334
  0
CIRCLE
  8
MIX
 10
-41.4983
 20
166.0023
 40
0.7812
  0
CIRCLE
  8
MIX
 10
265.9873
 20
-74.4091
 40
0.4880
  0
CIRCLE
  8
MIX
 10
-167.9206
 20
105.6406
 40
0.2337
  0
CIRCLE
  8
MIX
 10
-145.3695
 20
-22.8953
 40
0.6814
  0
CIRCLE
  8
MIX
 10
-51.6371
 20
-165.0992
 40
0.6376
  0
CIRCLE
  8
MIX
 10
-99.9092
 20
129.4266
 40
0.2107
  0
CIRCLE
  8
MIX
 10
-73.5444
 20
58.1001
 40
0.8794
  0
CIRCLE
  8
MIX
 10
127.5924
 20
68.9536
 40
0.3700
  0
CIRCLE
  8
MIX
 10
105.6931
 20
103.7403
 40
0.9499
  0
CIRCLE
  8
MIX
 10
-37.2109
 20
-111.6747
 40
0.7427
  0
CIRCLE
  8
MIX
 10
-203.1798
 20
-81.2452
 40
0.4938
  0
CIRCLE
  8
MIX
 10
-181.9564
 20
104.6359
 40
0.9095
  0
CIRCLE
  8
MIX
 10
-160.5418
 20
96.9848
 40
0.9046
  0
CIRCLE
  8
MIX
 10
-209.2601
 20
-43.2802
 40
0.1712
  0
CIRCLE
  8
MIX
 10
-20.0874
 20
92.4213
 40
0.2955
  0
CIRCLE
  8
MIX
 10
289.2340
 20
70.7883
 40
0.1734
  0
CIRCLE
  8
MIX
 10
-54.0301
 20
-1.5323
 40
0.3571
  0
CIRCLE
  8
MIX
 10
-177.7810
 20
-175.5085
 40
0.4482
  0
CIRCLE
  8
MIX
 10
197.1481
 20
9.4248
 40
0.3923
  0
CIRCLE
  8
MIX
 10
-3.9445
 20
-36.1245
 40
0.2326
  0
CIRCLE
  8
MIX
 10
116.1492
 20
-54.1957
 40
0.6309
  0
CIRCLE
  8
MIX
 10
213.2274
 20
-33.0552
 40
0.1876
  0
CIRCLE
  8
MIX
 10
136.2679
 20
-82.7903
 40
0.7750
  0
CIRCLE
  8
MIX
 10
-105.2083
 20
-67.1308
 40
0.6107
  0
CIRCLE
  8
MIX
 10
-193.5171
 20
-128.3787
 40
0.7466
  0
CIRCLE
  8
MIX
 10
-8.2568
 20
-31.4487
 40
0.8693
  0
CIRCLE
  8
MIX
 10
287.1477
 20
-55.7657
 40
0.3047
  0
CIRCLE
  8
MIX
 10
-224.1442
 20
55.5418
 40
0.5477
  0
CIRCLE
  8
MIX
 10
-89.1418
 20
108.7900
 40
0.8998
  0
CIRCLE
  8
MIX
 10
161.0552
 20
-8.5997
 40
0.9741
  0
CIRCLE
  8
MIX
 10
121.4551
 20
55.8391
 40
0.2002
  0
CIRCLE
  8
MIX
 10
-7.0453
 20
101.8089
 40
0.7391
  0
CIRCLE
  8
MIX
 10
15.4634
 20
41.8509
 40
0.7854
  0
CIRCLE
  8
MIX
 10
-291.8837
 20
-5.7055
 40
0.6034
  0
CIRCLE
  8
MIX
 10
50.8415
 20
36.7747
 40
0.2595
  0
CIRCLE
  8
MIX
 10
-242.8843
 20
-167.4382
 40
0.5368
  0
CIRCLE
  8
MIX
 10
-116.0564
 20
81.8168
 40
0.3365
  0
CIRCLE
  8
MIX
 10
-272.1464
 20
-116.5728
 40
0.4595
  0
CIRCLE
  8
MIX
 10
-266.6429
 20
0.0778
 40
0.2719
  0
CIRCLE
  8
MIX
 10
-20.9853
 20
187.4244
 40
0.6266
  0
CIRCLE
  8
MIX
 10
-45.0037
 20
-43.4570
 40
0.6749
  0
CIRCLE
  8
MIX
 10
-100.6266
 20
70.5799
 40
0.7369
  0
CIRCLE
  8
MIX
 10
-247.2243
 20
166.9817
 40
0.8048
  0
CIRCLE
  8
MIX
 10
58.0425
 20
59.8750
 40
0.3725
  0
CIRCLE
  8
MIX
 10
59.5977
 20
153.8511
 40
0.9422
  0
CIRCLE
  8
MIX
 10
164.9981
 20
159.7757
 40
0.8032
  0
CIRCLE
  8
MIX
 10
-169.4827
 20
27.5501
 40
0.5223
  0
CIRCLE
  8
MIX
 10
141.5462
 20
-66.8332
 40
0.6905
  0
CIRCLE
  8
MIX
 10
-9.9563
 20
-100.4060
 40
0.7073
  0
CIRCLE
  8
MIX
 10
108.0723
 20
-81.6716
 40
0.9699
  0
CIRCLE
  8
MIX
 10
4.8561
 20
-83.2793
 40
0.3683
  0
CIRCLE
  8
MIX
 10
22.6849
 20
55.4888
 40
0.7913
  0
CIRCLE
  8
MIX
 10
-52.0042
 20
67.8501
 40
0.2213
  0
CIRCLE
  8
MIX
 10
30.4767
 20
-136.7772
 40
0.4294
  0
CIRCLE
  8
MIX
 10
-292.8996
 20
45.4467
 40
0.7227
  0
CIRCLE
  8
MIX
 10
-289.6644
 20
137.8008
 40
0.5062
  0
CIRCLE
  8
MIX
 10
-216.2817
 20
115.4338
 40
0.5641
  0
CIRCLE
  8
MIX
 10
-234.2143
 20
158.7649
 40
0.3109
  0
CIRCLE
  8
MIX
 10
-10.5661
 20
21.6231
 40
0.1620
  0
CIRCLE
  8
MIX
 10
-80.5128
 20
-47.2172
 40
0.7858
  0
CIRCLE
  8
MIX
 10
-226.3060
 20
167.9098
 40
0.2031
  0
CIRCLE
  8
MIX
 10
-180.9926
 20
-163.5609
 40
0.8306
  0
CIRCLE
  8
MIX
 10
294.1034
 20
140.4861
 40
0.6344
  0
CIRCLE
  8
MIX
 10
-154.4388
 20
18.3345
 40
0.4836
  0
CIRCLE
  8
MIX
 10
78.8070
 20
79.2992
 40
0.2102
  0
CIRCLE
  8
MIX
 10
278.8433
 20
102.9102
 40
0.6388
  0
CIRCLE
  8
MIX
 10
-261.3579
 20
69.1721
 40
0.4796
  0
CIRCLE
  8
MIX
 10
-88.9058
 20
184.0636
 40
0.7163
  0
CIRCLE
  8
MIX
 10
-139.7218
 20
-37.3363
 40
0.2063
  0
CIRCLE
  8
MIX
 10
-266.5952
 20
97.1065
 40
0.9396
  0
CIRCLE
  8
MIX
 10
206.8163
 20
105.1251
 40
0.5033
  0
CIRCLE
  8
MIX
 10
-231.7771
 20
-15.8007
 40
0.4625
  0
CIRCLE
  8
MIX
 10
275.5440
 20
-136.2428
 40
0.6799
  0
CIRCLE
  8
MIX
 10
255.3242
 20
172.3236
 40
0.3851
  0
CIRCLE
  8
MIX
 10
-20.0191
 20
-146.9614
 40
0.2880
  0
CIRCLE
  8
MIX
 10
-164.5942
 20
135.3696
 40
0.6403
  0
CIRCLE
  8
MIX
 10
-58.7379
 20
-45.0692
 40
0.5483
  0
CIRCLE
  8
MIX
 10
37.1979
 20
-105.7154
 40
0.3206
  0
CIRCLE
  8
MIX
 10
-21.4663
 20
-109.9797
 40
0.5984
  0
CIRCLE
  8
MIX
 10
191.8218
 20
72.6792
 40
0.3272
  0
CIRCLE
  8
MIX
 10
65.6348
 20
91.4789
 40
0.5085
  0
CIRCLE
  8
MIX
 10
-196.7011
 20
-18.9052
 40
0.4331
  0
CIRCLE
  8
MIX
 10
138.1540
 20
93.6672
 40
0.9633
  0
CIRCLE
  8
MIX
 10
-202.1183
 20
-127.4745
 40
0.6614
  0
CIRCLE
  8
MIX
 10
167.2358
 20
107.6147
 40
0.1973
  0
CIRCLE
  8
MIX
 10
-141.5033
 20
56.0288
 40
0.9782
  0
CIRCLE
  8
MIX
 10
-269.4852
 20
-187.2617
 40
0.6441
  0
CIRCLE
  8
MIX
 10
-104.7100
 20
-104.4093
 40
0.9392
  0
CIRCLE
  8
MIX
 10
-187.4711
 20
84.2621
 40
0.5559
  0
CIRCLE
  8
MIX
 10
-259.6786
 20
-120.9135
 40
0.9879
  0
CIRCLE
  8
MIX
 10
-196.8457
 20
185.1122
 40
0.5693
  0
CIRCLE
  8
MIX
 10
-194.9040
 20
-131.5530
 40
0.7464
  0
CIRCLE
  8
MIX
 10
269.2645
 20
15.8513
 40
0.2691
  0
CIRCLE
  8
MIX
 10
-244.8901
 20
-171.7432
 40
0.9863
  0
CIRCLE
  8
MIX
 10
-281.8048
 20
132.7174
 40
0.8462
  0
CIRCLE
  8
MIX
 10
187.1699
 20
97.2126
 40
0.2890
  0
CIRCLE
  8
MIX
 10
267.9439
 20
58.3056
 40
0.2253
  0
CIRCLE
  8
MIX
 10
-155.8282
 20
106.4258
 40
0.4633
  0
CIRCLE
  8
MIX
 10
124.5999
 20
-11.8768
 40
0.7803
  0
CIRCLE
  8
MIX
 10
209.5423
 20
-98.3043
 40
0.8615
  0
CIRCLE
  8
MIX
 10
-171.4637
 20
5.4078
 40
0.6167
  0
CIRCLE
  8
MIX
 10
-219.0881
 20
-95.1338
 40
0.3348
  0
CIRCLE
  8
MIX
 10
213.6472
 20
-7.5222
 40
0.2614
  0
CIRCLE
  8
MIX
 10
151.0445
 20
-136.5348
 40
0.1669
  0
CIRCLE
  8
MIX
 10
-145.3616
 20
-44.2678
 40
0.3749
  0
CIRCLE
  8
MIX
 10
274.8480
 20
-100.7527
 40
0.6388
  0
CIRCLE
  8
MIX
 10
-177.6797
 20
-180.5183
 40
0.9484
  0
CIRCLE
  8
MIX
 10
15.6877
 20
-143.7165
 40
0.5776
  0
CIRCLE
  8
MIX
 10
242.2614
 20
37.3310
 40
0.5640
  0
CIRCLE
  8
MIX
 10
133.4599
 20
-50.8986
 40
0.2957
  0
CIRCLE
  8
MIX
 10
134.2912
 20
15.0834
 40
0.1612
  0
CIRCLE
  8
MIX
 10
-217.7833
 20
-157.6593
 40
0.4018
  0
CIRCLE
  8
MIX
 10
135.4360
 20
-17.6379
 40
0.1735
  0
CIRCLE
  8
MIX
 10
267.8083
 20
56.6848
 40
0.2342
  0
CIRCLE
  8
MIX
 10
-26.8081
 20
-192.4138
 40
0.5630
  0
CIRCLE
  8
MIX
 10
127.2781
 20
82.7274
 40
0.6933
  0
CIRCLE
  8
MIX
 10
125.8200
 20
-71.1545
 40
0.3840
  0
CIRCLE
  8
MIX
 10
252.8610
 20
-33.8291
 40
0.5575
  0
CIRCLE
  8
MIX
 10
-272.1437
 20
-22.1483
 40
0.4887
  0
CIRCLE
  8
MIX
 10
-194.3611
 20
-54.4176
 40
0.2196
  0
CIRCLE
  8
MIX
 10
-1.5017
 20
121.7366
 40
0.6500
  0
CIRCLE
  8
MIX
 10
-1.5369
 20
-0.8867
 40
0.7042
  0
CIRCLE
  8
MIX
 10
-125.7757
 20
174.2889
 40
0.7554
  0
CIRCLE
  8
MIX
 10
-264.1073
 20
150.3545
 40
0.9277
  0
CIRCLE
  8
MIX
 10
81.1609
 20
110.5025
 40
0.9694
  0
CIRCLE
  8
MIX
 10
-88.1103
 20
67.1146
 40
0.9283
  0
CIRCLE
  8
MIX
 10
233.5915
 20
142.3157
 40
0.4598
  0
CIRCLE
  8
MIX
 10
-54.9071
 20
-168.3855
 40
0.7698
  0
CIRCLE
  8
MIX
 10
-201.1517
 20
185.3912
 40
0.4867
  0
CIRCLE
  8
MIX
 10
-282.0823
 20
-152.3583
 40
0.4506
  0
CIRCLE
  8
MIX
 10
-88.1041
 20
102.9811
 40
0.5968
  0
CIRCLE
  8
MIX
 10
10.7484
 20
-109.1440
 40
0.4813
  0
CIRCLE
  8
MIX
 10
-278.5501
 20
189.5780
 40
0.8480
  0
CIRCLE
  8
MIX
 10
-62.6451
 20
183.9209
 40
0.8084
  0
CIRCLE
  8
MIX
 10
-70.2737
 20
0.4343
 40
0.7577
  0
CIRCLE
  8
MIX
 10
-226.3802
 20
119.7216
 40
0.3210
  0
CIRCLE
  8
MIX
 10
116.1442
 20
9.3794
 40
0.2059
  0
CIRCLE
  8
MIX
 10
289.9639
 20
114.8546
 40
0.4041
  0
CIRCLE
  8
MIX
 10
227.7404
 20
-127.0705
 40
0.9391
  0
CIRCLE
  8
MIX
 10
-250.2452
 20
3.0926
 40
0.6162
  0
CIRCLE
  8
MIX
 10
-68.0317
 20
-0.2790
 40
0.7414
  0
CIRCLE
  8
MIX
 10
202.7172
 20
125.8936
 40
0.6807
  0
CIRCLE
  8
MIX
 10
137.1821
 20
-102.9467
 40
0.5218
  0
CIRCLE
  8
MIX
 10
-214.8010
 20
45.4790
 40
0.8249
  0
CIRCLE
  8
MIX
 10
-151.2972
 20
187.0459
 40
0.3009
  0
CIRCLE
  8
MIX
 10
-180.6773
 20
176.8047
 40
0.5742
  0
CIRCLE
  8
MIX
 10
-99.8180
 20
19.8619
 40
0.5014
  0
CIRCLE
  8
MIX
 10
101.8191
 20
-120.8513
 40
0.7543
  0
CIRCLE
  8
MIX
 10
-252.7385
 20
16.8528
 40
0.3673
  0
CIRCLE
  8
MIX
 10
201.9558
 20
-22.7302
 40
0.5205
  0
CIRCLE
  8
MIX
 10
-60.4673
 20
68.6164
 40
0.1796
  0
CIRCLE
  8
MIX
 10
-262.3214
 20
137.4316
 40
0.3500
  0
CIRCLE
  8
MIX
 10
133.7724
 20
-171.9499
 40
0.9602
  0
CIRCLE
  8
MIX
 10
-58.8640
 20
-183.7450
 40
0.3182
  0
CIRCLE
  8
MIX
 10
182.6219
 20
-137.1969
 40
0.3481
  0
CIRCLE
  8
MIX
 10
70.4001
 20
61.6374
 40
0.8451
  0
CIRCLE
  8
MIX
 10
234.5370
 20
-28.6857
 40
0.2365
  0
CIRCLE
  8
MIX
 10
-155.3140
 20
56.0863
 40
0.2236
  0
CIRCLE
  8
MIX
 10
269.2155
 20
-171.8737
 40
0.7728
  0
CIRCLE
  8
MIX
 10
166.9547
 20
165.0241
 40
0.2828
  0
CIRCLE
  8
MIX
 10
-65.9432
 20
-76.3605
 40
0.8357
  0
CIRCLE
  8
MIX
 10
-58.2907
 20
-62.8295
 40
0.6292
  0
CIRCLE
  8
MIX
 10
-2.2261
 20
77.1613
 40
0.6122
  0
CIRCLE
  8
MIX
 10
-91.6864
 20
-27.7451
 40
0.6516
  0
CIRCLE
  8
MIX
 10
43.3132
 20
-53.7346
 40
0.7919
  0
CIRCLE
  8
MIX
 10
-117.4738
 20
44.2973
 40
0.3535
  0
CIRCLE
  8
MIX
 10
249.9924
 20
16.3553
 40
0.6267
  0
CIRCLE
  8
MIX
 10
-7.5988
 20
157.7806
 40
0.9482
  0
CIRCLE
  8
MIX
 10
-189.5112
 20
-161.8269
 40
0.8047
  0
CIRCLE
  8
MIX
 10
-49.4966
 20
110.4613
 40
0.7920
  0
CIRCLE
  8
MIX
 10
208.2507
 20
-45.9367
 40
0.5120
  0
CIRCLE
  8
MIX
 10
13.7865
 20
-118.4145
 40
0.2051
  0
CIRCLE
  8
MIX
 10
-268.6822
 20
62.3329
 40
0.5933
  0
CIRCLE
  8
MIX
 10
196.7154
 20
19.1413
 40
0.6573
  0
CIRCLE
  8
MIX
 10
-44.3393
 20
139.3065
 40
0.4144
  0
CIRCLE
  8
MIX
 10
243.5495
 20
-184.2659
 40
0.9492
  0
CIRCLE
  8
MIX
 10
-278.7471
 20
186.8951
 40
0.8254
  0
CIRCLE
  8
MIX
 10
223.3768
 20
-29.0262
 40
0.4589
  0
CIRCLE
  8
MIX
 10
143.3994
 20
-124.0589
 40
0.8112
  0
CIRCLE
  8
MIX
 10
47.7619
 20
100.1560
 40
0.5791
  0
CIRCLE
  8
MIX
 10
116.6360
 20
-81.4910
 40
0.3442
  0
CIRCLE
  8
MIX
 10
76.9799
 20
-124.2415
 40
0.6002
  0
CIRCLE
  8
MIX
 10
145.0140
 20
-58.0754
 40
0.4633
  0
CIRCLE
  8
MIX
 10
-251.9820
 20
-178.8935
 40
0.2249
  0
CIRCLE
  8
MIX
 10
287.0597
 20
9.9581
 40
0.9365
  0
CIRCLE
  8
MIX
 10
57.0780
 20
175.7337
 40
0.3432
  0
CIRCLE
  8
MIX
 10
-47.6122
 20
38.3674
 40
0.2231
  0
CIRCLE
  8
MIX
 10
42.4538
 20
120.7406
 40
0.7314
  0
CIRCLE
  8
MIX
 10
-33.8908
 20
129.2999
 40
0.8636
  0
CIRCLE
  8
MIX
 10
-98.3493
 20
-128.9420
 40
0.2187
  0
CIRCLE
  8
MIX
 10
153.0531
 20
-41.9431
 40
0.5063
  0
CIRCLE
  8
MIX
 10
-109.3078
 20
-18.7622
 40
0.8766
  0
CIRCLE
  8
MIX
 10
-147.3313
 20
-57.3036
 40
0.4502
  0
CIRCLE
  8
MIX
 10
-125.0123
 20
193.4377
 40
0.6821
  0
CIRCLE
  8
MIX
 10
-66.4600
 20
98.1418
 40
0.2085
  0
CIRCLE
  8
MIX
 10
-38.8485
 20
51.9154
 40
0.6156
  0
CIRCLE
  8
MIX
 10
99.9833
 20
108.1241
 40
0.9507
  0
CIRCLE
  8
MIX
 10
89.0309
 20
-51.1653
 40
0.4428
  0
CIRCLE
  8
MIX
 10
-161.5528
 20
-133.3358
 40
0.1768
  0
CIRCLE
  8
MIX
 10
154.1540
 20
52.7666
 40
0.6642
  0
CIRCLE
  8
MIX
 10
-265.3383
 20
72.1498
 40
0.4393
  0
CIRCLE
  8
MIX
 10
-5.8895
 20
-54.8043
 40
0.8680
  0
CIRCLE
  8
MIX
 10
-210.0771
 20
137.6267
 40
0.3172
  0
CIRCLE
  8
MIX
 10
69.2742
 20
52.8633
 40
0.3606
  0
CIRCLE
  8
MIX
 10
-247.1926
 20
-103.0390
 40
0.2437
  0
CIRCLE
  8
MIX
 10
270.0127
 20
186.1368
 40
0.3369
  0
CIRCLE
  8
MIX
 10
277.2444
 20
114.2819
 40
0.2468
  0
CIRCLE
  8
MIX
 10
-219.6386
 20
127.0587
 40
0.4197
  0
CIRCLE
  8
MIX
 10
-44.5332
 20
-110.1631
 40
0.1676
  0
CIRCLE
  8
MIX
 10
203.3178
 20
-163.4765
 40
0.2488
  0
CIRCLE
  8
MIX
 10
171.1814
 20
-174.6670
 40
0.2234
  0
CIRCLE
  8
MIX
 10
-243.3236
 20
109.4285
 40
0.6193
  0
CIRCLE
  8
MIX
 10
-59.4184
 20
192.2491
 40
0.2726
  0
CIRCLE
  8
MIX
 10
-138.0555
 20
20.8827
 40
0.6092
  0
CIRCLE
  8
MIX
 10
252.8331
 20
173.7307
 40
0.3595
  0
CIRCLE
  8
MIX
 10
243.5786
 20
186.8878
 40
0.7309
  0
CIRCLE
  8
MIX
 10
213.6313
 20
-49.2217
 40
0.2146
  0
CIRCLE
  8
MIX
 10
152.8394
 20
-39.4158
 40
0.9471
  0
CIRCLE
  8
MIX
 10
11.6248
 20
62.7565
 40
0.8049
  0
CIRCLE
  8
MIX
 10
121.2017
 20
151.4214
 40
0.6863
  0
CIRCLE
  8
MIX
 10
264.1562
 20
177.0348
 40
0.3053
  0
CIRCLE
  8
MIX
 10
43.7482
 20
160.7286
 40
0.6400
  0
CIRCLE
  8
MIX
 10
-247.8473
 20
69.0776
 40
0.9048
  0
CIRCLE
  8
MIX
 10
274.5551
 20
4.3646
 40
0.6424
  0
CIRCLE
  8
MIX
 10
190.3454
 20
168.7705
 40
0.3936
  0
CIRCLE
  8
MIX
 10
-34.9938
 20
32.6809
 40
0.7972
  0
CIRCLE
  8
MIX
 10
284.5629
 20
97.4632
 40
0.8658
  0
CIRCLE
  8
MIX
 10
283.4881
 20
121.1729
 40
0.3337
  0
CIRCLE
  8
MIX
 10
-231.1203
 20
179.3702
 40
0.7377
  0
CIRCLE
  8
MIX
 10
52.2864
 20
153.1852
 40
0.9289
  0
CIRCLE
  8
MIX
 10
-151.8456
 20
96.8469
 40
0.5394
  0
CIRCLE
  8
MIX
 10
-44.0442
 20
160.1166
 40
0.9268
  0
CIRCLE
  8
MIX
 10
-217.7846
 20
-182.0913
 40
0.9633
  0
CIRCLE
  8
MIX
 10
-113.7582
 20
55.9990
 40
0.2022
  0
CIRCLE
  8
MIX
 10
12.8913
 20
-147.5742
 40
0.5532
  0
CIRCLE
  8
MIX
 10
-176.9776
 20
-6.6604
 40
0.2660
  0
CIRCLE
  8
MIX
 10
90.4972
 20
186.9623
 40
0.4274
  0
CIRCLE
  8
MIX
 10
189.9796
 20
-193.0148
 40
0.7607
  0
CIRCLE
  8
MIX
 10
148.5126
 20
-86.5189
 40
0.4003
  0
CIRCLE
  8
MIX
 10
-270.9593
 20
-106.2820
 40
0.8735
  0
CIRCLE
  8
MIX
 10
-149.7126
 20
20.3610
 40
0.3339
  0
CIRCLE
  8
MIX
 10
160.3053
 20
158.5979
 40
0.8091
  0
CIRCLE
  8
MIX
 10
-124.0721
 20
61.6096
 40
0.4174
  0
CIRCLE
  8
MIX
 10
255.4449
 20
135.9580
 40
0.3440
  0
CIRCLE
  8
MIX
 10
267.2991
 20
68.0709
 40
0.7213
  0
CIRCLE
  8
MIX
 10
-256.3267
 20
174.7005
 40
0.4397
  0
CIRCLE
  8
MIX
 10
-289.4149
 20
109.0520
 40
0.5616
  0
CIRCLE
  8
MIX
 10
211.5942
 20
-24.6310
 40
0.4970
  0
CIRCLE
  8
MIX
 10
-54.6793
 20
140.3913
 40
0.3164
  0
CIRCLE
  8
MIX
 10
-57.2171
 20
-8.3465
 40
0.2523
  0
CIRCLE
  8
MIX
 10
-157.5013
 20
-178.1922
 40
0.3663
  0
CIRCLE
  8
MIX
 10
241.1043
 20
62.7497
 40
0.6768
  0
CIRCLE
  8
MIX
 10
-261.4806
 20
-61.3427
 40
0.8769
  0
CIRCLE
  8
MIX
 10
-155.2447
 20
-193.3908
 40
0.4433
  0
CIRCLE
  8
MIX
 10
242.6250
 20
27.2213
 40
0.6362
  0
CIRCLE
  8
MIX
 10
-122.8948
 20
68.8258
 40
0.5134
  0
CIRCLE
  8
MIX
 10
89.3111
 20
174.6327
 40
0.2154
  0
CIRCLE
  8
MIX
 10
-23.1693
 20
28.9505
 40
0.8169
  0
CIRCLE
  8
MIX
 10
270.2736
 20
140.7284
 40
0.2129
  0
CIRCLE
  8
MIX
 10
-135.1379
 20
-133.3246
 40
0.4834
  0
CIRCLE
  8
MIX
 10
88.9841
 20
-104.2175
 40
0.1773
  0
CIRCLE
  8
MIX
 10
60.5227
 20
-74.1871
 40
0.8938
  0
CIRCLE
  8
MIX
 10
-208.7593
 20
21.4517
 40
0.2696
  0
CIRCLE
  8
MIX
 10
35.1968
 20
-54.4197
 40
0.9360
  0
CIRCLE
  8
MIX
 10
123.2644
 20
168.6114
 40
0.1665
  0
CIRCLE
  8
MIX
 10
180.1663
 20
87.6244
 40
0.5697
  0
CIRCLE
  8
MIX
 10
-18.6474
 20
-168.6706
 40
0.9671
  0
CIRCLE
  8
MIX
 10
-172.8524
 20
44.7404
 40
0.6720
  0
CIRCLE
  8
MIX
 10
230.0097
 20
-102.7439
 40
0.7902
  0
CIRCLE
  8
MIX
 10
-73.2007
 20
194.6039
 40
0.4995
  0
CIRCLE
  8
MIX
 10
-74.8926
 20
-42.5320
 40
0.3793
  0
CIRCLE
  8
MIX
 10
3.3054
 20
-129.7105
 40
0.8399
  0
CIRCLE
  8
MIX
 10
161.2199
 20
169.5197
 40
0.9669
  0
CIRCLE
  8
MIX
 10
-186.6885
 20
140.1535
 40
0.9595
  0
CIRCLE
  8
MIX
 10
164.1013
 20
132.4049
 40
0.9212
  0
CIRCLE
  8
MIX
 10
266.2622
 20
104.0487
 40
0.7892
  0
CIRCLE
  8
MIX
 10
-233.4484
 20
177.5342
 40
0.3199
  0
CIRCLE
  8
MIX
 10
111.8026
 20
-107.9176
 40
0.9139
  0
CIRCLE
  8
MIX
 10
-135.0721
 20
-188.0320
 40
0.8864
  0
CIRCLE
  8
MIX
 10
169.6111
 20
157.4556
 40
0.9943
  0
CIRCLE
  8
MIX
 10
-209.4762
 20
-64.7603
 40
0.3994
  0
CIRCLE
  8
MIX
 10
229.0839
 20
-92.3986
 40
0.2863
  0
CIRCLE
  8
MIX
 10
-58.7627
 20
115.4213
 40
0.9785
  0
CIRCLE
  8
MIX
 10
-198.0656
 20
-150.8923
 40
0.5371
  0
CIRCLE
  8
MIX
 10
-69.3974
 20
-140.1320
 40
0.4044
  0
CIRCLE
  8
MIX
 10
261.2614
 20
-176.9765
 40
0.3645
  0
CIRCLE
  8
MIX
 10
-20.3566
 20
27.5830
 40
0.8918
  0
CIRCLE
  8
MIX
 10
-32.7828
 20
-100.6447
 40
0.8649
  0
CIRCLE
  8
MIX
 10
148.3524
 20
-40.3834
 40
0.5010
  0
CIRCLE
  8
MIX
 10
173.3397
 20
-35.8906
 40
0.2385
  0
CIRCLE
  8
MIX
 10
124.1659
 20
37.6031
 40
0.5268
  0
CIRCLE
  8
MIX
 10
110.1245
 20
-159.6166
 40
0.7594
  0
CIRCLE
  8
MIX
 10
-279.1589
 20
4.7025
 40
0.7546
  0
CIRCLE
  8
MIX
 10
14.7822
 20
-112.0052
 40
0.3494
  0
CIRCLE
  8
MIX
 10
-101.1051
 20
64.0894
 40
0.4460
  0
CIRCLE
  8
MIX
 10
199.5795
 20
-64.7805
 40
0.1841
  0
CIRCLE
  8
MIX
 10
24.4862
 20
-86.0180
 40
0.2746
  0
CIRCLE
  8
MIX
 10
156.9656
 20
62.6379
 40
0.8499
  0
CIRCLE
  8
MIX
 10
-186.4339
 20
161.2685
 40
0.8544
  0
CIRCLE
  8
MIX
 10
99.0791
 20
-145.8956
 40
0.4964
  0
CIRCLE
  8
MIX
 10
228.5301
 20
174.3246
 40
0.7387
  0
CIRCLE
  8
MIX
 10
243.4672
 20
114.7230
 40
0.7537
  0
CIRCLE
  8
MIX
 10
91.7334
 20
-174.1309
 40
0.5122
  0
CIRCLE
  8
MIX
 10
277.1864
 20
-78.3365
 40
0.8403
  0
CIRCLE
  8
MIX
 10
150.3324
 20
-35.0722
 40
0.1948
  0
CIRCLE
  8
MIX
 10
-30.8790
 20
141.9593
 40
0.8746
  0
CIRCLE
  8
MIX
 10
6.2265
 20
109.4159
 40
0.8110
  0
CIRCLE
  8
MIX
 10
-253.3644
 20
23.3172
 40
0.3084
  0
CIRCLE
  8
MIX
 10
39.6649
 20
-176.2383
 40
0.8593
  0
CIRCLE
  8
MIX
 10
-211.2189
 20
80.7116
 40
0.3832
  0
CIRCLE
  8
MIX
 10
-168.4185
 20
65.6208
 40
0.2742
  0
CIRCLE
  8
MIX
 10
-194.5116
 20
34.3661
 40
0.5861
  0
CIRCLE
  8
MIX
 10
-255.8009
 20
-101.6709
 40
0.6573
  0
CIRCLE
  8
MIX
 10
-48.2699
 20
114.9001
 40
0.1808
  0
CIRCLE
  8
MIX
 10
48.1312
 20
-72.4406
 40
0.8613
  0
CIRCLE
  8
MIX
 10
28.7777
 20
-19.8096
 40
0.8187
  0
CIRCLE
  8
MIX
 10
3.3720
 20
-162.0698
 40
0.7252
  0
CIRCLE
  8
MIX
 10
92.6683
 20
-152.8921
 40
0.3687
  0
CIRCLE
  8
MIX
 10
-192.5562
 20
-185.6794
 40
0.2866
  0
CIRCLE
  8
MIX
 10
-195.9220
 20
-109.0006
 40
0.6646
  0
CIRCLE
  8
MIX
 10
62.8185
 20
-50.3819
 40
0.3217
  0
CIRCLE
  8
MIX
 10
135.2241
 20
-2.1674
 40
0.7638
  0
CIRCLE
  8
MIX
 10
-86.2041
 20
121.8152
 40
0.2331
  0
CIRCLE
  8
MIX
 10
119.4390
 20
-100.4303
 40
0.7238
  0
CIRCLE
  8
MIX
 10
256.5577
 20
-74.9662
 40
0.3159
  0
CIRCLE
  8
MIX
 10
18.9200
 20
63.8202
 40
0.2372
  0
CIRCLE
  8
MIX
 10
-58.6314
 20
-192.5666
 40
0.4203
  0
CIRCLE
  8
MIX
 10
17.1191
 20
155.4089
 40
0.1554
  0
CIRCLE
  8
MIX
 10
209.1203
 20
-169.6929
 40
0.2991
  0
CIRCLE
  8
MIX
 10
185.5338
 20
-8.5822
 40
0.4273
  0
CIRCLE
  8
MIX
 10
51.8537
 20
-106.7632
 40
0.7591
  0
CIRCLE
  8
MIX
 10
121.5585
 20
-66.2174
 40
0.2240
  0
CIRCLE
  8
MIX
 10
124.8058
 20
56.2119
 40
0.2906
  0
CIRCLE
  8
MIX
 10
-254.2083
 20
75.8848
 40
0.2535
  0
CIRCLE
  8
MIX
 10
82.1578
 20
-182.6267
 40
0.2503
  0
CIRCLE
  8
MIX
 10
-14.9732
 20
193.0425
 40
0.8386
  0
CIRCLE
  8
MIX
 10
-53.7450
 20
-149.2376
 40
0.5821
  0
CIRCLE
  8
MIX
 10
162.3311
 20
122.5970
 40
0.3836
  0
CIRCLE
  8
MIX
 10
-23.1091
 20
-191.5983
 40
0.4117
  0
CIRCLE
  8
MIX
 10
-110.6150
 20
-11.3073
 40
0.5221
  0
CIRCLE
  8
MIX
 10
-280.4730
 20
101.4384
 40
0.4910
  0
CIRCLE
  8
MIX
 10
159.8701
 20
-118.9163
 40
0.6792
  0
CIRCLE
  8
MIX
 10
35.3287
 20
32.2149
 40
0.1884
  0
CIRCLE
  8
MIX
 10
-252.6027
 20
-32.3690
 40
0.4778
  0
CIRCLE
  8
MIX
 10
77.8676
 20
-150.7727
 40
0.6196
  0
CIRCLE
  8
MIX
 10
-271.4782
 20
-162.1659
 40
0.4226
  0
CIRCLE
  8
MIX
 10
-262.4665
 20
-63.7530
 40
0.3327
  0
CIRCLE
  8
MIX
 10
-157.9681
 20
-158.9951
 40
0.2399
  0
CIRCLE
  8
MIX
 10
281.3566
 20
1.6695
 40
0.8873
  0
CIRCLE
  8
MIX
 10
111.1904
 20
88.8110
 40
0.5010
  0
CIRCLE
  8
MIX
 10
109.3245
 20
-149.3458
 40
0.8087
  0
CIRCLE
  8
MIX
 10
177.1871
 20
-60.8829
 40
0.8722
  0
CIRCLE
  8
MIX
 10
-195.3790
 20
-172.9043
 40
0.6349
  0
CIRCLE
  8
MIX
 10
-59.0127
 20
-112.3918
 40
0.3494
  0
CIRCLE
  8
MIX
 10
130.7823
 20
81.1552
 40
0.7058
  0
CIRCLE
  8
MIX
 10
228.2814
 20
-13.1801
 40
0.6555
  0
CIRCLE
  8
MIX
 10
-270.1969
 20
87.2428
 40
0.7181
  0
CIRCLE
  8
MIX
 10
-210.3965
 20
-119.8091
 40
0.7285
  0
CIRCLE
  8
MIX
 10
-182.0244
 20
-56.7805
 40
0.3680
  0
CIRCLE
  8
MIX
 10
-3.8567
 20
132.8353
 40
0.9264
  0
CIRCLE
  8
MIX
 10
-93.0309
 20
-49.5641
 40
0.2875
  0
CIRCLE
  8
MIX
 10
-47.4227
 20
-127.8448
 40
0.8907
  0
CIRCLE
  8
MIX
 10
-107.4005
 20
162.2905
 40
0.7733
  0
CIRCLE
  8
MIX
 10
22.6401
 20
101.4385
 40
0.2072
  0
CIRCLE
  8
MIX
 10
-60.8530
 20
-17.4748
 40
0.9245
  0
CIRCLE
  8
MIX
 10
192.3932
 20
-10.5555
 40
0.3590
  0
CIRCLE
  8
MIX
 10
49.2100
 20
169.7320
 40
0.7187
  0
CIRCLE
  8
MIX
 10
91.4826
 20
-60.0582
 40
0.2404
  0
CIRCLE
  8
MIX
 10
-45.8192
 20
-82.2367
 40
0.6289
  0
CIRCLE
  8
MIX
 10
-164.6486
 20
28.4605
 40
0.6704
  0
CIRCLE
  8
MIX
 10
-105.2555
 20
-40.8157
 40
0.4464
  0
CIRCLE
  8
MIX
 10
172.6427
 20
180.4170
 40
0.3678
  0
CIRCLE
  8
MIX
 10
-219.4112
 20
-3.1881
 40
0.5277
  0
CIRCLE
  8
MIX
 10
-136.8568
 20
176.5067
 40
0.3128
  0
CIRCLE
  8
MIX
 10
-149.9853
 20
-16.9825
 40
0.3662
  0
CIRCLE
  8
MIX
 10
-206.1782
 20
-180.9062
 40
0.4673
  0
CIRCLE
  8
MIX
 10
159.6129
 20
34.0646
 40
0.8518
  0
CIRCLE
  8
MIX
 10
85.0718
 20
-151.4993
 40
0.3030
  0
CIRCLE
  8
MIX
 10
187.8596
 20
173.5715
 40
0.9593
  0
CIRCLE
  8
MIX
 10
-12.5925
 20
71.8713
 40
0.7867
  0
CIRCLE
  8
MIX
 10
-109.3525
 20
-68.5259
 40
0.5498
  0
CIRCLE
  8
MIX
 10
111.8546
 20
160.8941
 40
0.8863
  0
CIRCLE
  8
MIX
 10
217.6464
 20
148.8666
 40
0.1699
  0
CIRCLE
  8
MIX
 10
-133.6434
 20
-170.6203
 40
0.1897
  0
CIRCLE
  8
MIX
 10
212.2339
 20
91.0705
 40
0.8837
  0
CIRCLE
  8
MIX
 10
166.9452
 20
158.7363
 40
0.8564
  0
CIRCLE
  8
MIX
 10
-79.1939
 20
127.4763
 40
0.3173
  0
CIRCLE
  8
MIX
 10
237.4405
 20
130.0318
 40
0.7009
  0
CIRCLE
  8
MIX
 10
285.8094
 20
-16.6417
 40
0.1793
  0
CIRCLE
  8
MIX
 10
-163.6872
 20
116.8214
 40
0.3740
  0
CIRCLE
  8
MIX
 10
147.0925
 20
-67.7540
 40
0.4379
  0
CIRCLE
  8
MIX
 10
-184.7079
 20
64.4984
 40
0.3160
  0
CIRCLE
  8
MIX
 10
-195.6026
 20
-46.2200
 40
0.4733
  0
CIRCLE
  8
MIX
 10
232.6152
 20
80.8535
 40
0.9339
  0
CIRCLE
  8
MIX
 10
136.2504
 20
-102.4518
 40
0.5379
  0
CIRCLE
  8
MIX
 10
-14.3095
 20
-129.9517
 40
0.6652
  0
CIRCLE
  8
MIX
 10
263.4262
 20
-155.5661
 40
0.4799
  0
CIRCLE
  8
MIX
 10
4.7049
 20
-50.4306
 40
0.8095
  0
CIRCLE
  8
MIX
 10
274.7823
 20
-110.2407
 40
0.4657
  0
CIRCLE
  8
MIX
 10
141.5220
 20
-131.8112
 40
0.4440
  0
CIRCLE
  8
MIX
 10
265.8651
 20
-96.7671
 40
0.7214
  0
CIRCLE
  8
MIX
 10
108.4040
 20
183.7564
 40
0.8736
  0
CIRCLE
  8
MIX
 10
2.4996
 20
-134.3523
 40
0.3368
  0
CIRCLE
  8
MIX
 10
129.8535
 20
84.0442
 40
0.3507
  0
CIRCLE
  8
MIX
 10
-1.1367
 20
-102.3078
 40
0.3427
  0
CIRCLE
  8
MIX
 10
99.4867
 20
83.1013
 40
0.4247
  0
CIRCLE
  8
MIX
 10
-41.4528
 20
128.3582
 40
0.5181
  0
CIRCLE
  8
MIX
 10
93.5582
 20
120.9102
 40
0.6442
  0
CIRCLE
  8
MIX
 10
224.0809
 20
-44.4661
 40
0.4054
  0
CIRCLE
  8
MIX
 10
274.8054
 20
126.8096
 40
0.4679
  0
CIRCLE
  8
MIX
 10
51.5876
 20
25.6827
 40
0.4562
  0
CIRCLE
  8
MIX
 10
85.9276
 20
-161.5784
 40
0.9120
  0
CIRCLE
  8
MIX
 10
-291.1013
 20
-170.7052
 40
0.8326
  0
CIRCLE
  8
MIX
 10
92.5002
 20
-141.0692
 40
0.8787
  0
CIRCLE
  8
MIX
 10
183.8327
 20
-119.6970
 40
0.3051
  0
CIRCLE
  8
MIX
 10
-228.2890
 20
17.7712
 40
0.1613
  0
CIRCLE
  8
MIX
 10
40.6940
 20
107.1260
 40
0.6974
  0
CIRCLE
  8
MIX
 10
117.2263
 20
154.3298
 40
0.4009
  0
CIRCLE
  8
MIX
 10
33.6112
 20
-173.3061
 40
0.3885
  0
CIRCLE
  8
MIX
 10
3.0174
 20
52.4160
 40
0.8735
  0
CIRCLE
  8
MIX
 10
-78.6289
 20
116.9716
 40
0.9286
  0
CIRCLE
  8
MIX
 10
281.3402
 20
176.2385
 40
0.3544
  0
CIRCLE
  8
MIX
 10
-93.8417
 20
-45.6262
 40
0.7522
  0
CIRCLE
  8
MIX
 10
93.5183
 20
37.7101
 40
0.6851
  0
CIRCLE
  8
MIX
 10
274.3322
 20
-53.6866
 40
0.4259
  0
CIRCLE
  8
MIX
 10
-62.0210
 20
-188.6716
 40
0.6052
  0
CIRCLE
  8
MIX
 10
237.3157
 20
112.1910
 40
0.9422
  0
CIRCLE
  8
MIX
 10
249.3891
 20
7.9005
 40
0.8346
  0
CIRCLE
  8
MIX
 10
-98.9216
 20
154.6698
 40
0.8073
  0
CIRCLE
  8
MIX
 10
166.9723
 20
-156.7605
 40
0.5743
  0
CIRCLE
  8
MIX
 10
-10.1709
 20
-126.6683
 40
0.5633
  0
CIRCLE
  8
MIX
 10
30.4256
 20
183.9238
 40
0.5896
  0
CIRCLE
  8
MIX
 10
69.6257
 20
-28.9643
 40
0.5819
  0
CIRCLE
  8
MIX
 10
239.5237
 20
120.5037
 40
0.6365
  0
CIRCLE
  8
MIX
 10
-213.0689
 20
135.7389
 40
0.7529
  0
CIRCLE
  8
MIX
 10
-60.2252
 20
50.4410
 40
0.8426
  0
CIRCLE
  8
MIX
 10
131.9263
 20
33.4519
 40
0.7705
  0
CIRCLE
  8
MIX
 10
-87.4007
 20
69.8007
 40
0.5355
  0
CIRCLE
  8
MIX
 10
-7.1035
 20
-162.3710
 40
0.3280
  0
CIRCLE
  8
MIX
 10
-34.2846
 20
125.5483
 40
0.5406
  0
CIRCLE
  8
MIX
 10
192.4801
 20
-67.1094
 40
0.2178
  0
CIRCLE
  8
MIX
 10
48.9605
 20
-139.5172
 40
0.3681
  0
CIRCLE
  8
MIX
 10
175.2580
 20
182.7931
 40
0.3367
  0
CIRCLE
  8
MIX
 10
-186.0725
 20
-48.3991
 40
0.6358
  0
CIRCLE
  8
MIX
 10
5.3263
 20
128.6446
 40
0.9167
  0
CIRCLE
  8
MIX
 10
253.7790
 20
-58.6925
 40
0.7626
  0
CIRCLE
  8
MIX
 10
188.3693
 20
105.3710
 40
0.5731
  0
CIRCLE
  8
MIX
 10
-36.3128
 20
70.5879
 40
0.9233
  0
CIRCLE
  8
MIX
 10
91.6003
 20
57.4080
 40
0.7410
  0
CIRCLE
  8
MIX
 10
183.7714
 20
-14.6861
 40
0.1535
  0
CIRCLE
  8
MIX
 10
-126.9965
 20
48.7860
 40
0.9386
  0
CIRCLE
  8
MIX
 10
26.4255
 20
-47.5047
 40
0.2040
  0
CIRCLE
  8
MIX
 10
154.8449
 20
53.2365
 40
0.7057
  0
CIRCLE
  8
MIX
 10
269.7908
 20
33.7815
 40
0.2299
  0
CIRCLE
  8
MIX
 10
-28.3257
 20
128.5263
 40
0.5566
  0
CIRCLE
  8
MIX
 10
30.0869
 20
30.0949
 40
0.4369
  0
CIRCLE
  8
MIX
 10
196.2635
 20
70.5729
 40
0.7507
  0
CIRCLE
  8
MIX
 10
248.8128
 20
-194.7914
 40
0.4576
  0
CIRCLE
  8
MIX
 10
74.3670
 20
3.4627
 40
0.7238
  0
CIRCLE
  8
MIX
 10
-72.2727
 20
-191.4038
 40
0.6691
  0
CIRCLE
  8
MIX
 10
-2.8988
 20
97.5274
 40
0.9679
  0
CIRCLE
  8
MIX
 10
96.2536
 20
130.2474
 40
0.4024
  0
CIRCLE
  8
MIX
 10
-265.6324
 20
175.3880
 40
0.3565
  0
CIRCLE
  8
MIX
 10
3.7868
 20
-186.4006
 40
0.9595
  0
CIRCLE
  8
MIX
 10
10.3431
 20
-68.4009
 40
0.9683
  0
CIRCLE
  8
MIX
 10
-15.4424
 20
138.5340
 40
0.9570
  0
CIRCLE
  8
MIX
 10
-251.1236
 20
-48.5329
 40
0.2133
  0
CIRCLE
  8
MIX
 10
-163.5237
 20
125.7867
 40
0.3830
  0
CIRCLE
  8
MIX
 10
-81.0841
 20
85.0261
 40
0.7065
  0
CIRCLE
  8
MIX
 10
-271.0077
 20
8.3503
 40
0.2452
  0
CIRCLE
  8
MIX
 10
-285.9047
 20
-20.7154
 40
0.3034
  0
CIRCLE
  8
MIX
 10
259.7149
 20
145.7891
 40
0.8309
  0
CIRCLE
  8
MIX
 10
262.5815
 20
-68.0474
 40
0.5621
  0
CIRCLE
  8
MIX
 10
246.5873
 20
175.0551
 40
0.8090
  0
CIRCLE
  8
MIX
 10
59.4739
 20
-90.8224
 40
0.8128
  0
CIRCLE
  8
MIX
 10
83.0552
 20
137.6664
 40
0.6955
  0
CIRCLE
  8
MIX
 10
-149.2907
 20
-65.4008
 40
0.5939
  0
CIRCLE
  8
MIX
 10
-180.8446
 20
179.2228
 40
0.9016
  0
CIRCLE
  8
MIX
 10
-49.1954
 20
-126.4590
 40
0.3057
  0
CIRCLE
  8
MIX
 10
273.0348
 20
-165.5613
 40
0.3542
  0
CIRCLE
  8
MIX
 10
263.1144
 20
160.6252
 40
0.1656
  0
CIRCLE
  8
MIX
 10
76.3340
 20
140.4264
 40
0.9394
  0
CIRCLE
  8
MIX
 10
-143.1482
 20
-152.2068
 40
0.6854
  0
CIRCLE
  8
MIX
 10
274.3910
 20
114.1053
 40
0.9902
  0
CIRCLE
  8
MIX
 10
126.1505
 20
-21.1307
 40
0.4116
  0
CIRCLE
  8
MIX
 10
-260.4179
 20
-152.3977
 40
0.4906
  0
CIRCLE
  8
MIX
 10
169.2046
 20
122.6892
 40
0.7701
  0
CIRCLE
  8
MIX
 10
-235.4243
 20
-90.4101
 40
0.8166
  0
CIRCLE
  8
MIX
 10
-93.7565
 20
115.6575
 40
0.5388
  0
CIRCLE
  8
MIX
 10
-106.9268
 20
11.9348
 40
0.6988
  0
CIRCLE
  8
MIX
 10
-49.9612
 20
72.6693
 40
0.7188
  0
CIRCLE
  8
MIX
 10
-39.9904
 20
-178.9511
 40
0.8396
  0
CIRCLE
  8
MIX
 10
-91.9453
 20
-131.1363
 40
0.6343
  0
CIRCLE
  8
MIX
 10
2.4194
 20
-106.8020
 40
0.2725
  0
CIRCLE
  8
MIX
 10
177.4774
 20
9.9297
 40
0.8643
  0
CIRCLE
  8
MIX
 10
67.5113
 20
-86.0192
 40
0.4284
  0
CIRCLE
  8
MIX
 10
-170.5400
 20
21.9128
 40
0.2746
  0
CIRCLE
  8
MIX
 10
187.1654
 20
135.4914
 40
0.7877
  0
CIRCLE
  8
MIX
 10
223.2355
 20
188.9040
 40
0.1850
  0
CIRCLE
  8
MIX
 10
109.3404
 20
51.5730
 40
0.7782
  0
CIRCLE
  8
MIX
 10
260.5328
 20
-35.0877
 40
0.5071
  0
CIRCLE
  8
MIX
 10
177.9894
 20
-46.6917
 40
0.9336
  0
CIRCLE
  8
MIX
 10
192.2387
 20
190.8420
 40
0.9250
  0
CIRCLE
  8
MIX
 10
-184.7096
 20
-5.2743
 40
0.7813
  0
CIRCLE
  8
MIX
 10
-271.2813
 20
-44.8998
 40
0.1978
  0
CIRCLE
  8
MIX
 10
-155.4515
 20
-156.1264
 40
0.5506
  0
CIRCLE
  8
MIX
 10
218.9008
 20
163.1735
 40
0.7947
  0
CIRCLE
  8
MIX
 10
90.2711
 20
-181.8120
 40
0.8456
  0
CIRCLE
  8
MIX
 10
67.3890
 20
143.7969
 40
0.2670
  0
CIRCLE
  8
MIX
 10
-15.0937
 20
136.6880
 40
0.8891
  0
CIRCLE
  8
MIX
 10
-90.2506
 20
123.3455
 40
0.5085
  0
CIRCLE
  8
MIX
 10
290.8158
 20
-173.7550
 40
0.8747
  0
CIRCLE
  8
MIX
 10
139.9606
 20
-107.9515
 40
0.8581
  0
CIRCLE
  8
MIX
 10
2.4800
 20
-73.7823
 40
0.6887
  0
CIRCLE
  8
MIX
 10
237.0873
 20
-28.1816
 40
0.4451
  0
CIRCLE
  8
MIX
 10
178.9524
 20
126.3939
 40
0.2972
  0
CIRCLE
  8
MIX
 10
136.7696
 20
-77.8511
 40
0.7080
  0
CIRCLE
  8
MIX
 10
11.4440
 20
-41.3348
 40
0.8559
  0
CIRCLE
  8
MIX
 10
-136.6244
 20
-66.0890
 40
0.5853
  0
CIRCLE
  8
MIX
 10
-213.1254
 20
-175.5554
 40
0.8117
  0
CIRCLE
  8
MIX
 10
16.8868
 20
-92.7711
 40
0.7676
  0
CIRCLE
  8
MIX
 10
-133.4708
 20
-21.2394
 40
0.3413
  0
CIRCLE
  8
MIX
 10
1.0277
 20
175.1796
 40
0.4617
  0
CIRCLE
  8
MIX
 10
160.8525
 20
-100.5152
 40
0.1842
  0
CIRCLE
  8
MIX
 10
152.0614
 20
-103.9020
 40
0.9396
  0
CIRCLE
  8
MIX
 10
-291.8472
 20
-42.4912
 40
0.2428
  0
CIRCLE
  8
MIX
 10
-242.6995
 20
90.0209
 40
0.5287
  0
CIRCLE
  8
MIX
 10
-12.1825
 20
-27.8545
 40
0.7132
  0
CIRCLE
  8
MIX
 10
134.9820
 20
125.5290
 40
0.4809
  0
CIRCLE
  8
MIX
 10
-171.1808
 20
-3.1677
 40
0.4361
  0
CIRCLE
  8
MIX
 10
198.9707
 20
-91.8160
 40
0.8333
  0
CIRCLE
  8
MIX
 10
-76.9381
 20
44.6040
 40
0.3019
  0
CIRCLE
  8
MIX
 10
269.0402
 20
-182.8294
 40
0.2894
  0
CIRCLE
  8
MIX
 10
-268.2732
 20
142.0454
 40
0.6601
  0
CIRCLE
  8
MIX
 10
266.4846
 20
48.8808
 40
0.9472
  0
CIRCLE
  8
MIX
 10
182.4884
 20
155.7639
 40
0.8005
  0
CIRCLE
  8
MIX
 10
-68.2125
 20
41.2764
 40
0.6198
  0
CIRCLE
  8
MIX
 10
87.5195
 20
-31.9019
 40
0.5577
  0
CIRCLE
  8
MIX
 10
-177.7334
 20
87.1809
 40
0.4412
  0
CIRCLE
  8
MIX
 10
267.8482
 20
60.0479
 40
0.7079
  0
CIRCLE
  8
MIX
 10
279.2691
 20
-65.5616
 40
0.9499
  0
CIRCLE
  8
MIX
 10
-209.8789
 20
-49.4731
 40
0.3985
  0
CIRCLE
  8
MIX
 10
42.8770
 20
172.3799
 40
0.4603
  0
CIRCLE
  8
MIX
 10
-41.5952
 20
63.2407
 40
0.9478
  0
CIRCLE
  8
MIX
 10
173.4253
 20
-66.4886
 40
0.6415
  0
CIRCLE
  8
MIX
 10
77.5878
 20
-192.9495
 40
0.3860
  0
CIRCLE
  8
MIX
 10
-80.2965
 20
133.0274
 40
0.5823
  0
CIRCLE
  8
MIX
 10
-182.5392
 20
53.8214
 40
0.1573
  0
CIRCLE
  8
MIX
 10
-120.2532
 20
142.9165
 40
0.3177
  0
CIRCLE
  8
MIX
 10
248.9191
 20
110.7472
 40
0.2754
  0
CIRCLE
  8
MIX
 10
-272.1237
 20
-111.6976
 40
0.8681
  0
CIRCLE
  8
MIX
 10
-242.8136
 20
-186.7791
 40
0.5521
  0
CIRCLE
  8
MIX
 10
237.3708
 20
87.5111
 40
0.9001
  0
CIRCLE
  8
MIX
 10
-107.2378
 20
20.7517
 40
0.6022
  0
CIRCLE
  8
MIX
 10
198.0931
 20
-89.5754
 40
0.7355
  0
CIRCLE
  8
MIX
 10
-189.8148
 20
-16.5575
 40
0.8081
  0
CIRCLE
  8
MIX
 10
48.8064
 20
58.2123
 40
0.2279
  0
CIRCLE
  8
MIX
 10
-171.0506
 20
161.4097
 40
0.4513
  0
CIRCLE
  8
MIX
 10
-8.9585
 20
-102.2120
 40
0.3153
  0
CIRCLE
  8
MIX
 10
-118.7641
 20
145.4837
 40
0.4227
  0
CIRCLE
  8
MIX
 10
41.4767
 20
162.5626
 40
0.3530
  0
CIRCLE
  8
MIX
 10
158.8037
 20
-14.1742
 40
0.7141
  0
CIRCLE
  8
MIX
 10
269.1070
 20
-136.4961
 40
0.1720
  0
CIRCLE
  8
MIX
 10
267.6481
 20
16.9964
 40
0.4950
  0
CIRCLE
  8
MIX
 10
218.2639
 20
17.4235
 40
0.7817
  0
CIRCLE
  8
MIX
 10
15.1532
 20
-175.2554
 40
0.9641
  0
CIRCLE
  8
MIX
 10
85.0530
 20
-150.9569
 40
0.7975
  0
CIRCLE
  8
MIX
 10
-278.3322
 20
-167.3780
 40
0.7393
  0
CIRCLE
  8
MIX
 10
129.2466
 20
-124.0136
 40
0.9595
  0
CIRCLE
  8
MIX
 10
-232.0119
 20
76.7006
 40
0.5997
  0
CIRCLE
  8
MIX
 10
232.3620
 20
127.6620
 40
0.3095
  0
CIRCLE
  8
MIX
 10
-76.6280
 20
65.4410
 40
0.6211
  0
CIRCLE
  8
MIX
 10
91.8159
 20
-113.7133
 40
0.8670
  0
CIRCLE
  8
MIX
 10
246.7015
 20
-59.6245
 40
0.8824
  0
CIRCLE
  8
MIX
 10
-133.0767
 20
57.3019
 40
0.2633
  0
CIRCLE
  8
MIX
 10
157.4886
 20
62.9721
 40
0.1785
  0
CIRCLE
  8
MIX
 10
-88.6423
 20
-166.5901
 40
0.9245
  0
CIRCLE
  8
MIX
 10
-265.1517
 20
-154.8999
 40
0.6708
  0
CIRCLE
  8
MIX
 10
4.7566
 20
177.6479
 40
0.1601
  0
CIRCLE
  8
MIX
 10
-87.4202
 20
46.1610
 40
0.7697
  0
CIRCLE
  8
MIX
 10
209.6889
 20
-37.4240
 40
0.2742
  0
CIRCLE
  8
MIX
 10
-181.6378
 20
-159.5625
 40
0.3279
  0
CIRCLE
  8
MIX
 10
-24.5419
 20
-138.9632
 40
0.7581
  0
CIRCLE
  8
MIX
 10
276.0263
 20
194.7934
 40
0.4595
  0
CIRCLE
  8
MIX
 10
-36.5649
 20
165.2908
 40
0.5855
  0
CIRCLE
  8
MIX
 10
193.1664
 20
50.7868
 40
0.6533
  0
CIRCLE
  8
MIX
 10
-243.9433
 20
181.8981
 40
0.1716
  0
CIRCLE
  8
MIX
 10
13.2495
 20
97.7729
 40
0.4340
  0
CIRCLE
  8
MIX
 10
79.5373
 20
75.7511
 40
0.8546
  0
CIRCLE
  8
MIX
 10
3.1172
 20
135.9433
 40
0.2657
  0
CIRCLE
  8
MIX
 10
164.9676
 20
24.4198
 40
0.3131
  0
CIRCLE
  8
MIX
 10
214.6100
 20
91.6981
 40
0.1583
  0
CIRCLE
  8
MIX
 10
120.0747
 20
89.6907
 40
0.5426
  0
CIRCLE
  8
MIX
 10
-25.7839
 20
-36.4465
 40
0.3884
  0
CIRCLE
  8
MIX
 10
270.7316
 20
163.1228
 40
0.8635
  0
CIRCLE
  8
MIX
 10
-171.5811
 20
-33.8205
 40
0.2154
  0
CIRCLE
  8
MIX
 10
-226.4081
 20
2.8561
 40
0.7730
  0
CIRCLE
  8
MIX
 10
-93.9701
 20
-5.5986
 40
0.9142
  0
CIRCLE
  8
MIX
 10
-74.7733
 20
-173.9665
 40
0.8772
  0
CIRCLE
  8
MIX
 10
93.5000
 20
69.3308
 40
0.7407
  0
CIRCLE
  8
MIX
 10
-144.8832
 20
-38.7018
 40
0.5337
  0
CIRCLE
  8
MIX
 10
-53.7454
 20
76.4658
 40
0.9508
  0
CIRCLE
  8
MIX
 10
286.0399
 20
85.1419
 40
0.5053
  0
CIRCLE
  8
MIX
 10
189.7404
 20
-98.1254
 40
0.7913
  0
CIRCLE
  8
MIX
 10
272.0583
 20
30.6677
 40
0.5541
  0
CIRCLE
  8
MIX
 10
209.3620
 20
-171.3172
 40
0.4735
  0
CIRCLE
  8
MIX
 10
207.6866
 20
143.8316
 40
0.8434
  0
CIRCLE
  8
MIX
 10
-239.9331
 20
13.2982
 40
0.1641
  0
CIRCLE
  8
MIX
 10
-231.8305
 20
-43.2975
 40
0.7521
  0
CIRCLE
  8
MIX
 10
85.2650
 20
90.3543
 40
0.9869
  0
CIRCLE
  8
MIX
 10
246.3653
 20
85.9707
 40
0.3398
  0
CIRCLE
  8
MIX
 10
62.2855
 20
-51.5020
 40
0.5012
  0
CIRCLE
  8
MIX
 10
192.7654
 20
104.0936
 40
0.5222
  0
CIRCLE
  8
MIX
 10
58.9409
 20
37.1380
 40
0.9722
  0
CIRCLE
  8
MIX
 10
-232.0649
 20
56.3500
 40
0.2181
  0
CIRCLE
  8
MIX
 10
-65.7783
 20
8.3492
 40
0.3980
  0
CIRCLE
  8
MIX
 10
47.3821
 20
75.9172
 40
0.5087
  0
CIRCLE
  8
MIX
 10
-283.0516
 20
-30.4435
 40
0.1710
  0
CIRCLE
  8
MIX
 10
83.8028
 20
77.1562
 40
0.3499
  0
CIRCLE
  8
MIX
 10
160.5996
 20
-37.3603
 40
0.9013
  0
CIRCLE
  8
MIX
 10
117.0641
 20
-99.1787
 40
0.6856
  0
CIRCLE
  8
MIX
 10
71.7770
 20
84.9645
 40
0.8334
  0
CIRCLE
  8
MIX
 10
284.4083
 20
-169.8320
 40
0.5846
  0
CIRCLE
  8
MIX
 10
35.0955
 20
138.8038
 40
0.8132
  0
CIRCLE
  8
MIX
 10
38.4688
 20
-99.8469
 40
0.1877
  0
CIRCLE
  8
MIX
 10
-250.0339
 20
168.9093
 40
0.4305
  0
CIRCLE
  8
MIX
 10
-125.0053
 20
-120.6374
 40
0.8684
  0
CIRCLE
  8
MIX
 10
-293.9934
 20
-25.1052
 40
0.7383
  0
CIRCLE
  8
MIX
 10
-238.0251
 20
-167.7840
 40
0.5135
  0
CIRCLE
  8
MIX
 10
254.9306
 20
-123.1758
 40
0.5091
  0
CIRCLE
  8
MIX
 10
193.3510
 20
153.6191
 40
0.7109
  0
CIRCLE
  8
MIX
 10
-231.0312
 20
-149.7666
 40
0.3898
  0
CIRCLE
  8
MIX
 10
99.9817
 20
55.8420
 40
0.5456
  0
CIRCLE
  8
MIX
 10
-179.5683
 20
-138.0090
 40
0.6898
  0
CIRCLE
  8
MIX
 10
-165.7841
 20
-105.7922
 40
0.6825
  0
CIRCLE
  8
MIX
 10
-104.8362
 20
112.1686
 40
0.4419
  0
CIRCLE
  8
MIX
 10
-201.4125
 20
-149.5306
 40
0.3076
  0
CIRCLE
  8
MIX
 10
-84.3707
 20
-89.2902
 40
0.7840
  0
CIRCLE
  8
MIX
 10
250.0277
 20
-43.2483
 40
0.5497
  0
CIRCLE
  8
MIX
 10
-241.5484
 20
-7.6096
 40
0.2441
  0
CIRCLE
  8
MIX
 10
-155.1653
 20
-75.0897
 40
0.2049
  0
CIRCLE
  8
MIX
 10
-212.3463
 20
190.6134
 40
0.4333
  0
CIRCLE
  8
MIX
 10
232.7107
 20
-27.6513
 40
0.9815
  0
CIRCLE
  8
MIX
 10
-80.1336
 20
81.2303
 40
0.9856
  0
CIRCLE
  8
MIX
 10
56.7083
 20
-38.0018
 40
0.7673
  0
CIRCLE
  8
MIX
 10
152.6352
 20
-176.9370
 40
0.5467
  0
CIRCLE
  8
MIX
 10
166.1836
 20
-162.4596
 40
0.8842
  0
CIRCLE
  8
MIX
 10
32.9130
 20
133.3876
 40
0.5239
  0
CIRCLE
  8
MIX
 10
-151.9235
 20
181.3018
 40
0.6908
  0
CIRCLE
  8
MIX
 10
271.1270
 20
55.5645
 40
0.1865
  0
CIRCLE
  8
MIX
 10
64.2782
 20
-12.1825
 40
0.6986
  0
CIRCLE
  8
MIX
 10
288.1021
 20
163.5189
 40
0.5170
  0
CIRCLE
  8
MIX
 10
15.7593
 20
107.0922
 40
0.7480
  0
CIRCLE
  8
MIX
 10
78.8617
 20
5.1409
 40
0.8314
  0
CIRCLE
  8
MIX
 10
-106.2442
 20
174.3465
 40
0.3158
  0
CIRCLE
  8
MIX
 10
-79.8394
 20
115.1284
 40
0.1730
  0
CIRCLE
  8
MIX
 10
-259.0857
 20
13.7520
 40
0.3117
  0
CIRCLE
  8
MIX
 10
-131.2243
 20
48.5999
 40
0.6164
  0
CIRCLE
  8
MIX
 10
-232.8916
 20
168.6076
 40
0.2459
  0
CIRCLE
  8
MIX
 10
-123.6440
 20
-178.8032
 40
0.6562
  0
CIRCLE
  8
MIX
 10
-188.0738
 20
185.8131
 40
0.8641
  0
CIRCLE
  8
MIX
 10
-244.7585
 20
50.6333
 40
0.6771
  0
CIRCLE
  8
MIX
 10
244.8336
 20
164.6295
 40
0.6464
  0
CIRCLE
  8
MIX
 10
-70.6294
 20
-0.0143
 40
0.4140
  0
CIRCLE
  8
MIX
 10
-229.0126
 20
-45.1891
 40
0.6839
  0
CIRCLE
  8
MIX
 10
266.4448
 20
95.6857
 40
0.2502
  0
CIRCLE
  8
MIX
 10
-258.1320
 20
13.5097
 40
0.8937
  0
CIRCLE
  8
MIX
 10
283.1652
 20
154.4552
 40
0.3632
  0
CIRCLE
  8
MIX
 10
-8.4425
 20
-159.8574
 40
0.1851
  0
CIRCLE
  8
MIX
 10
-194.1571
 20
-115.4696
 40
0.9557
  0
CIRCLE
  8
MIX
 10
-102.1300
 20
129.9076
 40
0.2549
  0
CIRCLE
  8
MIX
 10
-274.7327
 20
-31.2675
 40
0.9001
  0
CIRCLE
  8
MIX
 10
-71.1100
 20
176.1166
 40
0.3996
  0
CIRCLE
  8
MIX
 10
-231.3571
 20
171.4902
 40
0.3133
  0
CIRCLE
  8
MIX
 10
-23.9635
 20
85.1974
 40
0.6436
  0
CIRCLE
  8
MIX
 10
-216.0764
 20
70.0685
 40
0.3238
  0
CIRCLE
  8
MIX
 10
10.8120
 20
-57.6189
 40
0.4758
  0
CIRCLE
  8
MIX
 10
74.2375
 20
63.2395
 40
0.8694
  0
CIRCLE
  8
MIX
 10
0.1427
 20
66.9688
 40
0.9664
  0
CIRCLE
  8
MIX
 10
-136.4473
 20
169.7208
 40
0.4357
  0
CIRCLE
  8
MIX
 10
180.9455
 20
99.9188
 40
0.4886
  0
CIRCLE
  8
MIX
 10
30.5340
 20
185.1265
 40
0.5357
  0
CIRCLE
  8
MIX
 10
184.4922
 20
49.5631
 40
0.1945
  0
CIRCLE
  8
MIX
 10
-103.0638
 20
-188.8009
 40
0.8552
  0
CIRCLE
  8
MIX
 10
201.5580
 20
-60.2040
 40
0.9796
  0
CIRCLE
  8
MIX
 10
271.1171
 20
75.9523
 40
0.7166
  0
CIRCLE
  8
MIX
 10
-153.5355
 20
-94.6683
 40
0.3659
  0
CIRCLE
  8
MIX
 10
207.5861
 20
129.3120
 40
0.5656
  0
CIRCLE
  8
MIX
 10
38.2292
 20
106.8523
 40
0.4245
  0
CIRCLE
  8
MIX
 10
31.1797
 20
-182.8557
 40
0.3769
  0
CIRCLE
  8
MIX
 10
-123.6522
 20
-18.6954
 40
0.3035
  0
CIRCLE
  8
MIX
 10
-219.2756
 20
148.4519
 40
0.9787
  0
CIRCLE
  8
MIX
 10
123.5215
 20
25.5201
 40
0.7468
  0
CIRCLE
  8
MIX
 10
253.1614
 20
107.2620
 40
0.7259
  0
CIRCLE
  8
MIX
 10
154.1446
 20
-89.0432
 40
0.1553
  0
CIRCLE
  8
MIX
 10
-253.6856
 20
63.5559
 40
0.9829
  0
CIRCLE
  8
MIX
 10
-178.1578
 20
-120.0398
 40
0.8237
  0
CIRCLE
  8
MIX
 10
-291.9683
 20
-132.2278
 40
0.5701
  0
CIRCLE
  8
MIX
 10
118.0368
 20
-134.2399
 40
0.7399
  0
CIRCLE
  8
MIX
 10
292.5801
 20
-37.8207
 40
0.3628
  0
CIRCLE
  8
MIX
 10
-207.3156
 20
-54.2996
 40
0.8551
  0
CIRCLE
  8
MIX
 10
-66.8454
 20
21.0308
 40
0.2102
  0
CIRCLE
  8
MIX
 10
-225.8006
 20
66.2069
 40
0.8050
  0
CIRCLE
  8
MIX
 10
173.4510
 20
191.1208
 40
0.3560
  0
CIRCLE
  8
MIX
 10
84.4345
 20
14.9675
 40
0.9387
  0
CIRCLE
  8
MIX
 10
272.6736
 20
46.4100
 40
0.7351
  0
CIRCLE
  8
MIX
 10
-87.3511
 20
26.9948
 40
0.8327
  0
CIRCLE
  8
MIX
 10
8.3707
 20
16.0355
 40
0.7341
  0
CIRCLE
  8
MIX
 10
245.9333
 20
-97.1040
 40
0.5752
  0
CIRCLE
  8
MIX
 10
1.3528
 20
-144.4932
 40
0.4382
  0
CIRCLE
  8
MIX
 10
-1.1862
 20
-13.9415
 40
0.3477
  0
CIRCLE
  8
MIX
 10
247.9059
 20
-2.5267
 40
0.8739
  0
CIRCLE
  8
MIX
 10
-222.0212
 20
-123.1952
 40
0.2950
  0
CIRCLE
  8
MIX
 10
27.8133
 20
-167.6289
 40
0.7090
  0
CIRCLE
  8
MIX
 10
175.5165
 20
142.1368
 40
0.7626
  0
CIRCLE
  8
MIX
 10
-276.4062
 20
51.7814
 40
0.8069
  0
CIRCLE
  8
MIX
 10
-98.0422
 20
45.7268
 40
0.2295
  0
CIRCLE
  8
MIX
 10
-81.8988
 20
-120.3087
 40
0.1753
  0
CIRCLE
  8
MIX
 10
-54.9484
 20
150.5626
 40
0.7177
  0
CIRCLE
  8
MIX
 10
-184.5347
 20
180.3073
 40
0.3607
  0
CIRCLE
  8
MIX
 10
247.7937
 20
-107.6190
 40
0.2216
  0
CIRCLE
  8
MIX
 10
-154.4747
 20
66.8740
 40
0.4974
  0
CIRCLE
  8
MIX
 10
-33.9497
 20
-38.0373
 40
0.1973
  0
CIRCLE
  8
MIX
 10
95.6817
 20
125.3395
 40
0.8825
  0
CIRCLE
  8
MIX
 10
288.3988
 20
104.7721
 40
0.5444
  0
CIRCLE
  8
MIX
 10
257.7015
 20
-179.0442
 40
0.8933
  0
CIRCLE
  8
MIX
 10
124.8167
 20
163.5555
 40
0.3825
  0
CIRCLE
  8
MIX
 10
-78.2785
 20
-133.7752
 40
0.8581
  0
CIRCLE
  8
MIX
 10
-287.1828
 20
89.6076
 40
0.1757
  0
CIRCLE
  8
MIX
 10
16.7426
 20
-183.7150
 40
0.5426
  0
CIRCLE
  8
MIX
 10
-274.1748
 20
177.7337
 40
0.2203
  0
CIRCLE
  8
MIX
 10
97.5563
 20
-55.9018
 40
0.9657
  0
CIRCLE
  8
MIX
 10
-104.7529
 20
-45.2814
 40
0.1967
  0
CIRCLE
  8
MIX
 10
-36.4712
 20
-6.0903
 40
0.3990
  0
CIRCLE
  8
MIX
 10
41.0642
 20
-112.3802
 40
0.4694
  0
CIRCLE
  8
MIX
 10
196.2521
 20
18.6644
 40
0.5278
  0
CIRCLE
  8
MIX
 10
62.1298
 20
-47.3285
 40
0.7609
  0
CIRCLE
  8
MIX
 10
271.9990
 20
-183.3894
 40
0.6114
  0
CIRCLE
  8
MIX
 10
-277.0836
 20
-75.7184
 40
0.9042
  0
CIRCLE
  8
MIX
 10
-177.5663
 20
105.4666
 40
0.9017
  0
CIRCLE
  8
MIX
 10
-245.5082
 20
-67.2406
 40
0.9038
  0
CIRCLE
  8
MIX
 10
-275.6014
 20
40.5167
 40
0.3804
  0
CIRCLE
  8
MIX
 10
-159.7391
 20
-54.7045
 40
0.5847
  0
CIRCLE
  8
MIX
 10
-1.9497
 20
167.0819
 40
0.3215
  0
CIRCLE
  8
MIX
 10
7.7288
 20
-16.4412
 40
0.6886
  0
CIRCLE
  8
MIX
 10
23.4215
 20
19.2391
 40
0.7018
  0
CIRCLE
  8
MIX
 10
192.4854
 20
-110.6553
 40
0.4767
  0
CIRCLE
  8
MIX
 10
-30.1212
 20
166.6794
 40
0.8307
  0
CIRCLE
  8
MIX
 10
96.0188
 20
133.2418
 40
0.5074
  0
CIRCLE
  8
MIX
 10
262.1847
 20
-38.5372
 40
0.6736
  0
CIRCLE
  8
MIX
 10
121.0967
 20
26.5407
 40
0.4774
  0
CIRCLE
  8
MIX
 10
-217.7961
 20
157.3795
 40
0.7705
  0
CIRCLE
  8
MIX
 10
-36.4491
 20
-100.1719
 40
0.4343
  0
CIRCLE
  8
MIX
 10
7.9721
 20
-182.0670
 40
0.5682
  0
CIRCLE
  8
MIX
 10
223.6157
 20
109.1538
 40
0.3318
  0
CIRCLE
  8
MIX
 10
-216.8899
 20
175.8513
 40
0.2615
  0
CIRCLE
  8
MIX
 10
-120.2411
 20
-151.4335
 40
0.4007
  0
CIRCLE
  8
MIX
 10
250.6856
 20
-71.2271
 40
0.6466
  0
CIRCLE
  8
MIX
 10
-100.5547
 20
72.4427
 40
0.7463
  0
CIRCLE
  8
MIX
 10
-262.1743
 20
-96.4144
 40
0.7936
  0
CIRCLE
  8
MIX
 10
-229.2542
 20
98.6337
 40
0.6867
  0
CIRCLE
  8
MIX
 10
21.9403
 20
177.0715
 40
0.4151
  0
CIRCLE
  8
MIX
 10
112.3988
 20
-139.7320
 40
0.5829
  0
CIRCLE
  8
MIX
 10
-72.4456
 20
-185.7182
 40
0.8637
  0
CIRCLE
  8
MIX
 10
-205.9131
 20
-113.6647
 40
0.9504
  0
CIRCLE
  8
MIX
 10
-234.2578
 20
49.6783
 40
0.9028
  0
CIRCLE
  8
MIX
 10
-190.4249
 20
45.1790
 40
0.8912
  0
CIRCLE
  8
MIX
 10
-172.7673
 20
-129.2154
 40
0.2237
  0
CIRCLE
  8
MIX
 10
-110.7999
 20
146.9997
 40
0.6906
  0
CIRCLE
  8
MIX
 10
-173.3148
 20
-138.8577
 40
0.2097
  0
CIRCLE
  8
MIX
 10
101.2703
 20
37.6607
 40
0.6117
  0
CIRCLE
  8
MIX
 10
280.6513
 20
-169.9900
 40
0.2293
  0
CIRCLE
  8
MIX
 10
-129.5306
 20
-37.2501
 40
0.2110
  0
CIRCLE
  8
MIX
 10
-173.3951
 20
81.7336
 40
0.2033
  0
CIRCLE
  8
MIX
 10
-78.3896
 20
-155.7721
 40
0.6576
  0
CIRCLE
  8
MIX
 10
46.3760
 20
-50.7036
 40
0.9534
  0
CIRCLE
  8
MIX
 10
155.3102
 20
148.3426
 40
0.7344
  0
CIRCLE
  8
MIX
 10
275.6276
 20
-194.5161
 40
0.1640
  0
CIRCLE
  8
MIX
 10
224.5957
 20
-170.9445
 40
0.3588
  0
CIRCLE
  8
MIX
 10
-287.0919
 20
-87.3809
 40
0.4022
  0
CIRCLE
  8
MIX
 10
-25.6366
 20
142.2604
 40
0.1841
  0
CIRCLE
  8
MIX
 10
-201.4495
 20
-120.8156
 40
0.3574
  0
CIRCLE
  8
MIX
 10
-154.7581
 20
148.8299
 40
0.4247
  0
CIRCLE
  8
MIX
 10
-273.4798
 20
-159.8938
 40
0.7494
  0
CIRCLE
  8
MIX
 10
236.0059
 20
-84.7544
 40
0.2804
  0
CIRCLE
  8
MIX
 10
-57.5077
 20
28.2780
 40
0.6841
  0
CIRCLE
  8
MIX
 10
80.5064
 20
165.5122
 40
0.6597
  0
CIRCLE
  8
MIX
 10
220.2046
 20
29.2914
 40
0.5769
  0
CIRCLE
  8
MIX
 10
222.3650
 20
83.4635
 40
0.2206
  0
CIRCLE
  8
MIX
 10
-263.2502
 20
180.5838
 40
0.3826
  0
CIRCLE
  8
MIX
 10
-60.3120
 20
-103.3019
 40
0.6384
  0
CIRCLE
  8
MIX
 10
7.1736
 20
171.5442
 40
0.9855
  0
CIRCLE
  8
MIX
 10
9.0242
 20
-151.5188
 40
0.2392
  0
CIRCLE
  8
MIX
 10
230.8001
 20
3.7912
 40
0.9399
  0
CIRCLE
  8
MIX
 10
-291.0144
 20
-91.7371
 40
0.9239
  0
CIRCLE
  8
MIX
 10
67.3473
 20
152.1123
 40
0.3161
  0
CIRCLE
  8
MIX
 10
145.6077
 20
-8.7488
 40
0.5174
  0
CIRCLE
  8
MIX
 10
1.3844
 20
-162.3397
 40
0.3324
  0
CIRCLE
  8
MIX
 10
89.9057
 20
148.9798
 40
0.2867
  0
CIRCLE
  8
MIX
 10
40.2674
 20
57.2152
 40
0.2441
  0
CIRCLE
  8
MIX
 10
-130.5681
 20
12.2853
 40
0.8881
  0
CIRCLE
  8
MIX
 10
84.6105
 20
156.8678
 40
0.3023
  0
CIRCLE
  8
MIX
 10
-193.7959
 20
-18.2024
 40
0.9573
  0
CIRCLE
  8
MIX
 10
132.8745
 20
-63.3740
 40
0.5366
  0
CIRCLE
  8
MIX
 10
139.4105
 20
155.2090
 40
0.4069
  0
CIRCLE
  8
MIX
 10
-85.9858
 20
15.4344
 40
0.3436
  0
CIRCLE
  8
MIX
 10
179.0513
 20
-88.5332
 40
0.3697
  0
CIRCLE
  8
MIX
 10
-94.4143
 20
65.1786
 40
0.9868
  0
CIRCLE
  8
MIX
 10
-217.5999
 20
135.8803
 40
0.5328
  0
CIRCLE
  8
MIX
 10
-229.4869
 20
188.6715
 40
0.9500
  0
CIRCLE
  8
MIX
 10
95.1067
 20
-146.7998
 40
0.9792
  0
CIRCLE
  8
MIX
 10
-144.8891
 20
-88.3608
 40
0.5640
  0
CIRCLE
  8
MIX
 10
-110.8232
 20
-145.7356
 40
0.7912
  0
CIRCLE
  8
MIX
 10
175.1944
 20
153.5860
 40
0.8523
  0
CIRCLE
  8
MIX
 10
-102.8083
 20
-97.9433
 40
0.4627
  0
CIRCLE
  8
MIX
 10
207.4449
 20
68.3774
 40
0.3939
  0
CIRCLE
  8
MIX
 10
32.2268
 20
151.2484
 40
0.8629
  0
CIRCLE
  8
MIX
 10
160.8705
 20
83.6779
 40
0.5945
  0
CIRCLE
  8
MIX
 10
-17.7526
 20
7.7347
 40
0.6826
  0
CIRCLE
  8
MIX
 10
-110.5276
 20
-109.7235
 40
0.6071
  0
CIRCLE
  8
MIX
 10
262.5428
 20
-82.4144
 40
0.5197
  0
CIRCLE
  8
MIX
 10
193.3428
 20
119.0717
 40
0.5782
  0
CIRCLE
  8
MIX
 10
246.2650
 20
-165.5362
 40
0.2741
  0
CIRCLE
  8
MIX
 10
122.6239
 20
166.3187
 40
0.2221
  0
CIRCLE
  8
MIX
 10
127.6107
 20
97.1556
 40
0.3020
  0
CIRCLE
  8
MIX
 10
-121.6901
 20
-102.0837
 40
0.8239
  0
CIRCLE
  8
MIX
 10
-269.1238
 20
-109.3191
 40
0.7380
  0
CIRCLE
  8
MIX
 10
267.0204
 20
62.2846
 40
0.2993
  0
CIRCLE
  8
MIX
 10
-182.2244
 20
-28.2706
 40
0.3098
  0
CIRCLE
  8
MIX
 10
-235.1430
 20
-30.0080
 40
0.7781
  0
CIRCLE
  8
MIX
 10
251.2916
 20
138.1798
 40
0.2457
  0
CIRCLE
  8
MIX
 10
-200.4570
 20
-1.9972
 40
0.8316
  0
CIRCLE
  8
MIX
 10
-6.8255
 20
169.4246
 40
0.8499
  0
CIRCLE
  8
MIX
 10
-258.5341
 20
-111.5375
 40
0.4660
  0
CIRCLE
  8
MIX
 10
-209.7258
 20
-104.5796
 40
0.7916
  0
CIRCLE
  8
MIX
 10
-45.7332
 20
87.5875
 40
0.9604
  0
CIRCLE
  8
MIX
 10
88.4220
 20
124.0403
 40
0.6126
  0
CIRCLE
  8
MIX
 10
-204.5186
 20
60.7083
 40
0.4678
  0
CIRCLE
  8
MIX
 10
87.8351
 20
-75.3147
 40
0.3479
  0
CIRCLE
  8
MIX
 10
28.6944
 20
-43.8969
 40
0.6311
  0
CIRCLE
  8
MIX
 10
-92.7615
 20
137.4584
 40
0.3704
  0
CIRCLE
  8
MIX
 10
-238.0278
 20
-185.8197
 40
0.3193
  0
CIRCLE
  8
MIX
 10
51.3401
 20
-12.2274
 40
0.7570
  0
CIRCLE
  8
MIX
 10
174.2288
 20
91.0906
 40
0.5263
  0
CIRCLE
  8
MIX
 10
174.2065
 20
62.2983
 40
0.2215
  0
CIRCLE
  8
MIX
 10
292.9244
 20
-71.7900
 40
0.4632
  0
CIRCLE
  8
MIX
 10
5.7133
 20
169.9100
 40
0.4679
  0
CIRCLE
  8
MIX
 10
-225.6786
 20
12.3959
 40
0.9425
  0
CIRCLE
  8
MIX
 10
-224.1561
 20
77.0138
 40
0.9214
  0
CIRCLE
  8
MIX
 10
-97.2961
 20
137.7143
 40
0.5537
  0
CIRCLE
  8
MIX
 10
208.4261
 20
36.5805
 40
0.3000
  0
CIRCLE
  8
MIX
 10
278.7333
 20
48.7358
 40
0.6975
  0
CIRCLE
  8
MIX
 10
108.1804
 20
-139.3822
 40
0.7245
  0
CIRCLE
  8
MIX
 10
-239.2740
 20
-140.2678
 40
0.9396
  0
CIRCLE
  8
MIX
 10
-231.0410
 20
22.9442
 40
0.6919
  0
CIRCLE
  8
MIX
 10
-172.6520
 20
54.4399
 40
0.9839
  0
CIRCLE
  8
MIX
 10
103.0264
 20
79.2248
 40
0.8296
  0
CIRCLE
  8
MIX
 10
-122.7301
 20
58.7315
 40
0.9788
  0
CIRCLE
  8
MIX
 10
47.4235
 20
-99.4533
 40
0.7682
  0
CIRCLE
  8
MIX
 10
-258.0283
 20
-95.1940
 40
0.8068
  0
CIRCLE
  8
MIX
 10
20.1196
 20
151.5958
 40
0.6507
  0
CIRCLE
  8
MIX
 10
123.3746
 20
71.6222
 40
0.1599
  0
CIRCLE
  8
MIX
 10
-207.9688
 20
-109.0006
 40
0.6315
  0
CIRCLE
  8
MIX
 10
189.5592
 20
173.5060
 40
0.8210
  0
CIRCLE
  8
MIX
 10
-62.6607
 20
105.8760
 40
0.2583
  0
CIRCLE
  8
MIX
 10
-239.2452
 20
178.4141
 40
0.7823
  0
CIRCLE
  8
MIX
 10
250.0989
 20
51.3196
 40
0.2136
  0
CIRCLE
  8
MIX
 10
-214.6956
 20
30.4801
 40
0.5050
  0
CIRCLE
  8
MIX
 10
-183.8267
 20
104.7103
 40
0.5604
  0
CIRCLE
  8
MIX
 10
72.6740
 20
-160.5427
 40
0.3222
  0
CIRCLE
  8
MIX
 10
-157.7243
 20
-9.3806
 40
0.3427
  0
CIRCLE
  8
MIX
 10
39.0300
 20
123.7569
 40
0.3879
  0
CIRCLE
  8
MIX
 10
54.6274
 20
-9.0739
 40
0.7199
  0
CIRCLE
  8
MIX
 10
231.7113
 20
45.2012
 40
0.2858
  0
CIRCLE
  8
MIX
 10
174.6802
 20
2.8288
 40
0.2095
  0
CIRCLE
  8
MIX
 10
-86.6839
 20
73.6370
 40
0.2161
  0
CIRCLE
  8
MIX
 10
-35.2374
 20
-159.0309
 40
0.3785
  0
CIRCLE
  8
MIX
 10
-154.6388
 20
89.4116
 40
0.9752
  0
CIRCLE
  8
MIX
 10
28.6362
 20
-174.8586
 40
0.2902
  0
CIRCLE
  8
MIX
 10
276.8053
 20
-97.3232
 40
0.5263
  0
CIRCLE
  8
MIX
 10
167.0500
 20
-21.7186
 40
0.2311
  0
CIRCLE
  8
MIX
 10
85.4022
 20
-58.2188
 40
0.4706
  0
CIRCLE
  8
MIX
 10
282.6923
 20
6.8714
 40
0.6603
  0
CIRCLE
  8
MIX
 10
-18.8803
 20
99.9111
 40
0.2110
  0
CIRCLE
  8
MIX
 10
-151.2715
 20
-126.1922
 40
0.8728
  0
CIRCLE
  8
MIX
 10
-268.0269
 20
90.8733
 40
0.4029
  0
CIRCLE
  8
MIX
 10
-53.3847
 20
148.4065
 40
0.3540
  0
CIRCLE
  8
MIX
 10
-195.1701
 20
-107.2489
 40
0.9435
  0
CIRCLE
  8
MIX
 10
188.3547
 20
-154.1810
 40
0.2624
  0
CIRCLE
  8
MIX
 10
-131.7071
 20
-106.6660
 40
0.2709
  0
CIRCLE
  8
MIX
 10
-227.9569
 20
164.9479
 40
0.4562
  0
CIRCLE
  8
MIX
 10
122.9116
 20
124.9964
 40
0.8494
  0
CIRCLE
  8
MIX
 10
173.7309
 20
-83.7616
 40
0.7743
  0
CIRCLE
  8
MIX
 10
-13.0362
 20
-49.6880
 40
0.7276
  0
CIRCLE
  8
MIX
 10
109.4854
 20
4.7211
 40
0.4306
  0
CIRCLE
  8
MIX
 10
285.1279
 20
174.3964
 40
0.1892
  0
CIRCLE
  8
MIX
 10
245.4005
 20
125.6604
 40
0.6814
  0
CIRCLE
  8
MIX
 10
-166.2069
 20
187.0230
 40
0.9875
  0
CIRCLE
  8
MIX
 10
36.3597
 20
76.3482
 40
0.5707
  0
CIRCLE
  8
MIX
 10
-278.2241
 20
-11.7984
 40
0.5916
  0
CIRCLE
  8
MIX
 10
-7.1035
 20
174.2478
 40
0.5931
  0
CIRCLE
  8
MIX
 10
-219.9280
 20
-63.6043
 40
0.5827
  0
CIRCLE
  8
MIX
 10
-234.2504
 20
155.0674
 40
0.9279
  0
CIRCLE
  8
MIX
 10
-89.7677
 20
180.1395
 40
0.2009
  0
CIRCLE
  8
MIX
 10
25.9316
 20
-39.3050
 40
0.5397
  0
CIRCLE
  8
MIX
 10
-110.7505
 20
-107.2623
 40
0.8182
  0
CIRCLE
  8
MIX
 10
-209.4261
 20
192.4874
 40
0.2524
  0
CIRCLE
  8
MIX
 10
140.7394
 20
-42.7456
 40
0.2778
  0
CIRCLE
  8
MIX
 10
147.7176
 20
56.4462
 40
0.3767
  0
CIRCLE
  8
MIX
 10
-91.0622
 20
146.3581
 40
0.8529
  0
CIRCLE
  8
MIX
 10
-47.1474
 20
19.5648
 40
0.6031
  0
CIRCLE
  8
MIX
 10
-215.1350
 20
-139.9524
 40
0.9682
  0
CIRCLE
  8
MIX
 10
-177.3995
 20
177.3535
 40
0.4531
  0
CIRCLE
  8
MIX
 10
-235.8124
 20
15.0852
 40
0.7587
  0
CIRCLE
  8
MIX
 10
152.7585
 20
-192.5084
 40
0.7600
  0
CIRCLE
  8
MIX
 10
5.0765
 20
114.3564
 40
0.9272
  0
CIRCLE
  8
MIX
 10
145.2004
 20
149.9655
 40
0.7629
  0
CIRCLE
  8
MIX
 10
-167.0298
 20
123.6157
 40
0.5338
  0
CIRCLE
  8
MIX
 10
-12.8584
 20
-163.8196
 40
0.2459
  0
CIRCLE
  8
MIX
 10
-91.1340
 20
18.4081
 40
0.6158
  0
CIRCLE
  8
MIX
 10
-266.7583
 20
-125.3689
 40
0.6270
  0
CIRCLE
  8
MIX
 10
-10.1958
 20
-33.3666
 40
0.6213
  0
CIRCLE
  8
MIX
 10
212.2131
 20
-124.9657
 40
0.4919
  0
CIRCLE
  8
MIX
 10
145.8631
 20
83.4880
 40
0.1550
  0
CIRCLE
  8
MIX
 10
271.2634
 20
52.6079
 40
0.5254
  0
CIRCLE
  8
MIX
 10
238.4642
 20
-13.3648
 40
0.5606
  0
CIRCLE
  8
MIX
 10
-219.9224
 20
-154.3098
 40
0.3034
  0
CIRCLE
  8
MIX
 10
101.3737
 20
-128.3422
 40
0.9054
  0
CIRCLE
  8
MIX
 10
-32.6052
 20
179.3614
 40
0.4735
  0
CIRCLE
  8
MIX
 10
149.7093
 20
-157.5981
 40
0.4725
  0
CIRCLE
  8
MIX
 10
193.8000
 20
121.4218
 40
0.2088
  0
CIRCLE
  8
MIX
 10
-85.2178
 20
-121.0375
 40
0.8087
  0
CIRCLE
  8
MIX
 10
90.3859
 20
-138.7561
 40
0.8148
  0
CIRCLE
  8
MIX
 10
-75.0321
 20
-50.9496
 40
0.3048
  0
CIRCLE
  8
MIX
 10
-279.3042
 20
12.8901
 40
0.9506
  0
CIRCLE
  8
MIX
 10
-33.7458
 20
17.5629
 40
0.3061
  0
CIRCLE
  8
MIX
 10
-100.9215
 20
-42.2607
 40
0.6740
  0
CIRCLE
  8
MIX
 10
-288.0817
 20
-84.3945
 40
0.6898
  0
CIRCLE
  8
MIX
 10
-171.4697
 20
-185.0704
 40
0.5000
  0
CIRCLE
  8
MIX
 10
210.1780
 20
-74.7686
 40
0.3730
  0
CIRCLE
  8
MIX
 10
-178.4934
 20
-143.5386
 40
0.7916
  0
CIRCLE
  8
MIX
 10
-7.1001
 20
181.0295
 40
0.3403
  0
CIRCLE
  8
MIX
 10
-105.6831
 20
-105.9434
 40
0.3535
  0
CIRCLE
  8
MIX
 10
258.7811
 20
-104.3513
 40
0.9834
  0
CIRCLE
  8
MIX
 10
-4.1866
 20
-136.9051
 40
0.8846
  0
CIRCLE
  8
MIX
 10
262.0947
 20
84.6454
 40
0.6364
  0
CIRCLE
  8
MIX
 10
190.3995
 20
-148.6120
 40
0.8443
  0
CIRCLE
  8
MIX
 10
234.3608
 20
-142.0613
 40
0.2435
  0
CIRCLE
  8
MIX
 10
-129.8284
 20
-56.5364
 40
0.8043
  0
CIRCLE
  8
MIX
 10
-7.5838
 20
-158.1075
 40
0.4278
  0
CIRCLE
  8
MIX
 10
-182.4920
 20
-179.3422
 40
0.4764
  0
CIRCLE
  8
MIX
 10
-246.4350
 20
-121.1209
 40
0.8078
  0
CIRCLE
  8
MIX
 10
133.8959
 20
-100.0834
 40
0.7356
  0
CIRCLE
  8
MIX
 10
288.0416
 20
51.3518
 40
0.2055
  0
CIRCLE
  8
MIX
 10
149.4739
 20
-83.9817
 40
0.2639
  0
CIRCLE
  8
MIX
 10
-217.8384
 20
6.2257
 40
0.8688
  0
CIRCLE
  8
MIX
 10
286.9333
 20
19.2175
 40
0.3600
  0
CIRCLE
  8
MIX
 10
193.5275
 20
-36.0220
 40
0.3679
  0
CIRCLE
  8
MIX
 10
-130.7065
 20
-110.6855
 40
0.8832
  0
CIRCLE
  8
MIX
 10
3.7335
 20
-193.4134
 40
0.9810
  0
CIRCLE
  8
MIX
 10
199.9213
 20
-135.8751
 40
0.7246
  0
CIRCLE
  8
MIX
 10
215.4441
 20
-159.5238
 40
0.8330
  0
CIRCLE
  8
MIX
 10
-168.7739
 20
81.5184
 40
0.4220
  0
CIRCLE
  8
MIX
 10
-19.2630
 20
96.2858
 40
0.6120
  0
CIRCLE
  8
MIX
 10
151.9985
 20
95.8527
 40
0.2404
  0
CIRCLE
  8
MIX
 10
-52.5333
 20
47.7607
 40
0.3238
  0
CIRCLE
  8
MIX
 10
288.6157
 20
-121.9891
 40
0.9315
  0
CIRCLE
  8
MIX
 10
291.3608
 20
-191.3483
 40
0.3816
  0
CIRCLE
  8
MIX
 10
28.5577
 20
-70.4045
 40
0.4534
  0
CIRCLE
  8
MIX
 10
-5.1381
 20
-119.5668
 40
0.8787
  0
CIRCLE
  8
MIX
 10
-127.8787
 20
-177.6009
 40
0.9649
  0
CIRCLE
  8
MIX
 10
120.6235
 20
-143.8309
 40
0.8803
  0
CIRCLE
  8
MIX
 10
-163.8728
 20
180.3094
 40
0.2596
  0
CIRCLE
  8
MIX
 10
-190.6945
 20
68.2184
 40
0.6116
  0
CIRCLE
  8
MIX
 10
98.0464
 20
88.5559
 40
0.1614
  0
CIRCLE
  8
MIX
 10
-120.8530
 20
-89.0675
 40
0.4296
  0
CIRCLE
  8
MIX
 10
-143.4311
 20
-179.0673
 40
0.1587
  0
CIRCLE
  8
MIX
 10
-140.0293
 20
-134.7068
 40
0.6766
  0
CIRCLE
  8
MIX
 10
11.4529
 20
-94.4301
 40
0.7067
  0
CIRCLE
  8
MIX
 10
18.0426
 20
-38.1631
 40
0.5239
  0
CIRCLE
  8
MIX
 10
237.7804
 20
-89.7629
 40
0.3174
  0
CIRCLE
  8
MIX
 10
-248.1779
 20
92.4493
 40
0.9599
  0
CIRCLE
  8
MIX
 10
83.7474
 20
-4.7066
 40
0.2781
  0
CIRCLE
  8
MIX
 10
-106.6515
 20
-18.0551
 40
0.9188
  0
CIRCLE
  8
MIX
 10
113.0882
 20
82.4933
 40
0.4367
  0
CIRCLE
  8
MIX
 10
127.0554
 20
-91.9760
 40
0.2541
  0
CIRCLE
  8
MIX
 10
-30.5714
 20
137.1748
 40
0.4089
  0
CIRCLE
  8
MIX
 10
238.4552
 20
-185.5332
 40
0.7530
  0
CIRCLE
  8
MIX
 10
176.5195
 20
-103.8571
 40
0.4950
  0
CIRCLE
  8
MIX
 10
-39.3819
 20
-151.4608
 40
0.9384
  0
CIRCLE
  8
MIX
 10
-198.3186
 20
160.0641
 40
0.2271
  0
CIRCLE
  8
MIX
 10
117.9570
 20
20.7917
 40
0.4195
  0
CIRCLE
  8
MIX
 10
-43.8584
 20
-16.3404
 40
0.1608
  0
CIRCLE
  8
MIX
 10
35.7512
 20
84.9836
 40
0.7692
  0
CIRCLE
  8
MIX
 10
251.5066
 20
-14.3215
 40
0.3533
  0
CIRCLE
  8
MIX
 10
181.3664
 20
-50.9931
 40
0.1743
  0
CIRCLE
  8
MIX
 10
202.6537
 20
89.7903
 40
0.1957
  0
CIRCLE
  8
MIX
 10
80.4858
 20
-194.3215
 40
0.7047
  0
CIRCLE
  8
MIX
 10
-179.9267
 20
3.4156
 40
0.5147
  0
CIRCLE
  8
MIX
 10
140.1296
 20
6.3428
 40
0.3978
  0
CIRCLE
  8
MIX
 10
-134.5785
 20
-139.6372
 40
0.2440
  0
CIRCLE
  8
MIX
 10
-238.9634
 20
-68.3383
 40
0.3175
  0
CIRCLE
  8
MIX
 10
-71.0189
 20
131.2020
 40
0.3582
  0
CIRCLE
  8
MIX
 10
-73.6198
 20
103.9810
 40
0.3458
  0
CIRCLE
  8
MIX
 10
-156.8607
 20
-141.1532
 40
0.5779
  0
CIRCLE
  8
MIX
 10
-136.9747
 20
-134.4704
 40
0.3703
  0
CIRCLE
  8
MIX
 10
-241.8794
 20
12.0640
 40
0.6208
  0
CIRCLE
  8
MIX
 10
126.8684
 20
87.6643
 40
0.3061
  0
CIRCLE
  8
MIX
 10
31.3099
 20
92.8569
 40
0.4944
  0
CIRCLE
  8
MIX
 10
286.4753
 20
-160.3273
 40
0.2569
  0
CIRCLE
  8
MIX
 10
245.8183
 20
-128.8910
 40
0.5390
  0
CIRCLE
  8
MIX
 10
-59.4958
 20
-27.4571
 40
0.6000
  0
CIRCLE
  8
MIX
 10
83.7275
 20
157.7835
 40
0.9334
  0
CIRCLE
  8
MIX
 10
35.5119
 20
-45.1558
 40
0.5350
  0
CIRCLE
  8
MIX
 10
-209.0451
 20
192.6043
 40
0.5567
  0
CIRCLE
  8
MIX
 10
52.9502
 20
-54.3013
 40
0.6402
  0
CIRCLE
  8
MIX
 10
-149.8479
 20
-160.2584
 40
0.6143
  0
CIRCLE
  8
MIX
 10
-41.2917
 20
64.9972
 40
0.8020
  0
CIRCLE
  8
MIX
 10
-108.2573
 20
131.8413
 40
0.2624
  0
CIRCLE
  8
MIX
 10
-173.2959
 20
-95.2189
 40
0.8372
  0
CIRCLE
  8
MIX
 10
-122.6368
 20
-4.9777
 40
0.9082
  0
CIRCLE
  8
MIX
 10
-148.9871
 20
179.3299
 40
0.5905
  0
CIRCLE
  8
MIX
 10
-279.1477
 20
-158.5283
 40
0.6156
  0
CIRCLE
  8
MIX
 10
-259.8940
 20
56.1945
 40
0.3665
  0
CIRCLE
  8
MIX
 10
-294.2203
 20
-181.7638
 40
0.2440
  0
CIRCLE
  8
MIX
 10
113.1963
 20
77.4744
 40
0.3362
  0
CIRCLE
  8
MIX
 10
231.5727
 20
-2.9949
 40
0.3938
  0
CIRCLE
  8
MIX
 10
243.7088
 20
1.2738
 40
0.3858
  0
CIRCLE
  8
MIX
 10
248.8335
 20
66.3355
 40
0.9175
  0
CIRCLE
  8
MIX
 10
169.7553
 20
148.7681
 40
0.7421
  0
CIRCLE
  8
MIX
 10
-255.3050
 20
191.1526
 40
0.1678
  0
CIRCLE
  8
MIX
 10
-292.5492
 20
173.8857
 40
0.6172
  0
CIRCLE
  8
MIX
 10
-272.7154
 20
160.7028
 40
0.5981
  0
CIRCLE
  8
MIX
 10
-288.7884
 20
-188.4556
 40
0.9938
  0
CIRCLE
  8
MIX
 10
-159.1935
 20
11.7070
 40
0.3396
  0
CIRCLE
  8
MIX
 10
-262.9353
 20
-62.1067
 40
0.5823
  0
CIRCLE
  8
MIX
 10
65.6656
 20
-95.5067
 40
0.7549
  0
CIRCLE
  8
MIX
 10
271.7424
 20
-186.6193
 40
0.9497
  0
CIRCLE
  8
MIX
 10
-32.3184
 20
182.6450
 40
0.5987
  0
CIRCLE
  8
MIX
 10
-116.8364
 20
107.9216
 40
0.2050
  0
CIRCLE
  8
MIX
 10
243.0419
 20
-22.5805
 40
0.8965
  0
CIRCLE
  8
MIX
 10
228.0806
 20
88.2405
 40
0.9598
  0
CIRCLE
  8
MIX
 10
177.4584
 20
173.1395
 40
0.9319
  0
CIRCLE
  8
MIX
 10
51.4403
 20
-88.1392
 40
0.8705
  0
CIRCLE
  8
MIX
 10
-4.7240
 20
-144.8371
 40
0.6448
  0
CIRCLE
  8
MIX
 10
200.6216
 20
-138.5523
 40
0.1876
  0
CIRCLE
  8
MIX
 10
-156.7119
 20
184.1700
 40
0.4914
  0
CIRCLE
  8
MIX
 10
-282.5834
 20
58.5463
 40
0.8056
  0
CIRCLE
  8
MIX
 10
-199.0163
 20
185.6043
 40
0.6387
  0
CIRCLE
  8
MIX
 10
142.6757
 20
-131.5691
 40
0.6890
  0
CIRCLE
  8
MIX
 10
-29.8557
 20
17.4175
 40
0.4079
  0
CIRCLE
  8
MIX
 10
-135.8185
 20
-20.9490
 40
0.3181
  0
CIRCLE
  8
MIX
 10
-101.6316
 20
79.0564
 40
0.4882
  0
CIRCLE
  8
MIX
 10
-211.1988
 20
118.1739
 40
0.2724
  0
CIRCLE
  8
MIX
 10
-100.5205
 20
6.1327
 40
0.9025
  0
CIRCLE
  8
MIX
 10
286.5550
 20
125.0289
 40
0.5600
  0
CIRCLE
  8
MIX
 10
195.1224
 20
-145.3115
 40
0.9222
  0
CIRCLE
  8
MIX
 10
268.1579
 20
87.3114
 40
0.9435
  0
CIRCLE
  8
MIX
 10
152.4180
 20
22.6638
 40
0.4830
  0
CIRCLE
  8
MIX
 10
-49.8845
 20
122.5469
 40
0.3036
  0
CIRCLE
  8
MIX
 10
278.5822
 20
90.3298
 40
0.7035
  0
CIRCLE
  8
MIX
 10
263.8175
 20
-154.1936
 40
0.6603
  0
CIRCLE
  8
MIX
 10
-148.8301
 20
182.3326
 40
0.3318
  0
CIRCLE
  8
MIX
 10
128.5271
 20
154.8426
 40
0.7444
  0
CIRCLE
  8
MIX
 10
208.3243
 20
107.8396
 40
0.5538
  0
CIRCLE
  8
MIX
 10
-136.0316
 20
30.1472
 40
0.2995
  0
CIRCLE
  8
MIX
 10
-126.6432
 20
38.3451
 40
0.4168
  0
CIRCLE
  8
MIX
 10
-282.3938
 20
-117.5555
 40
0.7204
  0
CIRCLE
  8
MIX
 10
118.3912
 20
1.2308
 40
0.4098
  0
CIRCLE
  8
MIX
 10
175.9524
 20
-54.9983
 40
0.3629
  0
CIRCLE
  8
MIX
 10
178.9339
 20
-112.5747
 40
0.6358
  0
CIRCLE
  8
MIX
 10
149.5634
 20
-65.9054
 40
0.8601
  0
CIRCLE
  8
MIX
 10
-98.6674
 20
-20.2647
 40
0.5560
  0
CIRCLE
  8
MIX
 10
49.0713
 20
-100.7344
 40
0.6221
  0
CIRCLE
  8
MIX
 10
104.3979
 20
-189.1417
 40
0.3239
  0
CIRCLE
  8
MIX
 10
-134.1416
 20
-113.0927
 40
0.7511
  0
CIRCLE
  8
MIX
 10
-48.7483
 20
-37.0021
 40
0.6045
  0
CIRCLE
  8
MIX
 10
-192.8999
 20
37.4431
 40
0.1818
  0
CIRCLE
  8
MIX
 10
93.9675
 20
70.6327
 40
0.9351
  0
CIRCLE
  8
MIX
 10
-97.8934
 20
109.2060
 40
0.8408
  0
CIRCLE
  8
MIX
 10
108.0414
 20
-169.4131
 40
0.9161
  0
CIRCLE
  8
MIX
 10
-233.5546
 20
-177.7026
 40
0.9596
  0
CIRCLE
  8
MIX
 10
92.4238
 20
45.3660
 40
0.9779
  0
CIRCLE
  8
MIX
 10
-46.5273
 20
-175.5287
 40
0.8096
  0
CIRCLE
  8
MIX
 10
140.0012
 20
143.0084
 40
0.4348
  0
CIRCLE
  8
MIX
 10
-99.1151
 20
179.7074
 40
0.1619
  0
CIRCLE
  8
MIX
 10
149.2988
 20
105.7046
 40
0.7651
  0
CIRCLE
  8
MIX
 10
-16.0087
 20
-60.1588
 40
0.1801
  0
CIRCLE
  8
MIX
 10
87.0188
 20
-163.5878
 40
0.6291
  0
CIRCLE
  8
MIX
 10
228.8269
 20
-18.3301
 40
0.2557
  0
CIRCLE
  8
MIX
 10
229.0986
 20
103.8826
 40
0.9591
  0
CIRCLE
  8
MIX
 10
-271.7500
 20
-122.4008
 40
0.5521
  0
CIRCLE
  8
MIX
 10
261.5068
 20
68.1768
 40
0.1624
  0
CIRCLE
  8
MIX
 10
24.0276
 20
188.3827
 40
0.7633
  0
CIRCLE
  8
MIX
 10
57.2494
 20
47.1291
 40
0.5710
  0
CIRCLE
  8
MIX
 10
-61.1264
 20
73.0878
 40
0.7764
  0
CIRCLE
  8
MIX
 10
-180.7197
 20
185.5598
 40
0.1852
  0
CIRCLE
  8
MIX
 10
145.7010
 20
-84.6514
 40
0.3816
  0
CIRCLE
  8
MIX
 10
126.4538
 20
139.6102
 40
0.4964
  0
CIRCLE
  8
MIX
 10
88.2465
 20
157.4857
 40
0.6073
  0
CIRCLE
  8
MIX
 10
187.5635
 20
64.6036
 40
0.6226
  0
CIRCLE
  8
MIX
 10
98.9633
 20
86.4350
 40
0.9525
  0
CIRCLE
  8
MIX
 10
-26.8553
 20
-87.4062
 40
0.3960
  0
CIRCLE
  8
MIX
 10
-82.0891
 20
-191.1141
 40
0.7476
  0
CIRCLE
  8
MIX
 10
-127.6875
 20
-138.5184
 40
0.5498
  0
CIRCLE
  8
MIX
 10
21.5445
 20
108.8295
 40
0.9857
  0
CIRCLE
  8
MIX
 10
158.7243
 20
-132.4753
 40
0.9525
  0
CIRCLE
  8
MIX
 10
134.0782
 20
90.1117
 40
0.3749
  0
CIRCLE
  8
MIX
 10
-87.9574
 20
113.4735
 40
0.8768
  0
CIRCLE
  8
MIX
 10
-202.2914
 20
110.8259
 40
0.8615
  0
CIRCLE
  8
MIX
 10
-64.7244
 20
-108.3031
 40
0.1637
  0
CIRCLE
  8
MIX
 10
202.6915
 20
166.7085
 40
0.4637
  0
CIRCLE
  8
MIX
 10
10.3463
 20
-138.2429
 40
0.3384
  0
CIRCLE
  8
MIX
 10
185.3177
 20
28.3813
 40
0.6128
  0
CIRCLE
  8
MIX
 10
-19.5657
 20
-178.7884
 40
0.8027
  0
CIRCLE
  8
MIX
 10
-247.5244
 20
93.5492
 40
0.3926
  0
CIRCLE
  8
MIX
 10
-105.7095
 20
23.2038
 40
0.8585
  0
CIRCLE
  8
MIX
 10
-73.0218
 20
-108.6207
 40
0.5165
  0
CIRCLE
  8
MIX
 10
-178.8914
 20
-79.0923
 40
0.7041
  0
CIRCLE
  8
MIX
 10
-230.5859
 20
-116.5096
 40
0.3990
  0
CIRCLE
  8
MIX
 10
90.8804
 20
-66.6339
 40
0.5347
  0
CIRCLE
  8
MIX
 10
221.2068
 20
5.5377
 40
0.6917
  0
CIRCLE
  8
MIX
 10
-79.2668
 20
25.9520
 40
0.8585
  0
CIRCLE
  8
MIX
 10
61.0883
 20
86.5161
 40
0.7730
  0
CIRCLE
  8
MIX
 10
148.7768
 20
137.8429
 40
0.5137
  0
CIRCLE
  8
MIX
 10
-95.4472
 20
-79.1010
 40
0.5849
  0
CIRCLE
  8
MIX
 10
-180.2526
 20
184.7778
 40
0.4233
  0
CIRCLE
  8
MIX
 10
-205.6821
 20
-57.1916
 40
0.1522
  0
CIRCLE
  8
MIX
 10
-292.5451
 20
134.2126
 40
0.6023
  0
CIRCLE
  8
MIX
 10
-199.3839
 20
-47.1607
 40
0.4914
  0
CIRCLE
  8
MIX
 10
-56.0183
 20
-11.9418
 40
0.8832
  0
CIRCLE
  8
MIX
 10
-55.4603
 20
-101.8196
 40
0.8079
  0
CIRCLE
  8
MIX
 10
-149.0074
 20
-148.2812
 40
0.5345
  0
CIRCLE
  8
MIX
 10
176.8959
 20
-143.4643
 40
0.8908
  0
CIRCLE
  8
MIX
 10
240.6436
 20
-186.5979
 40
0.3668
  0
CIRCLE
  8
MIX
 10
-289.6380
 20
-134.6892
 40
0.3360
  0
CIRCLE
  8
MIX
 10
118.6744
 20
-189.1018
 40
0.4405
  0
CIRCLE
  8
MIX
 10
-264.5900
 20
-19.1738
 40
0.8969
  0
CIRCLE
  8
MIX
 10
-283.4125
 20
0.4604
 40
0.3533
  0
CIRCLE
  8
MIX
 10
-108.2679
 20
19.2156
 40
0.5920
  0
CIRCLE
  8
MIX
 10
-180.4004
 20
170.3373
 40
0.4367
  0
CIRCLE
  8
MIX
 10
138.0207
 20
-107.5958
 40
0.9502
  0
CIRCLE
  8
MIX
 10
68.5576
 20
16.1297
 40
0.6769
  0
CIRCLE
  8
MIX
 10
-24.8448
 20
190.3971
 40
0.5346
  0
CIRCLE
  8
MIX
 10
203.4818
 20
-157.2546
 40
0.5337
  0
CIRCLE
  8
MIX
 10
-287.5947
 20
186.2798
 40
0.8526
  0
CIRCLE
  8
MIX
 10
-219.9087
 20
-135.4582
 40
0.8117
  0
CIRCLE
  8
MIX
 10
154.4008
 20
-35.8953
 40
0.4155
  0
CIRCLE
  8
MIX
 10
204.8277
 20
177.5310
 40
0.7810
  0
CIRCLE
  8
MIX
 10
-190.3918
 20
133.4506
 40
0.8235
  0
CIRCLE
  8
MIX
 10
164.7696
 20
-48.4753
 40
0.3438
  0
CIRCLE
  8
MIX
 10
-249.8645
 20
-160.8522
 40
0.9813
  0
CIRCLE
  8
MIX
 10
12.6815
 20
-37.9291
 40
0.2946
  0
CIRCLE
  8
MIX
 10
-210.8866
 20
1.7151
 40
0.9252
  0
CIRCLE
  8
MIX
 10
290.5030
 20
98.2250
 40
0.4661
  0
CIRCLE
  8
MIX
 10
-283.0810
 20
94.6955
 40
0.4751
  0
CIRCLE
  8
MIX
 10
-126.8760
 20
-111.1431
 40
0.1881
  0
CIRCLE
  8
MIX
 10
-27.6266
 20
-79.4306
 40
0.5884
  0
CIRCLE
  8
MIX
 10
-95.4596
 20
153.5771
 40
0.2500
  0
CIRCLE
  8
MIX
 10
111.0002
 20
58.5039
 40
0.3031
  0
CIRCLE
  8
MIX
 10
116.7128
 20
120.7096
 40
0.5511
  0
CIRCLE
  8
MIX
 10
-249.2674
 20
-163.8770
 40
0.3852
  0
CIRCLE
  8
MIX
 10
273.8874
 20
170.3080
 40
0.5805
  0
CIRCLE
  8
MIX
 10
207.3526
 20
-114.9952
 40
0.9039
  0
CIRCLE
  8
MIX
 10
-151.9488
 20
131.2457
 40
0.7475
  0
CIRCLE
  8
MIX
 10
158.6831
 20
-163.0289
 40
0.9800
  0
CIRCLE
  8
MIX
 10
230.8226
 20
-135.8358
 40
0.1591
  0
CIRCLE
  8
MIX
 10
-190.6150
 20
126.6967
 40
0.3857
  0
CIRCLE
  8
MIX
 10
289.6737
 20
52.7872
 40
0.8268
  0
CIRCLE
  8
MIX
 10
-131.6102
 20
-63.0376
 40
0.5569
  0
CIRCLE
  8
MIX
 10
-241.8002
 20
1.0497
 40
0.7104
  0
CIRCLE
  8
MIX
 10
-0.2351
 20
37.2732
 40
0.4199
  0
CIRCLE
  8
MIX
 10
187.4357
 20
-161.1006
 40
0.5702
  0
CIRCLE
  8
MIX
 10
-183.5772
 20
155.7986
 40
0.9511
  0
CIRCLE
  8
MIX
 10
144.2214
 20
-28.2392
 40
0.6977
  0
CIRCLE
  8
MIX
 10
105.7942
 20
29.9275
 40
0.5058
  0
CIRCLE
  8
MIX
 10
-110.4061
 20
153.7446
 40
0.7659
  0
CIRCLE
  8
MIX
 10
108.6335
 20
-16.5974
 40
0.8375
  0
CIRCLE
  8
MIX
 10
61.3729
 20
49.0064
 40
0.6321
  0
CIRCLE
  8
MIX
 10
-252.2288
 20
-130.7299
 40
0.3938
  0
CIRCLE
  8
MIX
 10
-263.2336
 20
125.4406
 40
0.6846
  0
CIRCLE
  8
MIX
 10
284.1141
 20
18.9951
 40
0.6498
  0
CIRCLE
  8
MIX
 10
199.2053
 20
-143.5992
 40
0.9818
  0
CIRCLE
  8
MIX
 10
-206.2199
 20
-29.7027
 40
0.2835
  0
CIRCLE
  8
MIX
 10
-65.0415
 20
165.6103
 40
0.6005
  0
CIRCLE
  8
MIX
 10
154.1752
 20
190.8149
 40
0.9848
  0
CIRCLE
  8
MIX
 10
-124.3483
 20
-15.8828
 40
0.4653
  0
CIRCLE
  8
MIX
 10
-120.6568
 20
112.8480
 40
0.7344
  0
CIRCLE
  8
MIX
 10
-61.1570
 20
-77.6898
 40
0.7769
  0
CIRCLE
  8
MIX
 10
-92.7183
 20
77.4211
 40
0.4669
  0
CIRCLE
  8
MIX
 10
26.5674
 20
-159.1121
 40
0.3859
  0
CIRCLE
  8
MIX
 10
-114.6269
 20
-175.0137
 40
0.4026
  0
CIRCLE
  8
MIX
 10
-202.5187
 20
-41.4751
 40
0.6635
  0
CIRCLE
  8
MIX
 10
235.8820
 20
26.5154
 40
0.3238
  0
CIRCLE
  8
MIX
 10
128.1800
 20
-152.9595
 40
0.6900
  0
CIRCLE
  8
MIX
 10
82.8643
 20
-186.2527
 40
0.3444
  0
CIRCLE
  8
MIX
 10
-280.3258
 20
-46.5838
 40
0.7745
  0
CIRCLE
  8
MIX
 10
-3.9294
 20
12.2213
 40
0.4019
  0
CIRCLE
  8
MIX
 10
-87.8636
 20
-111.7436
 40
0.2073
  0
CIRCLE
  8
MIX
 10
257.7605
 20
116.6839
 40
0.2495
  0
CIRCLE
  8
MIX
 10
-278.8717
 20
68.5135
 40
0.7935
  0
CIRCLE
  8
MIX
 10
-173.9812
 20
-3.2429
 40
0.6713
  0
CIRCLE
  8
MIX
 10
-82.1637
 20
184.7393
 40
0.3565
  0
CIRCLE
  8
MIX
 10
194.4340
 20
-187.3488
 40
0.4432
  0
CIRCLE
  8
MIX
 10
-259.3733
 20
-163.9677
 40
0.6243
  0
CIRCLE
  8
MIX
 10
-205.8865
 20
-92.5578
 40
0.5973
  0
CIRCLE
  8
MIX
 10
-58.2630
 20
5.4821
 40
0.9726
  0
CIRCLE
  8
MIX
 10
61.2172
 20
-184.7320
 40
0.9718
  0
CIRCLE
  8
MIX
 10
-272.6088
 20
41.5101
 40
0.4848
  0
CIRCLE
  8
MIX
 10
92.7402
 20
-125.0282
 40
0.2305
  0
CIRCLE
  8
MIX
 10
48.3195
 20
-7.6822
 40
0.2900
  0
CIRCLE
  8
MIX
 10
126.4222
 20
-62.5099
 40
0.5599
  0
CIRCLE
  8
MIX
 10
86.8231
 20
7.9457
 40
0.8129
  0
CIRCLE
  8
MIX
 10
-71.3522
 20
13.8991
 40
0.4919
  0
CIRCLE
  8
MIX
 10
252.4014
 20
13.4438
 40
0.4890
  0
CIRCLE
  8
MIX
 10
118.2849
 20
-59.2647
 40
0.3546
  0
CIRCLE
  8
MIX
 10
216.8107
 20
43.6303
 40
0.6299
  0
CIRCLE
  8
MIX
 10
85.8331
 20
1.2623
 40
0.5535
  0
CIRCLE
  8
MIX
 10
-2.5147
 20
-128.8933
 40
0.2379
  0
CIRCLE
  8
MIX
 10
17.2745
 20
46.9964
 40
0.7940
  0
CIRCLE
  8
MIX
 10
241.7905
 20
-99.1436
 40
0.2325
  0
CIRCLE
  8
MIX
 10
181.8826
 20
74.2931
 40
0.8432
  0
CIRCLE
  8
MIX
 10
29.8299
 20
-146.8665
 40
0.2891
  0
CIRCLE
  8
MIX
 10
234.2017
 20
97.3801
 40
0.7662
  0
CIRCLE
  8
MIX
 10
136.7501
 20
-112.3049
 40
0.9072
  0
CIRCLE
  8
MIX
 10
223.7085
 20
193.1451
 40
0.2226
  0
CIRCLE
  8
MIX
 10
122.9314
 20
-127.0005
 40
0.1618
  0
CIRCLE
  8
MIX
 10
12.5666
 20
-144.4909
 40
0.9956
  0
CIRCLE
  8
MIX
 10
168.3592
 20
160.0249
 40
0.7395
  0
CIRCLE
  8
MIX
 10
-156.3835
 20
159.5787
 40
0.9678
  0
CIRCLE
  8
MIX
 10
-27.8980
 20
38.1177
 40
0.9191
  0
CIRCLE
  8
MIX
 10
268.5819
 20
29.2249
 40
0.4224
  0
CIRCLE
  8
MIX
 10
-204.5815
 20
156.0042
 40
0.4610
  0
CIRCLE
  8
MIX
 10
101.6440
 20
167.5418
 40
0.7506
  0
CIRCLE
  8
MIX
 10
253.8342
 20
-168.9613
 40
0.5726
  0
CIRCLE
  8
MIX
 10
267.3090
 20
-120.9711
 40
0.2636
  0
CIRCLE
  8
MIX
 10
135.8107
 20
-59.8290
 40
0.5567
  0
CIRCLE
  8
MIX
 10
55.1041
 20
-103.4193
 40
0.5512
  0
CIRCLE
  8
MIX
 10
-40.3627
 20
-86.7516
 40
0.5214
  0
CIRCLE
  8
MIX
 10
248.3458
 20
-43.3006
 40
0.2694
  0
CIRCLE
  8
MIX
 10
62.1446
 20
-40.6402
 40
0.1762
  0
CIRCLE
  8
MIX
 10
61.2756
 20
-85.9779
 40
0.8997
  0
CIRCLE
  8
MIX
 10
-20.9657
 20
-163.7491
 40
0.2098
  0
CIRCLE
  8
MIX
 10
-10.4983
 20
-7.4779
 40
0.1638
  0
CIRCLE
  8
MIX
 10
-116.7235
 20
-192.3778
 40
0.3201
  0
CIRCLE
  8
MIX
 10
-115.8264
 20
-13.1387
 40
0.9262
  0
CIRCLE
  8
MIX
 10
191.4064
 20
-40.3761
 40
0.9601
  0
CIRCLE
  8
MIX
 10
111.8993
 20
84.5707
 40
0.9855
  0
CIRCLE
  8
MIX
 10
-276.1004
 20
-87.6608
 40
0.5965
  0
CIRCLE
  8
MIX
 10
31.3405
 20
19.2952
 40
0.6692
  0
CIRCLE
  8
MIX
 10
41.3725
 20
80.7338
 40
0.4142
  0
CIRCLE
  8
MIX
 10
244.9389
 20
-111.5238
 40
0.6144
  0
CIRCLE
  8
MIX
 10
69.3862
 20
108.7120
 40
0.5184
  0
CIRCLE
  8
MIX
 10
291.5938
 20
166.8375
 40
0.7197
  0
CIRCLE
  8
MIX
 10
-112.6082
 20
-44.2003
 40
0.2412
  0
CIRCLE
  8
MIX
 10
264.5637
 20
61.1224
 40
0.3018
  0
CIRCLE
  8
MIX
 10
-151.9286
 20
184.8193
 40
0.5862
  0
CIRCLE
  8
MIX
 10
-230.3315
 20
-7.0472
 40
0.5021
  0
CIRCLE
  8
MIX
 10
118.2759
 20
66.9912
 40
0.8946
  0
CIRCLE
  8
MIX
 10
-96.7364
 20
-123.2962
 40
0.3409
  0
CIRCLE
  8
MIX
 10
108.1663
 20
-125.5713
 40
0.5272
  0
CIRCLE
  8
MIX
 10
58.6915
 20
-150.8516
 40
0.3188
  0
CIRCLE
  8
MIX
 10
47.2990
 20
15.2496
 40
0.9758
  0
CIRCLE
  8
MIX
 10
-4.7451
 20
-51.4150
 40
0.8415
  0
CIRCLE
  8
MIX
 10
-188.5128
 20
-130.2508
 40
0.9859
  0
CIRCLE
  8
MIX
 10
-83.5750
 20
54.4605
 40
0.8101
  0
CIRCLE
  8
MIX
 10
68.5935
 20
-86.4806
 40
0.4881
  0
CIRCLE
  8
MIX
 10
65.2724
 20
75.3979
 40
0.2002
  0
CIRCLE
  8
MIX
 10
61.1885
 20
161.3132
 40
0.9364
  0
CIRCLE
  8
MIX
 10
196.2183
 20
-114.7279
 40
0.7052
  0
CIRCLE
  8
MIX
 10
235.5174
 20
-179.9234
 40
0.8874
  0
CIRCLE
  8
MIX
 10
244.4137
 20
-25.1850
 40
0.4274
  0
CIRCLE
  8
MIX
 10
-254.3125
 20
7.1740
 40
0.5120
  0
CIRCLE
  8
MIX
 10
-271.3974
 20
141.4006
 40
0.9675
  0
CIRCLE
  8
MIX
 10
-74.3173
 20
-143.3568
 40
0.3642
  0
CIRCLE
  8
MIX
 10
-138.5297
 20
-56.5640
 40
0.8725
  0
CIRCLE
  8
MIX
 10
95.9679
 20
128.6081
 40
0.6716
  0
CIRCLE
  8
MIX
 10
-275.5316
 20
-10.6071
 40
0.9086
  0
CIRCLE
  8
MIX
 10
12.3310
 20
-49.0263
 40
0.2129
  0
CIRCLE
  8
MIX
 10
103.1855
 20
-153.7752
 40
0.5594
  0
CIRCLE
  8
MIX
 10
-41.5505
 20
124.5082
 40
0.8997
  0
CIRCLE
  8
MIX
 10
-244.2367
 20
38.9639
 40
0.3243
  0
CIRCLE
  8
MIX
 10
-183.2555
 20
-101.3983
 40
0.3227
  0
CIRCLE
  8
MIX
 10
141.8750
 20
103.9354
 40
0.8729
  0
CIRCLE
  8
MIX
 10
-129.3881
 20
-108.3442
 40
0.8087
  0
CIRCLE
  8
MIX
 10
-65.3549
 20
13.5186
 40
0.8786
  0
CIRCLE
  8
MIX
 10
291.3795
 20
-146.5651
 40
0.4972
  0
CIRCLE
  8
MIX
 10
23.8492
 20
-38.0374
 40
0.7595
  0
CIRCLE
  8
MIX
 10
281.5600
 20
-6.9408
 40
0.8900
  0
CIRCLE
  8
MIX
 10
17.0312
 20
-149.3079
 40
0.3870
  0
CIRCLE
  8
MIX
 10
-191.5899
 20
-8.1159
 40
0.9353
  0
CIRCLE
  8
MIX
 10
-282.9280
 20
-170.9426
 40
0.8309
  0
CIRCLE
  8
MIX
 10
204.7181
 20
11.5469
 40
0.6334
  0
CIRCLE
  8
MIX
 10
21.4785
 20
3.8479
 40
0.4259
  0
CIRCLE
  8
MIX
 10
-96.6305
 20
-149.7839
 40
0.7320
  0
CIRCLE
  8
MIX
 10
-58.5023
 20
-150.6583
 40
0.8860
  0
CIRCLE
  8
MIX
 10
-65.1602
 20
-29.1994
 40
0.3106
  0
CIRCLE
  8
MIX
 10
169.3342
 20
30.4699
 40
0.5195
  0
CIRCLE
  8
MIX
 10
268.5766
 20
-20.1841
 40
0.4809
  0
CIRCLE
  8
MIX
 10
80.5191
 20
-63.9376
 40
0.4389
  0
CIRCLE
  8
MIX
 10
-43.4768
 20
-38.9812
 40
0.3931
  0
CIRCLE
  8
MIX
 10
17.0924
 20
-181.6130
 40
0.1813
  0
CIRCLE
  8
MIX
 10
-243.9650
 20
180.0464
 40
0.1875
  0
CIRCLE
  8
MIX
 10
-23.0325
 20
60.5204
 40
0.3671
  0
CIRCLE
  8
MIX
 10
266.4161
 20
-68.6044
 40
0.6497
  0
CIRCLE
  8
MIX
 10
-103.1037
 20
-194.2329
 40
0.7613
  0
CIRCLE
  8
MIX
 10
-205.5073
 20
73.3946
 40
0.2745
  0
CIRCLE
  8
MIX
 10
-267.8991
 20
174.6140
 40
0.8202
  0
CIRCLE
  8
MIX
 10
-93.6988
 20
-143.3959
 40
0.5436
  0
CIRCLE
  8
MIX
 10
-183.8784
 20
-134.1824
 40
0.3248
  0
CIRCLE
  8
MIX
 10
-159.6514
 20
182.5885
 40
0.2888
  0
CIRCLE
  8
MIX
 10
181.0178
 20
120.4317
 40
0.3018
  0
CIRCLE
  8
MIX
 10
-250.7532
 20
-100.5293
 40
0.4249
  0
CIRCLE
  8
MIX
 10
111.9799
 20
-157.8688
 40
0.7160
  0
CIRCLE
  8
MIX
 10
147.0949
 20
-85.6241
 40
0.5407
  0
CIRCLE
  8
MIX
 10
-67.0660
 20
75.3344
 40
0.4145
  0
CIRCLE
  8
MIX
 10
76.0120
 20
-2.9711
 40
0.8888
  0
CIRCLE
  8
MIX
 10
192.0791
 20
-154.3868
 40
0.4817
  0
CIRCLE
  8
MIX
 10
292.9821
 20
-30.3502
 40
0.4357
  0
CIRCLE
  8
MIX
 10
-90.2392
 20
-64.0372
 40
0.7813
  0
CIRCLE
  8
MIX
 10
113.8932
 20
52.1389
 40
0.6444
  0
CIRCLE
  8
MIX
 10
246.8780
 20
178.9288
 40
0.4570
  0
CIRCLE
  8
MIX
 10
-98.4065
 20
124.6095
 40
0.4296
  0
CIRCLE
  8
MIX
 10
61.4211
 20
139.6085
 40
0.5334
  0
CIRCLE
  8
MIX
 10
-74.8005
 20
157.8615
 40
0.4648
  0
CIRCLE
  8
MIX
 10
-95.0267
 20
169.4070
 40
0.7894
  0
CIRCLE
  8
MIX
 10
25.0182
 20
-97.3563
 40
0.5157
  0
CIRCLE
  8
MIX
 10
-218.6588
 20
-13.6148
 40
0.2276
  0
CIRCLE
  8
MIX
 10
17.5441
 20
86.7732
 40
0.8135
  0
CIRCLE
  8
MIX
 10
-102.8439
 20
66.3388
 40
0.9033
  0
CIRCLE
  8
MIX
 10
-175.6916
 20
101.6248
 40
0.4773
  0
CIRCLE
  8
MIX
 10
270.5562
 20
-139.3609
 40
0.1832
  0
CIRCLE
  8
MIX
 10
243.1405
 20
-187.5895
 40
0.7175
  0
CIRCLE
  8
MIX
 10
110.1751
 20
-176.3914
 40
0.7312
  0
CIRCLE
  8
MIX
 10
-3.0896
 20
-173.7001
 40
0.7617
  0
CIRCLE
  8
MIX
 10
-276.1342
 20
-94.9660
 40
0.1516
  0
CIRCLE
  8
MIX
 10
-150.7111
 20
-94.9700
 40
0.7830
  0
CIRCLE
  8
MIX
 10
96.1447
 20
93.5937
 40
0.2630
  0
CIRCLE
  8
MIX
 10
-84.2451
 20
-139.5326
 40
0.7105
  0
CIRCLE
  8
MIX
 10
236.4789
 20
-14.2491
 40
0.5581
  0
CIRCLE
  8
MIX
 10
247.2427
 20
58.8734
 40
0.9232
  0
CIRCLE
  8
MIX
 10
138.5350
 20
33.2717
 40
0.8401
  0
CIRCLE
  8
MIX
 10
-70.3050
 20
8.6260
 40
0.6527
  0
CIRCLE
  8
MIX
 10
194.5833
 20
132.2375
 40
0.8803
  0
CIRCLE
  8
MIX
 10
-28.3593
 20
53.1228
 40
0.7934
  0
CIRCLE
  8
MIX
 10
90.6814
 20
-21.5278
 40
0.9961
  0
CIRCLE
  8
MIX
 10
-80.0201
 20
71.7844
 40
0.3437
  0
CIRCLE
  8
MIX
 10
-101.7207
 20
49.9461
 40
0.5010
  0
CIRCLE
  8
MIX
 10
-82.3065
 20
-156.2646
 40
0.3047
  0
CIRCLE
  8
MIX
 10
-12.2493
 20
77.2107
 40
0.4705
  0
CIRCLE
  8
MIX
 10
252.4510
 20
-112.8820
 40
0.2585
  0
CIRCLE
  8
MIX
 10
80.3137
 20
9.4975
 40
0.1518
  0
CIRCLE
  8
MIX
 10
68.3107
 20
-31.6550
 40
0.5609
  0
CIRCLE
  8
MIX
 10
238.1030
 20
-181.9585
 40
0.9464
  0
CIRCLE
  8
MIX
 10
-239.8522
 20
-93.8391
 40
0.7711
  0
CIRCLE
  8
MIX
 10
-170.9475
 20
150.7082
 40
0.7833
  0
CIRCLE
  8
MIX
 10
-101.6418
 20
131.4170
 40
0.8891
  0
CIRCLE
  8
MIX
 10
84.9839
 20
74.3683
 40
0.9896
  0
CIRCLE
  8
MIX
 10
-153.9880
 20
81.2212
 40
0.6286
  0
CIRCLE
  8
MIX
 10
129.1286
 20
114.9182
 40
0.5298
  0
CIRCLE
  8
MIX
 10
188.2306
 20
-118.1557
 40
0.8089
  0
CIRCLE
  8
MIX
 10
-185.5121
 20
120.6490
 40
0.9408
  0
CIRCLE
  8
MIX
 10
-99.6237
 20
94.7055
 40
0.8022
  0
CIRCLE
  8
MIX
 10
58.2037
 20
-55.9428
 40
0.2036
  0
CIRCLE
  8
MIX
 10
143.9285
 20
30.1732
 40
0.9111
  0
CIRCLE
  8
MIX
 10
90.7275
 20
-178.5675
 40
0.7862
  0
CIRCLE
  8
MIX
 10
202.9263
 20
-128.9583
 40
0.6738
  0
CIRCLE
  8
MIX
 10
113.2802
 20
-130.1135
 40
0.9865
  0
CIRCLE
  8
MIX
 10
-54.1733
 20
137.6451
 40
0.4415
  0
CIRCLE
  8
MIX
 10
-235.8521
 20
-160.8349
 40
0.8091
  0
CIRCLE
  8
MIX
 10
-136.1777
 20
-104.1135
 40
0.2902
  0
CIRCLE
  8
MIX
 10
-294.9977
 20
-68.1458
 40
0.5050
  0
CIRCLE
  8
MIX
 10
263.3211
 20
84.2418
 40
0.8587
  0
CIRCLE
  8
MIX
 10
283.9230
 20
-78.2961
 40
0.7995
  0
CIRCLE
  8
MIX
 10
73.6686
 20
-107.6936
 40
0.7427
  0
CIRCLE
  8
MIX
 10
-246.6185
 20
167.0014
 40
0.7046
  0
CIRCLE
  8
MIX
 10
7.5429
 20
-122.0772
 40
0.4126
  0
CIRCLE
  8
MIX
 10
-229.6291
 20
-184.5250
 40
0.8213
  0
CIRCLE
  8
MIX
 10
217.0182
 20
58.6178
 40
0.2556
  0
CIRCLE
  8
MIX
 10
-216.6130
 20
-29.6439
 40
0.5616
  0
CIRCLE
  8
MIX
 10
-210.6742
 20
-137.7586
 40
0.9136
  0
CIRCLE
  8
MIX
 10
218.3275
 20
135.2129
 40
0.1663
  0
CIRCLE
  8
MIX
 10
69.1002
 20
-92.4249
 40
0.9910
  0
CIRCLE
  8
MIX
 10
-136.1644
 20
99.2537
 40
0.6474
  0
CIRCLE
  8
MIX
 10
-35.3853
 20
164.5267
 40
0.6871
  0
CIRCLE
  8
MIX
 10
267.4127
 20
-63.7791
 40
0.8941
  0
CIRCLE
  8
MIX
 10
-239.5427
 20
81.5946
 40
0.3524
  0
CIRCLE
  8
MIX
 10
-261.9795
 20
70.0200
 40
0.2329
  0
CIRCLE
  8
MIX
 10
144.5042
 20
-18.1798
 40
0.8349
  0
CIRCLE
  8
MIX
 10
-39.8691
 20
20.0867
 40
0.6863
  0
CIRCLE
  8
MIX
 10
109.1806
 20
-156.2998
 40
0.4955
  0
CIRCLE
  8
MIX
 10
179.5157
 20
-119.5443
 40
0.3485
  0
CIRCLE
  8
MIX
 10
262.0921
 20
-163.2465
 40
0.4970
  0
CIRCLE
  8
MIX
 10
-46.2608
 20
139.7943
 40
0.9659
  0
CIRCLE
  8
MIX
 10
-274.5698
 20
-91.1202
 40
0.4786
  0
CIRCLE
  8
MIX
 10
101.5938
 20
-23.4415
 40
0.2877
  0
CIRCLE
  8
MIX
 10
43.3381
 20
-9.4453
 40
0.5866
  0
CIRCLE
  8
MIX
 10
-223.1765
 20
-84.8333
 40
0.5573
  0
CIRCLE
  8
MIX
 10
-252.0721
 20
-194.4613
 40
0.5108
  0
CIRCLE
  8
MIX
 10
-236.3054
 20
-183.0788
 40
0.9694
  0
CIRCLE
  8
MIX
 10
-75.8869
 20
95.3712
 40
0.1906
  0
CIRCLE
  8
MIX
 10
16.5189
 20
-185.4216
 40
0.8411
  0
CIRCLE
  8
MIX
 10
227.1105
 20
-178.2606
 40
0.5802
  0
CIRCLE
  8
MIX
 10
63.3815
 20
-126.7564
 40
0.9465
  0
CIRCLE
  8
MIX
 10
260.6278
 20
-96.9027
 40
0.8589
  0
CIRCLE
  8
MIX
 10
47.3124
 20
-76.1245
 40
0.3278
  0
CIRCLE
  8
MIX
 10
194.6302
 20
-154.0875
 40
0.8205
  0
CIRCLE
  8
MIX
 10
-2.7756
 20
10.3945
 40
0.1766
  0
CIRCLE
  8
MIX
 10
105.4275
 20
-127.1081
 40
0.4256
  0
CIRCLE
  8
MIX
 10
-272.6354
 20
-121.5604
 40
0.3528
  0
CIRCLE
  8
MIX
 10
183.8908
 20
86.7290
 40
0.3489
  0
CIRCLE
  8
MIX
 10
-20.9543
 20
-135.5378
 40
0.7425
  0
CIRCLE
  8
MIX
 10
66.1408
 20
-65.4243
 40
0.9334
  0
CIRCLE
  8
MIX
 10
213.2893
 20
19.3343
 40
0.6698
  0
CIRCLE
  8
MIX
 10
-228.6939
 20
-118.1805
 40
0.2320
  0
CIRCLE
  8
MIX
 10
118.9665
 20
12.2308
 40
0.9370
  0
CIRCLE
  8
MIX
 10
-100.8300
 20
-69.9045
 40
0.4064
  0
CIRCLE
  8
MIX
 10
-70.6738
 20
129.4705
 40
0.6938
  0
CIRCLE
  8
MIX
 10
112.9686
 20
-29.9708
 40
0.5142
  0
CIRCLE
  8
MIX
 10
-28.3084
 20
190.5201
 40
0.8015
  0
CIRCLE
  8
MIX
 10
75.5100
 20
-9.7593
 40
0.6915
  0
CIRCLE
  8
MIX
 10
-278.1525
 20
100.7298
 40
0.4692
  0
CIRCLE
  8
MIX
 10
-83.5840
 20
146.8946
 40
0.3649
  0
CIRCLE
  8
MIX
 10
67.4706
 20
-11.1746
 40
0.2318
  0
CIRCLE
  8
MIX
 10
-259.1161
 20
78.8033
 40
0.2641
  0
CIRCLE
  8
MIX
 10
255.1323
 20
57.9815
 40
0.9671
  0
CIRCLE
  8
MIX
 10
132.1824
 20
18.0318
 40
0.6284
  0
CIRCLE
  8
MIX
 10
-65.8286
 20
-166.3030
 40
0.9406
  0
CIRCLE
  8
MIX
 10
-282.6178
 20
81.3648
 40
0.8174
  0
CIRCLE
  8
MIX
 10
-220.6508
 20
0.9319
 40
0.3353
  0
CIRCLE
  8
MIX
 10
-95.1771
 20
-159.8793
 40
0.8332
  0
CIRCLE
  8
MIX
 10
3.9052
 20
-111.7062
 40
0.1902
  0
CIRCLE
  8
MIX
 10
18.7941
 20
60.9012
 40
0.7817
  0
CIRCLE
  8
MIX
 10
106.6828
 20
-0.2567
 40
0.1550
  0
CIRCLE
  8
MIX
 10
248.0974
 20
194.1759
 40
0.9954
  0
CIRCLE
  8
MIX
 10
-247.3606
 20
145.5514
 40
0.3356
  0
CIRCLE
  8
MIX
 10
-63.1834
 20
107.3907
 40
0.3440
  0
CIRCLE
  8
MIX
 10
16.5425
 20
-164.6399
 40
0.4794
  0
CIRCLE
  8
MIX
 10
-245.9969
 20
-179.2106
 40
0.2713
  0
CIRCLE
  8
MIX
 10
56.2366
 20
118.4008
 40
0.8407
  0
CIRCLE
  8
MIX
 10
200.3310
 20
183.6134
 40
0.4617
  0
CIRCLE
  8
MIX
 10
-144.2092
 20
-99.5210
 40
0.2565
  0
CIRCLE
  8
MIX
 10
-19.6586
 20
112.0336
 40
0.2445
  0
CIRCLE
  8
MIX
 10
-248.6434
 20
-154.5251
 40
0.2072
  0
CIRCLE
  8
MIX
 10
-75.0670
 20
174.3298
 40
0.8932
  0
CIRCLE
  8
MIX
 10
94.9286
 20
-87.8985
 40
0.6118
  0
CIRCLE
  8
MIX
 10
106.5077
 20
-10.2879
 40
0.6538
  0
CIRCLE
  8
MIX
 10
284.6591
 20
-164.2590
 40
0.8314
  0
CIRCLE
  8
MIX
 10
244.9039
 20
151.0255
 40
0.9881
  0
CIRCLE
  8
MIX
 10
-93.8249
 20
-18.3938
 40
0.3938
  0
CIRCLE
  8
MIX
 10
272.1912
 20
194.6458
 40
0.4457
  0
CIRCLE
  8
MIX
 10
178.7453
 20
110.4969
 40
0.8755
  0
CIRCLE
  8
MIX
 10
264.8108
 20
-110.5897
 40
0.6096
  0
CIRCLE
  8
MIX
 10
-235.6208
 20
-186.7225
 40
0.1574
  0
CIRCLE
  8
MIX
 10
268.6729
 20
-63.3190
 40
0.4587
  0
CIRCLE
  8
MIX
 10
278.2743
 20
-133.8325
 40
0.1700
  0
CIRCLE
  8
MIX
 10
172.9239
 20
-8.1418
 40
0.6823
  0
CIRCLE
  8
MIX
 10
-23.2981
 20
187.2294
 40
0.5877
  0
CIRCLE
  8
MIX
 10
17.4080
 20
-139.8915
 40
0.2214
  0
CIRCLE
  8
MIX
 10
-265.3061
 20
-133.6604
 40
0.8342
  0
CIRCLE
  8
MIX
 10
103.6367
 20
141.9762
 40
0.7380
  0
CIRCLE
  8
MIX
 10
-267.9965
 20
157.6611
 40
0.4906
  0
CIRCLE
  8
MIX
 10
-284.4185
 20
124.1798
 40
0.4750
  0
CIRCLE
  8
MIX
 10
153.0211
 20
116.4726
 40
0.7310
  0
CIRCLE
  8
MIX
 10
151.0782
 20
-36.5095
 40
0.6023
  0
CIRCLE
  8
MIX
 10
-214.1224
 20
-27.6180
 40
0.7514
  0
CIRCLE
  8
MIX
 10
183.3236
 20
143.4085
 40
0.4995
  0
CIRCLE
  8
MIX
 10
219.1116
 20
-0.2775
 40
0.3925
  0
CIRCLE
  8
MIX
 10
151.1037
 20
-39.3648
 40
0.1948
  0
CIRCLE
  8
MIX
 10
-197.7347
 20
24.5440
 40
0.6884
  0
CIRCLE
  8
MIX
 10
112.2733
 20
97.3449
 40
0.1537
  0
CIRCLE
  8
MIX
 10
0.8551
 20
57.3168
 40
0.2830
  0
CIRCLE
  8
MIX
 10
-86.1473
 20
-177.7665
 40
0.3359
  0
CIRCLE
  8
MIX
 10
-42.4095
 20
-7.4816
 40
0.8530
  0
CIRCLE
  8
MIX
 10
190.1763
 20
-165.4904
 40
0.8115
  0
CIRCLE
  8
MIX
 10
191.7331
 20
111.9171
 40
0.5364
  0
CIRCLE
  8
MIX
 10
294.0594
 20
146.6573
 40
0.2328
  0
CIRCLE
  8
MIX
 10
188.3506
 20
178.8541
 40
0.4024
  0
CIRCLE
  8
MIX
 10
181.2065
 20
-39.8238
 40
0.6519
  0
CIRCLE
  8
MIX
 10
150.1785
 20
-62.5914
 40
0.4339
  0
CIRCLE
  8
MIX
 10
-118.6940
 20
189.8535
 40
0.4877
  0
CIRCLE
  8
MIX
 10
198.1033
 20
-155.7435
 40
0.5473
  0
CIRCLE
  8
MIX
 10
116.6968
 20
-47.3119
 40
0.5846
  0
CIRCLE
  8
MIX
 10
63.1730
 20
-96.4484
 40
0.4089
  0
CIRCLE
  8
MIX
 10
87.4041
 20
33.6235
 40
0.5004
  0
CIRCLE
  8
MIX
 10
94.7842
 20
7.5224
 40
0.5000
  0
CIRCLE
  8
MIX
 10
-64.0316
 20
47.9981
 40
0.9720
  0
CIRCLE
  8
MIX
 10
-122.4801
 20
-1.0654
 40
0.4454
  0
CIRCLE
  8
MIX
 10
-156.9074
 20
166.3455
 40
0.8097
  0
CIRCLE
  8
MIX
 10
54.2950
 20
47.3697
 40
0.8258
  0
CIRCLE
  8
MIX
 10
-118.0557
 20
177.1190
 40
0.3264
  0
CIRCLE
  8
MIX
 10
-262.7690
 20
120.6654
 40
0.2079
  0
CIRCLE
  8
MIX
 10
-238.7603
 20
-146.6760
 40
0.9438
  0
CIRCLE
  8
MIX
 10
61.2975
 20
-132.9000
 40
0.6234
  0
CIRCLE
  8
MIX
 10
121.2364
 20
-33.8296
 40
0.7936
  0
CIRCLE
  8
MIX
 10
-119.5365
 20
34.2384
 40
0.7159
  0
CIRCLE
  8
MIX
 10
-71.2636
 20
158.9569
 40
0.7756
  0
CIRCLE
  8
MIX
 10
-106.8466
 20
78.0291
 40
0.8857
  0
CIRCLE
  8
MIX
 10
123.3921
 20
103.7121
 40
0.1541
  0
CIRCLE
  8
MIX
 10
14.4460
 20
-57.9858
 40
0.1544
  0
CIRCLE
  8
MIX
 10
-25.7319
 20
127.9064
 40
0.2032
  0
CIRCLE
  8
MIX
 10
-192.0549
 20
-127.3740
 40
0.4685
  0
CIRCLE
  8
MIX
 10
-191.0111
 20
115.0491
 40
0.6495
  0
CIRCLE
  8
MIX
 10
251.8293
 20
63.7512
 40
0.6321
  0
CIRCLE
  8
MIX
 10
-265.8459
 20
177.4605
 40
0.8993
  0
CIRCLE
  8
MIX
 10
-257.4830
 20
-136.7044
 40
0.4176
  0
CIRCLE
  8
MIX
 10
51.2640
 20
-131.8024
 40
0.7679
  0
CIRCLE
  8
MIX
 10
86.9013
 20
167.6244
 40
0.6280
  0
CIRCLE
  8
MIX
 10
-276.5608
 20
38.2747
 40
0.7032
  0
CIRCLE
  8
MIX
 10
-158.5275
 20
-192.2561
 40
0.5316
  0
CIRCLE
  8
MIX
 10
-179.0336
 20
-148.8023
 40
0.2955
  0
CIRCLE
  8
MIX
 10
-144.8975
 20
185.1708
 40
0.9897
  0
CIRCLE
  8
MIX
 10
-265.5714
 20
-164.3216
 40
0.5464
  0
CIRCLE
  8
MIX
 10
123.0674
 20
56.8623
 40
0.5119
  0
CIRCLE
  8
MIX
 10
-50.8803
 20
135.4622
 40
0.9170
  0
CIRCLE
  8
MIX
 10
-25.7209
 20
118.5977
 40
0.9223
  0
CIRCLE
  8
MIX
 10
79.8499
 20
-161.2627
 40
0.8864
  0
CIRCLE
  8
MIX
 10
-257.0670
 20
156.0693
 40
0.6254
  0
CIRCLE
  8
MIX
 10
177.3820
 20
84.8476
 40
0.3736
  0
CIRCLE
  8
MIX
 10
51.1132
 20
-16.1083
 40
0.7828
  0
CIRCLE
  8
MIX
 10
262.8327
 20
59.2550
 40
0.7402
  0
CIRCLE
  8
MIX
 10
151.5713
 20
-73.9536
 40
0.6339
  0
CIRCLE
  8
MIX
 10
60.6912
 20
-104.8648
 40
0.7101
  0
CIRCLE
  8
MIX
 10
231.1650
 20
-51.8339
 40
0.8681
  0
CIRCLE
  8
MIX
 10
180.8919
 20
-92.0944
 40
0.9410
  0
CIRCLE
  8
MIX
 10
216.5549
 20
-36.1933
 40
0.4134
  0
CIRCLE
  8
MIX
 10
-168.1171
 20
173.6098
 40
0.5697
  0
CIRCLE
  8
MIX
 10
-204.0336
 20
-155.3156
 40
0.2614
  0
CIRCLE
  8
MIX
 10
-173.8979
 20
-130.3192
 40
0.9109
  0
CIRCLE
  8
MIX
 10
-4.6270
 20
-129.9681
 40
0.1680
  0
CIRCLE
  8
MIX
 10
-7.0315
 20
-136.5760
 40
0.5697
  0
CIRCLE
  8
MIX
 10
105.6030
 20
173.9964
 40
0.2258
  0
CIRCLE
  8
MIX
 10
228.6510
 20
-54.1575
 40
0.7719
  0
CIRCLE
  8
MIX
 10
49.8587
 20
113.6172
 40
0.2633
  0
CIRCLE
  8
MIX
 10
-127.2390
 20
32.4349
 40
0.2143
  0
CIRCLE
  8
MIX
 10
-189.7787
 20
-125.3745
 40
0.9087
  0
CIRCLE
  8
MIX
 10
-164.0407
 20
-55.4344
 40
0.6389
  0
CIRCLE
  8
MIX
 10
8.1362
 20
-10.6391
 40
0.2803
  0
CIRCLE
  8
MIX
 10
-184.4643
 20
181.2005
 40
0.9297
  0
CIRCLE
  8
MIX
 10
48.8999
 20
-8.2554
 40
0.9471
  0
CIRCLE
  8
MIX
 10
284.5546
 20
-122.5394
 40
0.4160
  0
CIRCLE
  8
MIX
 10
-214.9755
 20
-80.2648
 40
0.7191
  0
CIRCLE
  8
MIX
 10
160.4139
 20
49.8248
 40
0.4771
  0
CIRCLE
  8
MIX
 10
-110.6790
 20
-52.7229
 40
0.6364
  0
CIRCLE
  8
MIX
 10
-173.1135
 20
84.1620
 40
0.4415
  0
CIRCLE
  8
MIX
 10
86.8364
 20
166.6769
 40
1.0000
  0
CIRCLE
  8
MIX
 10
-93.8434
 20
-181.6631
 40
0.9773
  0
CIRCLE
  8
MIX
 10
-273.3198
 20
-170.1386
 40
0.4040
  0
CIRCLE
  8
MIX
 10
170.2708
 20
122.1709
 40
0.3508
  0
CIRCLE
  8
MIX
 10
-288.4912
 20
-85.6643
 40
0.5921
  0
CIRCLE
  8
MIX
 10
21.0558
 20
-19.7066
 40
0.5057
  0
CIRCLE
  8
MIX
 10
-24.7275
 20
88.1166
 40
0.3488
  0
CIRCLE
  8
MIX
 10
270.1497
 20
-55.8610
 40
0.7539
  0
CIRCLE
  8
MIX
 10
-159.9969
 20
98.7161
 40
0.3193
  0
CIRCLE
  8
MIX
 10
132.6111
 20
24.2913
 40
0.6880
  0
CIRCLE
  8
MIX
 10
-208.8092
 20
-44.3540
 40
0.2384
  0
CIRCLE
  8
MIX
 10
-115.1435
 20
59.7812
 40
0.8469
  0
CIRCLE
  8
MIX
 10
-150.0880
 20
-94.8482
 40
0.4700
  0
CIRCLE
  8
MIX
 10
46.6786
 20
-66.9226
 40
0.2577
  0
CIRCLE
  8
MIX
 10
269.5762
 20
31.2164
 40
0.6261
  0
CIRCLE
  8
MIX
 10
4.0715
 20
-85.3949
 40
0.8033
  0
CIRCLE
  8
MIX
 10
157.2118
 20
59.5499
 40
0.4131
  0
CIRCLE
  8
MIX
 10
140.7808
 20
124.9442
 40
0.2050
  0
CIRCLE
  8
MIX
 10
-255.1445
 20
-187.4488
 40
0.2285
  0
CIRCLE
  8
MIX
 10
-51.8438
 20
152.6442
 40
0.3648
  0
CIRCLE
  8
MIX
 10
157.0956
 20
104.3414
 40
0.5958
  0
CIRCLE
  8
MIX
 10
281.2627
 20
-52.9027
 40
0.6769
  0
CIRCLE
  8
MIX
 10
-202.5945
 20
-102.8265
 40
0.4258
  0
CIRCLE
  8
MIX
 10
80.5550
 20
-194.6179
 40
0.7774
  0
CIRCLE
  8
MIX
 10
279.8266
 20
55.0771
 40
0.5759
  0
CIRCLE
  8
MIX
 10
158.9850
 20
95.6840
 40
0.8116
  0
CIRCLE
  8
MIX
 10
155.0798
 20
38.7383
 40
0.9757
  0
CIRCLE
  8
MIX
 10
-99.5502
 20
-75.9435
 40
0.6440
  0
CIRCLE
  8
MIX
 10
-227.4510
 20
-131.3952
 40
0.7642
  0
CIRCLE
  8
MIX
 10
103.2379
 20
102.1685
 40
0.3627
  0
CIRCLE
  8
MIX
 10
-86.9633
 20
42.2894
 40
0.3537
  0
CIRCLE
  8
MIX
 10
-132.1431
 20
17.5284
 40
0.4860
  0
CIRCLE
  8
MIX
 10
-187.0080
 20
98.7664
 40
0.6787
  0
CIRCLE
  8
MIX
 10
-41.4332
 20
160.7432
 40
0.6987
  0
CIRCLE
  8
MIX
 10
-219.6944
 20
146.8812
 40
0.9593
  0
CIRCLE
  8
MIX
 10
268.3518
 20
-17.0935
 40
0.6377
  0
CIRCLE
  8
MIX
 10
26.0072
 20
-99.4483
 40
0.5380
  0
CIRCLE
  8
MIX
 10
-195.8055
 20
-3.5380
 40
0.6338
  0
CIRCLE
  8
MIX
 10
-233.4715
 20
78.9994
 40
0.3026
  0
CIRCLE
  8
MIX
 10
159.6114
 20
131.1121
 40
0.4665
  0
CIRCLE
  8
MIX
 10
-221.1251
 20
48.6477
 40
0.6942
  0
CIRCLE
  8
MIX
 10
100.7289
 20
148.7841
 40
0.8240
  0
CIRCLE
  8
MIX
 10
-2.6842
 20
55.2216
 40
0.7096
  0
CIRCLE
  8
MIX
 10
-263.0408
 20
-95.4267
 40
0.5398
  0
CIRCLE
  8
MIX
 10
-3.6824
 20
111.3184
 40
0.6326
  0
CIRCLE
  8
MIX
 10
-266.1561
 20
-69.7846
 40
0.2853
  0
CIRCLE
  8
MIX
 10
251.6517
 20
187.5527
 40
0.8107
  0
CIRCLE
  8
MIX
 10
-279.8971
 20
-20.7648
 40
0.4340
  0
CIRCLE
  8
MIX
 10
-238.8424
 20
175.5553
 40
0.5404
  0
CIRCLE
  8
MIX
 10
159.6194
 20
164.7350
 40
0.4671
  0
CIRCLE
  8
MIX
 10
9.7891
 20
9.8736
 40
0.5013
  0
CIRCLE
  8
MIX
 10
-81.7500
 20
158.0747
 40
0.6064
  0
CIRCLE
  8
MIX
 10
-38.4425
 20
164.4348
 40
0.3689
  0
CIRCLE
  8
MIX
 10
-38.7700
 20
-104.3058
 40
0.4397
  0
CIRCLE
  8
MIX
 10
-84.9309
 20
38.9417
 40
0.4884
  0
CIRCLE
  8
MIX
 10
15.7903
 20
88.3062
 40
0.1740
  0
CIRCLE
  8
MIX
 10
-9.2208
 20
122.6196
 40
0.2436
  0
CIRCLE
  8
MIX
 10
-178.3319
 20
-152.1240
 40
0.3267
  0
CIRCLE
  8
MIX
 10
-51.8953
 20
68.3782
 40
0.9135
  0
CIRCLE
  8
MIX
 10
15.7320
 20
-110.5339
 40
0.7208
  0
CIRCLE
  8
MIX
 10
-239.5991
 20
-29.0578
 40
0.5458
  0
CIRCLE
  8
MIX
 10
-137.8100
 20
-116.5980
 40
0.7918
  0
CIRCLE
  8
MIX
 10
-63.2351
 20
9.0823
 40
0.5634
  0
CIRCLE
  8
MIX
 10
-156.9204
 20
-75.4359
 40
0.3290
  0
CIRCLE
  8
MIX
 10
112.9280
 20
156.0090
 40
0.4199
  0
CIRCLE
  8
MIX
 10
-88.8278
 20
116.1748
 40
0.4124
  0
CIRCLE
  8
MIX
 10
60.3968
 20
-75.4919
 40
0.3105
  0
CIRCLE
  8
MIX
 10
265.3406
 20
-78.5116
 40
0.7023
  0
CIRCLE
  8
MIX
 10
-265.2638
 20
135.7598
 40
0.6809
  0
CIRCLE
  8
MIX
 10
-6.9350
 20
-55.4578
 40
0.8470
  0
CIRCLE
  8
MIX
 10
-108.2755
 20
4.2427
 40
0.3952
  0
CIRCLE
  8
MIX
 10
-87.6518
 20
186.8517
 40
0.5299
  0
CIRCLE
  8
MIX
 10
-54.7160
 20
26.9228
 40
0.5251
  0
CIRCLE
  8
MIX
 10
-197.8680
 20
-13.1271
 40
0.3803
  0
CIRCLE
  8
MIX
 10
124.8596
 20
-145.6777
 40
0.2899
  0
CIRCLE
  8
MIX
 10
-7.4119
 20
49.4669
 40
0.5087
  0
CIRCLE
  8
MIX
 10
123.5328
 20
15.3020
 40
0.8199
  0
CIRCLE
  8
MIX
 10
-239.3387
 20
9.7284
 40
0.2035
  0
CIRCLE
  8
MIX
 10
222.8644
 20
187.7239
 40
0.9584
  0
CIRCLE
  8
MIX
 10
278.2174
 20
175.6389
 40
0.8201
  0
CIRCLE
  8
MIX
 10
-132.4894
 20
124.8329
 40
0.8240
  0
CIRCLE
  8
MIX
 10
66.3375
 20
173.3214
 40
0.6117
  0
CIRCLE
  8
MIX
 10
263.3016
 20
53.4710
 40
0.4002
  0
CIRCLE
  8
MIX
 10
-274.0387
 20
-6.5403
 40
0.3325
  0
CIRCLE
  8
MIX
 10
87.9588
 20
16.3462
 40
0.2652
  0
CIRCLE
  8
MIX
 10
-261.5388
 20
-146.0543
 40
0.4283
  0
CIRCLE
  8
MIX
 10
215.2115
 20
97.7890
 40
0.9938
  0
CIRCLE
  8
MIX
 10
56.0768
 20
-11.7038
 40
0.4231
  0
CIRCLE
  8
MIX
 10
251.9973
 20
-148.0241
 40
0.4275
  0
CIRCLE
  8
MIX
 10
-262.2963
 20
-191.9330
 40
0.6363
  0
CIRCLE
  8
MIX
 10
205.9506
 20
-74.2500
 40
0.8269
  0
CIRCLE
  8
MIX
 10
286.5703
 20
106.6557
 40
0.5911
  0
CIRCLE
  8
MIX
 10
-92.2522
 20
-53.8508
 40
0.8728
  0
CIRCLE
  8
MIX
 10
-220.9159
 20
-12.2387
 40
0.8772
  0
CIRCLE
  8
MIX
 10
-268.6670
 20
56.8427
 40
0.2796
  0
CIRCLE
  8
MIX
 10
14.8568
 20
130.6183
 40
0.6556
  0
CIRCLE
  8
MIX
 10
-64.1488
 20
-150.9042
 40
0.7500
  0
CIRCLE
  8
MIX
 10
-7.1431
 20
-57.8122
 40
0.8484
  0
CIRCLE
  8
MIX
 10
-42.4917
 20
52.9057
 40
0.2974
  0
CIRCLE
  8
MIX
 10
34.0472
 20
-109.9765
 40
0.9608
  0
CIRCLE
  8
MIX
 10
-141.1835
 20
43.8148
 40
0.4681
  0
CIRCLE
  8
MIX
 10
2.9971
 20
-35.2143
 40
0.3577
  0
CIRCLE
  8
MIX
 10
-11.9838
 20
191.8617
 40
0.6701
  0
CIRCLE
  8
MIX
 10
-213.9471
 20
104.5974
 40
0.9320
  0
CIRCLE
  8
MIX
 10
224.1400
 20
-117.5644
 40
0.7836
  0
CIRCLE
  8
MIX
 10
87.9703
 20
170.8794
 40
0.7176
  0
CIRCLE
  8
MIX
 10
94.4548
 20
-174.3103
 40
0.2544
  0
CIRCLE
  8
MIX
 10
-291.3060
 20
163.2097
 40
0.1536
  0
CIRCLE
  8
MIX
 10
-97.8686
 20
12.9109
 40
0.1805
  0
CIRCLE
  8
MIX
 10
-56.5239
 20
-44.6165
 40
0.3869
  0
CIRCLE
  8
MIX
 10
-165.8020
 20
186.0734
 40
0.6541
  0
CIRCLE
  8
MIX
 10
-281.0015
 20
-127.5535
 40
0.6144
  0
CIRCLE
  8
MIX
 10
264.3837
 20
191.9798
 40
0.3427
  0
CIRCLE
  8
MIX
 10
-288.1495
 20
85.2908
 40
0.2929
  0
CIRCLE
  8
MIX
 10
-76.3964
 20
96.1630
 40
0.8486
  0
CIRCLE
  8
MIX
 10
119.8813
 20
-78.3127
 40
0.6894
  0
CIRCLE
  8
MIX
 10
183.8263
 20
-44.6632
 40
0.1969
  0
CIRCLE
  8
MIX
 10
-22.1828
 20
126.6346
 40
0.6920
  0
CIRCLE
  8
MIX
 10
-79.8554
 20
151.8866
 40
0.4315
  0
CIRCLE
  8
MIX
 10
-287.6114
 20
-93.1268
 40
0.7558
  0
CIRCLE
  8
MIX
 10
-277.7032
 20
60.9466
 40
0.2264
  0
CIRCLE
  8
MIX
 10
85.2729
 20
90.6101
 40
0.7504
  0
CIRCLE
  8
MIX
 10
-8.0938
 20
-68.7485
 40
0.6499
  0
CIRCLE
  8
MIX
 10
-239.3031
 20
-29.8459
 40
0.8104
  0
CIRCLE
  8
MIX
 10
-13.4304
 20
86.4401
 40
0.9334
  0
CIRCLE
  8
MIX
 10
-265.2034
 20
168.5446
 40
0.5551
  0
CIRCLE
  8
MIX
 10
7.8813
 20
-104.9297
 40
0.5086
  0
CIRCLE
  8
MIX
 10
-257.9467
 20
-172.3973
 40
0.6367
  0
CIRCLE
  8
MIX
 10
-91.2195
 20
-153.4699
 40
0.1502
  0
CIRCLE
  8
MIX
 10
266.5677
 20
30.4010
 40
0.5848
  0
CIRCLE
  8
MIX
 10
97.5065
 20
-52.4498
 40
0.9268
  0
CIRCLE
  8
MIX
 10
18.8441
 20
72.1813
 40
0.7400
  0
CIRCLE
  8
MIX
 10
-147.8188
 20
11.3843
 40
0.2766
  0
CIRCLE
  8
MIX
 10
-31.6173
 20
136.5062
 40
0.9019
  0
CIRCLE
  8
MIX
 10
42.8720
 20
80.1840
 40
0.6128
  0
CIRCLE
  8
MIX
 10
-275.0190
 20
-85.8485
 40
0.9962
  0
CIRCLE
  8
MIX
 10
-181.8349
 20
-158.1076
 40
0.3957
  0
CIRCLE
  8
MIX
 10
-126.5437
 20
-92.8120
 40
0.1951
  0
CIRCLE
  8
MIX
 10
-117.9540
 20
137.3779
 40
0.8954
  0
CIRCLE
  8
MIX
 10
283.7899
 20
146.1117
 40
0.3357
  0
CIRCLE
  8
MIX
 10
-204.5004
 20
-97.2344
 40
0.4926
  0
CIRCLE
  8
MIX
 10
227.6961
 20
-119.9898
 40
0.3336
  0
CIRCLE
  8
MIX
 10
266.9491
 20
-162.7430
 40
0.6254
  0
CIRCLE
  8
MIX
 10
-100.4079
 20
34.8511
 40
0.3559
  0
CIRCLE
  8
MIX
 10
57.7021
 20
-130.5944
 40
0.3801
  0
CIRCLE
  8
MIX
 10
-38.8634
 20
-30.7070
 40
0.4132
  0
CIRCLE
  8
MIX
 10
234.2179
 20
-13.9179
 40
0.9369
  0
CIRCLE
  8
MIX
 10
60.1638
 20
47.2083
 40
0.8848
  0
CIRCLE
  8
MIX
 10
99.4995
 20
69.4803
 40
0.1558
  0
CIRCLE
  8
MIX
 10
-6.7789
 20
177.6060
 40
0.4033
  0
CIRCLE
  8
MIX
 10
-217.5068
 20
169.7185
 40
0.9831
  0
CIRCLE
  8
MIX
 10
-47.7376
 20
-107.8793
 40
0.5885
  0
CIRCLE
  8
MIX
 10
-81.6939
 20
-4.8556
 40
0.9437
  0
CIRCLE
  8
MIX
 10
286.6193
 20
163.9209
 40
0.9275
  0
CIRCLE
  8
MIX
 10
194.5724
 20
100.5932
 40
0.1834
  0
CIRCLE
  8
MIX
 10
-172.5938
 20
-113.9472
 40
0.8451
  0
CIRCLE
  8
MIX
 10
-28.3411
 20
86.8418
 40
0.8459
  0
CIRCLE
  8
MIX
 10
-260.7334
 20
118.1127
 40
0.5853
  0
CIRCLE
  8
MIX
 10
57.8624
 20
-96.4231
 40
0.8488
  0
CIRCLE
  8
MIX
 10
-159.9038
 20
193.9913
 40
0.4793
  0
CIRCLE
  8
MIX
 10
-23.4526
 20
24.6280
 40
0.1562
  0
CIRCLE
  8
MIX
 10
39.3141
 20
126.4954
 40
0.2985
  0
CIRCLE
  8
MIX
 10
-18.4292
 20
-110.7699
 40
0.3727
  0
CIRCLE
  8
MIX
 10
55.6664
 20
103.1937
 40
0.8280
  0
CIRCLE
  8
MIX
 10
-38.4242
 20
-172.0517
 40
0.5632
  0
CIRCLE
  8
MIX
 10
152.6765
 20
88.0804
 40
0.7888
  0
CIRCLE
  8
MIX
 10
-195.9275
 20
167.8497
 40
0.8511
  0
CIRCLE
  8
MIX
 10
-50.0497
 20
71.8788
 40
0.2324
  0
CIRCLE
  8
MIX
 10
197.8940
 20
119.8124
 40
0.4921
  0
CIRCLE
  8
MIX
 10
267.8648
 20
96.2454
 40
0.9703
  0
CIRCLE
  8
MIX
 10
108.8906
 20
-127.2462
 40
0.6727
  0
CIRCLE
  8
MIX
 10
147.9517
 20
130.0454
 40
0.8267
  0
CIRCLE
  8
MIX
 10
-120.1639
 20
56.2992
 40
0.2142
  0
CIRCLE
  8
MIX
 10
97.7914
 20
-164.4993
 40
0.3650
  0
CIRCLE
  8
MIX
 10
102.7265
 20
-143.7571
 40
0.1917
  0
CIRCLE
  8
MIX
 10
3.7068
 20
104.6079
 40
0.7696
  0
CIRCLE
  8
MIX
 10
31.2036
 20
-192.6675
 40
0.1744
  0
CIRCLE
  8
MIX
 10
-256.7639
 20
28.0406
 40
0.5735
  0
CIRCLE
  8
MIX
 10
133.9800
 20
46.6730
 40
0.4727
  0
CIRCLE
  8
MIX
 10
258.5253
 20
-73.9642
 40
0.7370
  0
CIRCLE
  8
MIX
 10
-111.8698
 20
-150.3371
 40
0.2137
  0
CIRCLE
  8
MIX
 10
-182.3410
 20
189.7677
 40
0.4084
  0
CIRCLE
  8
MIX
 10
-274.8060
 20
10.0812
 40
0.8724
  0
CIRCLE
  8
MIX
 10
249.7972
 20
28.6846
 40
0.3739
  0
CIRCLE
  8
MIX
 10
-95.5337
 20
57.9945
 40
0.9875
  0
CIRCLE
  8
MIX
 10
188.0492
 20
20.4773
 40
0.9742
  0
CIRCLE
  8
MIX
 10
-12.1372
 20
144.7981
 40
0.7955
  0
CIRCLE
  8
MIX
 10
87.5550
 20
102.0053
 40
0.7726
  0
CIRCLE
  8
MIX
 10
40.6205
 20
-174.8063
 40
0.8078
  0
CIRCLE
  8
MIX
 10
-68.5046
 20
-142.1109
 40
0.8510
  0
CIRCLE
  8
MIX
 10
113.0414
 20
-37.5128
 40
0.3410
  0
CIRCLE
  8
MIX
 10
220.9754
 20
104.8207
 40
0.5761
  0
CIRCLE
  8
MIX
 10
-8.2039
 20
-142.4823
 40
0.2588
  0
CIRCLE
  8
MIX
 10
222.1676
 20
110.2148
 40
0.2146
  0
CIRCLE
  8
MIX
 10
-243.8072
 20
-145.9536
 40
0.9265
  0
CIRCLE
  8
MIX
 10
-37.9884
 20
-150.1448
 40
0.9237
  0
CIRCLE
  8
MIX
 10
46.5586
 20
-144.2008
 40
0.1644
  0
CIRCLE
  8
MIX
 10
-231.6044
 20
166.9472
 40
0.8512
  0
CIRCLE
  8
MIX
 10
-40.2889
 20
63.8114
 40
0.6049
  0
CIRCLE
  8
MIX
 10
-221.6589
 20
-99.2934
 40
0.8860
  0
CIRCLE
  8
MIX
 10
-208.3262
 20
138.5270
 40
0.1584
  0
CIRCLE
  8
MIX
 10
-145.4668
 20
-177.4391
 40
0.4992
  0
CIRCLE
  8
MIX
 10
271.5584
 20
150.4965
 40
0.4629
  0
CIRCLE
  8
MIX
 10
72.8174
 20
88.4459
 40
0.3097
  0
CIRCLE
  8
MIX
 10
-155.8478
 20
-142.2427
 40
0.4328
  0
CIRCLE
  8
MIX
 10
-242.7052
 20
-187.1905
 40
0.7760
  0
CIRCLE
  8
MIX
 10
43.4516
 20
68.3118
 40
0.6647
  0
CIRCLE
  8
MIX
 10
81.6136
 20
-49.9653
 40
0.2162
  0
CIRCLE
  8
MIX
 10
286.4386
 20
-136.2048
 40
0.3184
  0
CIRCLE
  8
MIX
 10
181.2522
 20
-181.6918
 40
0.7732
  0
CIRCLE
  8
MIX
 10
-202.9620
 20
-93.3069
 40
0.8309
  0
CIRCLE
  8
MIX
 10
228.2444
 20
125.7455
 40
0.6755
  0
CIRCLE
  8
MIX
 10
-194.3173
 20
139.5834
 40
0.5216
  0
CIRCLE
  8
MIX
 10
203.1792
 20
-104.9101
 40
0.6767
  0
CIRCLE
  8
MIX
 10
21.4968
 20
-187.9166
 40
0.3155
  0
CIRCLE
  8
MIX
 10
-234.3452
 20
47.7735
 40
0.7505
  0
CIRCLE
  8
MIX
 10
-166.9694
 20
-139.2653
 40
0.9707
  0
CIRCLE
  8
MIX
 10
59.9311
 20
176.8198
 40
0.2458
  0
CIRCLE
  8
MIX
 10
-218.9964
 20
-139.7984
 40
0.3216
  0
CIRCLE
  8
MIX
 10
123.5628
 20
-72.7718
 40
0.4313
  0
CIRCLE
  8
MIX
 10
-16.1280
 20
142.1476
 40
0.2468
  0
CIRCLE
  8
MIX
 10
-10.4529
 20
128.3596
 40
0.3588
  0
CIRCLE
  8
MIX
 10
165.4960
 20
-157.7619
 40
0.8678
  0
CIRCLE
  8
MIX
 10
-106.7569
 20
31.6901
 40
0.6560
  0
CIRCLE
  8
MIX
 10
-285.0170
 20
-22.8598
 40
0.4530
  0
CIRCLE
  8
MIX
 10
-209.7374
 20
-4.6348
 40
0.9567
  0
CIRCLE
  8
MIX
 10
213.1767
 20
-96.5872
 40
0.4964
  0
CIRCLE
  8
MIX
 10
126.9399
 20
190.5227
 40
0.4868
  0
CIRCLE
  8
MIX
 10
169.5000
 20
-139.9579
 40
0.5463
  0
CIRCLE
  8
MIX
 10
-72.8805
 20
-120.3920
 40
0.1955
  0
CIRCLE
  8
MIX
 10
-221.8065
 20
47.3344
 40
0.2363
  0
CIRCLE
  8
MIX
 10
-15.9036
 20
-69.8756
 40
0.2886
  0
CIRCLE
  8
MIX
 10
-114.3359
 20
88.1804
 40
0.6846
  0
CIRCLE
  8
MIX
 10
0.8614
 20
-135.2937
 40
0.8864
  0
CIRCLE
  8
MIX
 10
-78.0682
 20
-165.4023
 40
0.1600
  0
CIRCLE
  8
MIX
 10
221.5878
 20
-163.6892
 40
0.6284
  0
CIRCLE
  8
MIX
 10
170.2716
 20
44.1980
 40
0.6157
  0
CIRCLE
  8
MIX
 10
128.8014
 20
131.9537
 40
0.9849
  0
CIRCLE
  8
MIX
 10
-38.6418
 20
189.0570
 40
0.2484
  0
CIRCLE
  8
MIX
 10
-129.8541
 20
-133.9879
 40
0.6424
  0
CIRCLE
  8
MIX
 10
242.7697
 20
-115.3591
 40
0.2097
  0
CIRCLE
  8
MIX
 10
-127.6497
 20
-189.0665
 40
0.5601
  0
CIRCLE
  8
MIX
 10
42.8521
 20
60.2122
 40
0.7033
  0
CIRCLE
  8
MIX
 10
54.1624
 20
-114.5244
 40
0.8904
  0
CIRCLE
  8
MIX
 10
-279.0661
 20
15.7530
 40
0.4608
  0
CIRCLE
  8
MIX
 10
260.8924
 20
134.6053
 40
0.3011
  0
CIRCLE
  8
MIX
 10
114.9634
 20
-4.8535
 40
0.6707
  0
CIRCLE
  8
MIX
 10
-292.9408
 20
107.1584
 40
0.8428
  0
CIRCLE
  8
MIX
 10
-235.9350
 20
172.4154
 40
0.3106
  0
CIRCLE
  8
MIX
 10
6.6962
 20
113.5516
 40
0.1961
  0
CIRCLE
  8
MIX
 10
38.5333
 20
-91.5484
 40
0.7143
  0
CIRCLE
  8
MIX
 10
89.4116
 20
72.5001
 40
0.2705
  0
CIRCLE
  8
MIX
 10
-205.3566
 20
111.1678
 40
0.3698
  0
CIRCLE
  8
MIX
 10
-279.4519
 20
49.0724
 40
0.6386
  0
CIRCLE
  8
MIX
 10
-32.3837
 20
-16.4209
 40
0.3543
  0
CIRCLE
  8
MIX
 10
-87.9860
 20
92.7612
 40
0.6336
  0
CIRCLE
  8
MIX
 10
-5.6228
 20
-166.7511
 40
0.3889
  0
CIRCLE
  8
MIX
 10
-87.2041
 20
-70.1847
 40
0.9968
  0
CIRCLE
  8
MIX
 10
-160.3608
 20
184.0553
 40
0.2581
  0
CIRCLE
  8
MIX
 10
-258.9263
 20
-104.8844
 40
0.4382
  0
CIRCLE
  8
MIX
 10
5.5833
 20
178.5943
 40
0.7047
  0
CIRCLE
  8
MIX
 10
99.4904
 20
-158.3732
 40
0.4511
  0
CIRCLE
  8
MIX
 10
58.2379
 20
-102.0038
 40
0.3996
  0
CIRCLE
  8
MIX
 10
-152.2785
 20
-53.8153
 40
0.2076
  0
CIRCLE
  8
MIX
 10
-96.1627
 20
146.7291
 40
0.4656
  0
CIRCLE
  8
MIX
 10
138.3118
 20
-34.6842
 40
0.3846
  0
CIRCLE
  8
MIX
 10
-152.7944
 20
-175.6383
 40
0.3751
  0
CIRCLE
  8
MIX
 10
149.0261
 20
-189.7999
 40
0.8375
  0
CIRCLE
  8
MIX
 10
-227.1694
 20
-24.5080
 40
0.3100
  0
CIRCLE
  8
MIX
 10
-96.0310
 20
-117.9871
 40
0.3835
  0
CIRCLE
  8
MIX
 10
78.9928
 20
-175.6157
 40
0.8389
  0
CIRCLE
  8
MIX
 10
-27.3003
 20
183.9828
 40
0.7809
  0
CIRCLE
  8
MIX
 10
-182.6276
 20
93.5292
 40
0.6006
  0
CIRCLE
  8
MIX
 10
197.7586
 20
-169.1837
 40
0.7304
  0
CIRCLE
  8
MIX
 10
-23.8047
 20
-83.3873
 40
0.3493
  0
CIRCLE
  8
MIX
 10
-197.3167
 20
-154.0733
 40
0.4830
  0
CIRCLE
  8
MIX
 10
-294.5269
 20
-92.5046
 40
0.3417
  0
CIRCLE
  8
MIX
 10
-179.0279
 20
128.4091
 40
0.8981
  0
CIRCLE
  8
MIX
 10
-200.5317
 20
89.0045
 40
0.1882
  0
CIRCLE
  8
MIX
 10
-212.2030
 20
11.1727
 40
0.8112
  0
CIRCLE
  8
MIX
 10
255.4480
 20
189.8994
 40
0.6295
  0
CIRCLE
  8
MIX
 10
-33.1618
 20
-164.6620
 40
0.9770
  0
CIRCLE
  8
MIX
 10
100.3030
 20
-133.4914
 40
0.3934
  0
CIRCLE
  8
MIX
 10
120.6458
 20
-79.8376
 40
0.5004
  0
CIRCLE
  8
MIX
 10
258.9771
 20
158.5313
 40
0.7639
  0
CIRCLE
  8
MIX
 10
240.6873
 20
-151.3614
 40
0.6441
  0
CIRCLE
  8
MIX
 10
212.1049
 20
-62.4277
 40
0.4177
  0
CIRCLE
  8
MIX
 10
-161.0346
 20
52.7579
 40
0.6096
  0
CIRCLE
  8
MIX
 10
-183.9398
 20
33.4098
 40
0.2209
  0
CIRCLE
  8
MIX
 10
-176.9733
 20
-194.5037
 40
0.9054
  0
CIRCLE
  8
MIX
 10
128.0096
 20
148.0124
 40
0.4043
  0
CIRCLE
  8
MIX
 10
-253.4018
 20
-84.8842
 40
0.6095
  0
CIRCLE
  8
MIX
 10
22.8040
 20
162.1860
 40
0.5651
  0
CIRCLE
  8
MIX
 10
-114.7872
 20
-172.3699
 40
0.6713
  0
CIRCLE
  8
MIX
 10
178.8752
 20
65.6870
 40
0.3414
  0
CIRCLE
  8
MIX
 10
106.2843
 20
161.5021
 40
0.8964
  0
CIRCLE
  8
MIX
 10
-232.0222
 20
89.9422
 40
0.9510
  0
CIRCLE
  8
MIX
 10
122.4094
 20
1.0862
 40
0.1953
  0
CIRCLE
  8
MIX
 10
-290.1129
 20
-65.5950
 40
0.7367
  0
CIRCLE
  8
MIX
 10
-18.5421
 20
-101.7637
 40
0.6027
  0
CIRCLE
  8
MIX
 10
129.2778
 20
-25.6777
 40
0.8423
  0
CIRCLE
  8
MIX
 10
263.5178
 20
41.1292
 40
0.8870
  0
CIRCLE
  8
MIX
 10
-210.7858
 20
30.5120
 40
0.3745
  0
CIRCLE
  8
MIX
 10
89.2336
 20
101.9523
 40
0.4004
  0
CIRCLE
  8
MIX
 10
15.2343
 20
-78.0678
 40
0.1980
  0
CIRCLE
  8
MIX
 10
12.7674
 20
-163.0811
 40
0.7789
  0
CIRCLE
  8
MIX
 10
-62.8468
 20
140.5893
 40
0.7452
  0
CIRCLE
  8
MIX
 10
111.7732
 20
99.3622
 40
0.8656
  0
CIRCLE
  8
MIX
 10
33.7023
 20
36.9469
 40
0.5547
  0
CIRCLE
  8
MIX
 10
22.6540
 20
-184.3409
 40
0.6574
  0
CIRCLE
  8
MIX
 10
-190.8013
 20
-96.2962
 40
0.8107
  0
CIRCLE
  8
MIX
 10
-1.7826
 20
-9.2875
 40
0.1521
  0
CIRCLE
  8
MIX
 10
2.8704
 20
-122.1381
 40
0.6543
  0
CIRCLE
  8
MIX
 10
-287.0868
 20
-129.0928
 40
0.5893
  0
CIRCLE
  8
MIX
 10
-48.5237
 20
176.6455
 40
0.1957
  0
CIRCLE
  8
MIX
 10
-255.6278
 20
-135.8811
 40
0.2420
  0
CIRCLE
  8
MIX
 10
5.7281
 20
113.3273
 40
0.2454
  0
CIRCLE
  8
MIX
 10
-154.7836
 20
84.7313
 40
0.1521
  0
CIRCLE
  8
MIX
 10
171.9770
 20
-74.4079
 40
0.4175
  0
CIRCLE
  8
MIX
 10
102.3371
 20
102.9670
 40
0.8706
  0
CIRCLE
  8
MIX
 10
-156.0738
 20
3.0012
 40
0.6085
  0
CIRCLE
  8
MIX
 10
-231.7232
 20
38.4018
 40
0.8015
  0
CIRCLE
  8
MIX
 10
266.0295
 20
112.6354
 40
0.9951
  0
CIRCLE
  8
MIX
 10
-112.7392
 20
-126.4322
 40
0.5934
  0
CIRCLE
  8
MIX
 10
-288.0298
 20
124.3595
 40
0.9826
  0
CIRCLE
  8
MIX
 10
193.0538
 20
-58.6932
 40
0.7324
  0
CIRCLE
  8
MIX
 10
-130.5515
 20
110.6095
 40
0.4503
  0
CIRCLE
  8
MIX
 10
3.4152
 20
45.2539
 40
0.2443
  0
CIRCLE
  8
MIX
 10
-102.3170
 20
71.4011
 40
0.6950
  0
CIRCLE
  8
MIX
 10
232.7415
 20
-17.2232
 40
0.2182
  0
CIRCLE
  8
MIX
 10
-182.2039
 20
64.6569
 40
0.7401
  0
CIRCLE
  8
MIX
 10
-173.2286
 20
-169.8954
 40
0.2008
  0
CIRCLE
  8
MIX
 10
-30.1255
 20
156.1845
 40
0.2190
  0
CIRCLE
  8
MIX
 10
157.2305
 20
-33.4927
 40
0.9839
  0
CIRCLE
  8
MIX
 10
15.1939
 20
193.9708
 40
0.4856
  0
CIRCLE
  8
MIX
 10
196.2686
 20
24.4883
 40
0.3053
  0
CIRCLE
  8
MIX
 10
-20.8442
 20
-40.8652
 40
0.7635
  0
CIRCLE
  8
MIX
 10
-223.2701
 20
-77.7337
 40
0.5987
  0
CIRCLE
  8
MIX
 10
-268.8763
 20
-77.8505
 40
0.1845
  0
CIRCLE
  8
MIX
 10
-169.0389
 20
189.6075
 40
0.6611
  0
CIRCLE
  8
MIX
 10
2.8356
 20
29.0562
 40
0.7198
  0
CIRCLE
  8
MIX
 10
-225.7634
 20
-145.4246
 40
0.2923
  0
CIRCLE
  8
MIX
 10
48.6540
 20
-80.3968
 40
0.5230
  0
CIRCLE
  8
MIX
 10
15.2319
 20
-76.7638
 40
0.2477
  0
CIRCLE
  8
MIX
 10
-30.1643
 20
-31.2093
 40
0.4665
  0
CIRCLE
  8
MIX
 10
31.5399
 20
103.0497
 40
0.8317
  0
CIRCLE
  8
MIX
 10
222.5291
 20
-193.5521
 40
0.8253
  0
CIRCLE
  8
MIX
 10
239.2604
 20
139.8359
 40
0.9277
  0
CIRCLE
  8
MIX
 10
226.5639
 20
-12.5422
 40
0.2606
  0
CIRCLE
  8
MIX
 10
-91.5509
 20
84.0864
 40
0.6129
  0
CIRCLE
  8
MIX
 10
60.5602
 20
59.3256
 40
0.8551
  0
CIRCLE
  8
MIX
 10
226.9312
 20
81.2376
 40
0.1890
  0
CIRCLE
  8
MIX
 10
59.6815
 20
-64.7859
 40
0.1655
  0
CIRCLE
  8
MIX
 10
-170.0694
 20
8.5880
 40
0.3522
  0
CIRCLE
  8
MIX
 10
86.7531
 20
90.5876
 40
0.2576
  0
CIRCLE
  8
MIX
 10
-111.6283
 20
15.0786
 40
0.5935
  0
CIRCLE
  8
MIX
 10
-53.2975
 20
171.4699
 40
0.3422
  0
CIRCLE
  8
MIX
 10
290.8431
 20
-164.5916
 40
0.4846
  0
CIRCLE
  8
MIX
 10
-200.3863
 20
-126.7214
 40
0.5571
  0
CIRCLE
  8
MIX
 10
239.3070
 20
-116.8202
 40
0.5766
  0
CIRCLE
  8
MIX
 10
30.3624
 20
-157.5001
 40
0.4564
  0
CIRCLE
  8
MIX
 10
-7.0420
 20
55.2094
 40
0.7515
  0
CIRCLE
  8
MIX
 10
-55.9350
 20
-189.6408
 40
0.5982
  0
CIRCLE
  8
MIX
 10
-225.5827
 20
-42.9475
 40
0.5191
  0
CIRCLE
  8
MIX
 10
-2.3056
 20
39.3868
 40
0.7760
  0
CIRCLE
  8
MIX
 10
-156.0476
 20
124.4141
 40
0.8365
  0
CIRCLE
  8
MIX
 10
260.4156
 20
-18.3961
 40
0.5450
  0
CIRCLE
  8
MIX
 10
-43.1119
 20
2.7213
 40
0.6363
  0
CIRCLE
  8
MIX
 10
-60.2502
 20
2.2339
 40
0.3136
  0
CIRCLE
  8
MIX
 10
-216.9384
 20
-76.0541
 40
0.4813
  0
CIRCLE
  8
MIX
 10
-191.1828
 20
96.6129
 40
0.2281
  0
CIRCLE
  8
MIX
 10
151.3381
 20
-107.9490
 40
0.8037
  0
CIRCLE
  8
MIX
 10
292.9001
 20
81.5845
 40
0.5369
  0
CIRCLE
  8
MIX
 10
-116.9194
 20
62.4408
 40
0.4895
  0
CIRCLE
  8
MIX
 10
182.6461
 20
117.3740
 40
0.1520
  0
CIRCLE
  8
MIX
 10
-207.6852
 20
112.7649
 40
0.9663
  0
CIRCLE
  8
MIX
 10
-152.3402
 20
12.9861
 40
0.6524
  0
CIRCLE
  8
MIX
 10
-226.6006
 20
158.6185
 40
0.5019
  0
CIRCLE
  8
MIX
 10
-170.7498
 20
148.8136
 40
0.3036
  0
CIRCLE
  8
MIX
 10
-84.4577
 20
44.3422
 40
0.3502
  0
CIRCLE
  8
MIX
 10
-44.0355
 20
-24.3629
 40
0.6354
  0
CIRCLE
  8
MIX
 10
163.7620
 20
-107.4977
 40
0.9004
  0
CIRCLE
  8
MIX
 10
-148.5054
 20
-49.2277
 40
0.8243
  0
CIRCLE
  8
MIX
 10
14.1125
 20
-138.0188
 40
0.9235
  0
CIRCLE
  8
MIX
 10
-237.1547
 20
11.0520
 40
0.5606
  0
CIRCLE
  8
MIX
 10
-76.5653
 20
10.1735
 40
0.4735
  0
CIRCLE
  8
MIX
 10
68.5472
 20
179.8453
 40
0.5361
  0
CIRCLE
  8
MIX
 10
46.8034
 20
35.8175
 40
0.5742
  0
CIRCLE
  8
MIX
 10
33.4340
 20
-187.3154
 40
0.5085
  0
CIRCLE
  8
MIX
 10
165.4726
 20
-118.2511
 40
0.6011
  0
CIRCLE
  8
MIX
 10
-190.6610
 20
-135.4778
 40
0.7850
  0
CIRCLE
  8
MIX
 10
20.7151
 20
-2.4179
 40
0.1544
  0
CIRCLE
  8
MIX
 10
-188.7618
 20
-77.5549
 40
0.6488
  0
CIRCLE
  8
MIX
 10
-59.2286
 20
107.2683
 40
0.7918
  0
CIRCLE
  8
MIX
 10
-82.8615
 20
22.0659
 40
0.3907
  0
CIRCLE
  8
MIX
 10
-104.5912
 20
81.8901
 40
0.5063
  0
CIRCLE
  8
MIX
 10
-61.3762
 20
105.0498
 40
0.6793
  0
CIRCLE
  8
MIX
 10
-288.4089
 20
140.1792
 40
0.5801
  0
CIRCLE
  8
MIX
 10
-211.3241
 20
120.5672
 40
0.2175
  0
CIRCLE
  8
MIX
 10
-99.2619
 20
124.3442
 40
0.8697
  0
CIRCLE
  8
MIX
 10
35.4413
 20
-163.8606
 40
0.7691
  0
CIRCLE
  8
MIX
 10
159.2405
 20
-186.8924
 40
0.2667
  0
CIRCLE
  8
MIX
 10
86.2566
 20
24.6119
 40
0.6039
  0
CIRCLE
  8
MIX
 10
-114.4418
 20
-6.3567
 40
0.2883
  0
CIRCLE
  8
MIX
 10
16.7351
 20
185.1055
 40
0.6352
  0
CIRCLE
  8
MIX
 10
105.6093
 20
-194.3995
 40
0.2090
  0
CIRCLE
  8
MIX
 10
226.2998
 20
-21.9997
 40
0.8170
  0
CIRCLE
  8
MIX
 10
149.5026
 20
119.8821
 40
0.6620
  0
CIRCLE
  8
MIX
 10
-174.5289
 20
-61.4391
 40
0.6028
  0
CIRCLE
  8
MIX
 10
-16.7646
 20
188.5291
 40
0.4956
  0
CIRCLE
  8
MIX
 10
102.7405
 20
-48.0469
 40
0.7691
  0
CIRCLE
  8
MIX
 10
15.0124
 20
-113.7709
 40
0.3137
  0
CIRCLE
  8
MIX
 10
201.2224
 20
65.3920
 40
0.4253
  0
CIRCLE
  8
MIX
 10
-116.4060
 20
-115.1602
 40
0.7118
  0
CIRCLE
  8
MIX
 10
-131.2671
 20
-117.7558
 40
0.5611
  0
CIRCLE
  8
MIX
 10
131.8083
 20
136.1721
 40
0.5182
  0
CIRCLE
  8
MIX
 10
-69.2508
 20
9.3306
 40
0.5673
  0
CIRCLE
  8
MIX
 10
-201.7016
 20
81.3395
 40
0.7796
  0
CIRCLE
  8
MIX
 10
155.0908
 20
173.6969
 40
0.6422
  0
CIRCLE
  8
MIX
 10
50.9910
 20
-136.4835
 40
0.2611
  0
CIRCLE
  8
MIX
 10
71.4103
 20
-90.0164
 40
0.8756
  0
CIRCLE
  8
MIX
 10
-67.1029
 20
1.2047
 40
0.8789
  0
CIRCLE
  8
MIX
 10
88.9052
 20
95.4803
 40
0.6992
  0
CIRCLE
  8
MIX
 10
10.9573
 20
-32.6744
 40
0.8249
  0
CIRCLE
  8
MIX
 10
-26.6549
 20
38.2559
 40
0.4905
  0
CIRCLE
  8
MIX
 10
-142.0435
 20
161.9002
 40
0.5843
  0
CIRCLE
  8
MIX
 10
210.7740
 20
75.6439
 40
0.9149
  0
CIRCLE
  8
MIX
 10
242.3215
 20
-151.0102
 40
0.5717
  0
CIRCLE
  8
MIX
 10
-278.6387
 20
-152.8935
 40
0.7241
  0
CIRCLE
  8
MIX
 10
277.1168
 20
-31.8051
 40
0.3238
  0
CIRCLE
  8
MIX
 10
-15.9164
 20
58.3288
 40
0.3101
  0
CIRCLE
  8
MIX
 10
244.0271
 20
123.6122
 40
0.6678
  0
CIRCLE
  8
MIX
 10
-277.5316
 20
13.5733
 40
0.3057
  0
CIRCLE
  8
MIX
 10
276.8071
 20
84.9638
 40
0.1934
  0
CIRCLE
  8
MIX
 10
-55.2226
 20
-67.9085
 40
0.9069
  0
CIRCLE
  8
MIX
 10
187.8377
 20
-47.1024
 40
0.4209
  0
CIRCLE
  8
MIX
 10
259.9924
 20
123.0056
 40
0.8740
  0
CIRCLE
  8
MIX
 10
-262.6913
 20
-50.5378
 40
0.9344
  0
CIRCLE
  8
MIX
 10
-44.9482
 20
42.7784
 40
0.5291
  0
CIRCLE
  8
MIX
 10
-176.6056
 20
-68.2664
 40
0.4250
  0
CIRCLE
  8
MIX
 10
0.2105
 20
51.4405
 40
0.2135
  0
CIRCLE
  8
MIX
 10
-230.1460
 20
87.7596
 40
0.4071
  0
CIRCLE
  8
MIX
 10
69.4137
 20
-0.6107
 40
0.8274
  0
CIRCLE
  8
MIX
 10
-8.9726
 20
-184.3496
 40
0.6831
  0
CIRCLE
  8
MIX
 10
-187.5575
 20
37.0618
 40
0.4656
  0
CIRCLE
  8
MIX
 10
239.4467
 20
-14.9778
 40
0.5677
  0
CIRCLE
  8
MIX
 10
196.5403
 20
26.3658
 40
0.5937
  0
CIRCLE
  8
MIX
 10
-245.4916
 20
71.3468
 40
0.8537
  0
CIRCLE
  8
MIX
 10
268.5370
 20
86.6784
 40
0.3134
  0
CIRCLE
  8
MIX
 10
218.0936
 20
4.3296
 40
0.4331
  0
CIRCLE
  8
MIX
 10
-244.6242
 20
-49.2563
 40
0.9546
  0
CIRCLE
  8
MIX
 10
160.9320
 20
47.4700
 40
0.8405
  0
CIRCLE
  8
MIX
 10
-227.3104
 20
-51.8407
 40
0.9175
  0
CIRCLE
  8
MIX
 10
-161.8665
 20
53.7148
 40
0.2382
  0
CIRCLE
  8
MIX
 10
-1.0945
 20
77.6055
 40
0.1571
  0
CIRCLE
  8
MIX
 10
-30.0859
 20
187.8374
 40
0.3712
  0
CIRCLE
  8
MIX
 10
-22.4697
 20
-95.2363
 40
0.5546
  0
CIRCLE
  8
MIX
 10
-49.6492
 20
-13.8856
 40
0.7724
  0
CIRCLE
  8
MIX
 10
174.0414
 20
-177.7278
 40
0.2849
  0
CIRCLE
  8
MIX
 10
259.2938
 20
-85.7132
 40
0.8858
  0
CIRCLE
  8
MIX
 10
67.4183
 20
112.3025
 40
0.9356
  0
CIRCLE
  8
MIX
 10
-173.4377
 20
-108.0844
 40
0.9999
  0
CIRCLE
  8
MIX
 10
221.0600
 20
-87.3304
 40
0.2220
  0
CIRCLE
  8
MIX
 10
-290.4738
 20
161.3433
 40
0.7290
  0
CIRCLE
  8
MIX
 10
134.8812
 20
-94.9297
 40
0.1540
  0
CIRCLE
  8
MIX
 10
-68.6356
 20
-191.2106
 40
0.8983
  0
CIRCLE
  8
MIX
 10
1.0276
 20
130.3088
 40
0.5995
  0
CIRCLE
  8
MIX
 10
-166.0448
 20
-150.1105
 40
0.5683
  0
CIRCLE
  8
MIX
 10
-48.8637
 20
-138.5167
 40
0.3418
  0
CIRCLE
  8
MIX
 10
-27.2729
 20
128.4961
 40
0.7228
  0
CIRCLE
  8
MIX
 10
84.6518
 20
-36.6829
 40
0.9921
  0
CIRCLE
  8
MIX
 10
187.1519
 20
-37.9719
 40
0.6812
  0
CIRCLE
  8
MIX
 10
-213.3686
 20
-134.6375
 40
0.7346
  0
CIRCLE
  8
MIX
 10
-153.8761
 20
-114.6495
 40
0.2292
  0
CIRCLE
  8
MIX
 10
-9.0041
 20
-10.0423
 40
0.6513
  0
CIRCLE
  8
MIX
 10
-131.4930
 20
-175.6775
 40
0.2341
  0
CIRCLE
  8
MIX
 10
202.5423
 20
-146.2014
 40
0.8213
  0
CIRCLE
  8
MIX
 10
171.8839
 20
56.0354
 40
0.9623
  0
CIRCLE
  8
MIX
 10
89.4943
 20
56.0741
 40
0.8922
  0
CIRCLE
  8
MIX
 10
103.2648
 20
41.6044
 40
0.5961
  0
CIRCLE
  8
MIX
 10
-200.8345
 20
-2.4635
 40
0.4319
  0
CIRCLE
  8
MIX
 10
10.4546
 20
85.4500
 40
0.6950
  0
CIRCLE
  8
MIX
 10
103.7063
 20
-135.1010
 40
0.8693
  0
CIRCLE
  8
MIX
 10
28.1864
 20
-191.4651
 40
0.7097
  0
CIRCLE
  8
MIX
 10
232.1425
 20
-15.1831
 40
0.1878
  0
CIRCLE
  8
MIX
 10
255.2615
 20
-161.7193
 40
0.9727
  0
CIRCLE
  8
MIX
 10
-159.7543
 20
-7.3369
 40
0.1583
  0
CIRCLE
  8
MIX
 10
-65.9717
 20
-78.8927
 40
0.1623
  0
CIRCLE
  8
MIX
 10
-217.5465
 20
4.6125
 40
0.2185
  0
CIRCLE
  8
MIX
 10
257.8541
 20
-129.0173
 40
0.6981
  0
CIRCLE
  8
MIX
 10
-198.6771
 20
-21.5573
 40
0.7322
  0
CIRCLE
  8
MIX
 10
-37.9739
 20
-4.7213
 40
0.5298
  0
CIRCLE
  8
MIX
 10
131.1184
 20
-19.8040
 40
0.5685
  0
CIRCLE
  8
MIX
 10
-274.9772
 20
133.8584
 40
0.9642
  0
CIRCLE
  8
MIX
 10
224.3391
 20
81.6828
 40
0.4947
  0
CIRCLE
  8
MIX
 10
246.5688
 20
44.9179
 40
0.2376
  0
CIRCLE
  8
MIX
 10
-45.4574
 20
38.9777
 40
0.3488
  0
CIRCLE
  8
MIX
 10
-67.4219
 20
137.9218
 40
0.8666
  0
CIRCLE
  8
MIX
 10
-253.0324
 20
-154.1663
 40
0.7113
  0
CIRCLE
  8
MIX
 10
-58.7478
 20
-3.7427
 40
0.7083
  0
CIRCLE
  8
MIX
 10
-8.5562
 20
-60.4499
 40
0.7574
  0
CIRCLE
  8
MIX
 10
-224.5247
 20
-83.7651
 40
0.1546
  0
CIRCLE
  8
MIX
 10
-88.8382
 20
61.5379
 40
0.8014
  0
CIRCLE
  8
MIX
 10
-59.5008
 20
-118.9634
 40
0.3427
  0
CIRCLE
  8
MIX
 10
277.2998
 20
51.8774
 40
0.5213
  0
CIRCLE
  8
MIX
 10
168.9762
 20
134.4048
 40
0.3530
  0
CIRCLE
  8
MIX
 10
184.5255
 20
97.8063
 40
0.2811
  0
CIRCLE
  8
MIX
 10
243.9329
 20
135.5242
 40
0.9035
  0
CIRCLE
  8
MIX
 10
37.2518
 20
51.5665
 40
0.7870
  0
CIRCLE
  8
MIX
 10
-69.4679
 20
-100.0723
 40
0.6631
  0
CIRCLE
  8
MIX
 10
-257.5149
 20
-75.3813
 40
0.8694
  0
CIRCLE
  8
MIX
 10
-274.3075
 20
67.6066
 40
0.2977
  0
CIRCLE
  8
MIX
 10
-186.5964
 20
-125.8420
 40
0.3600
  0
CIRCLE
  8
MIX
 10
197.0780
 20
-14.9307
 40
0.6751
  0
CIRCLE
  8
MIX
 10
129.6991
 20
-34.6110
 40
0.4992
  0
CIRCLE
  8
MIX
 10
-124.1231
 20
159.1308
 40
0.5770
  0
CIRCLE
  8
MIX
 10
-202.5480
 20
-129.6263
 40
0.8699
  0
CIRCLE
  8
MIX
 10
-82.5768
 20
-127.0337
 40
0.2495
  0
CIRCLE
  8
MIX
 10
264.1441
 20
-87.2694
 40
0.2947
  0
CIRCLE
  8
MIX
 10
216.3053
 20
25.6876
 40
0.9030
  0
CIRCLE
  8
MIX
 10
-155.4133
 20
28.2590
 40
0.2147
  0
CIRCLE
  8
MIX
 10
64.4288
 20
-148.3607
 40
0.9518
  0
CIRCLE
  8
MIX
 10
-267.6866
 20
175.9595
 40
0.9555
  0
CIRCLE
  8
MIX
 10
-62.2182
 20
41.0254
 40
0.8960
  0
CIRCLE
  8
MIX
 10
-140.4020
 20
-116.8424
 40
0.6574
  0
CIRCLE
  8
MIX
 10
286.6561
 20
75.6030
 40
0.2461
  0
CIRCLE
  8
MIX
 10
68.9672
 20
73.7742
 40
0.2618
  0
CIRCLE
  8
MIX
 10
-48.9491
 20
8.2788
 40
0.2636
  0
CIRCLE
  8
MIX
 10
131.1278
 20
151.4550
 40
0.5801
  0
CIRCLE
  8
MIX
 10
-255.8240
 20
19.7609
 40
0.6822
  0
CIRCLE
  8
MIX
 10
-90.1296
 20
-49.4515
 40
0.4389
  0
CIRCLE
  8
MIX
 10
-161.3675
 20
155.2017
 40
0.5796
  0
CIRCLE
  8
MIX
 10
-284.9958
 20
-90.9705
 40
0.5187
  0
CIRCLE
  8
MIX
 10
8.2266
 20
-4.7261
 40
0.6336
  0
CIRCLE
  8
MIX
 10
260.9562
 20
159.6746
 40
0.5452
  0
CIRCLE
  8
MIX
 10
-170.2771
 20
175.5924
 40
0.2073
  0
CIRCLE
  8
MIX
 10
112.5940
 20
100.3478
 40
0.9831
  0
CIRCLE
  8
MIX
 10
-60.5954
 20
-37.9120
 40
0.7182
  0
CIRCLE
  8
MIX
 10
-157.6463
 20
192.3954
 40
0.4737
  0
CIRCLE
  8
MIX
 10
-74.6503
 20
34.0967
 40
0.9891
  0
CIRCLE
  8
MIX
 10
-44.8865
 20
179.1426
 40
0.5871
  0
CIRCLE
  8
MIX
 10
-105.9196
 20
37.8100
 40
0.9611
  0
CIRCLE
  8
MIX
 10
290.7153
 20
-134.4385
 40
0.2298
  0
CIRCLE
  8
MIX
 10
-194.0313
 20
-183.4225
 40
0.6966
  0
CIRCLE
  8
MIX
 10
-260.1671
 20
-163.3909
 40
0.8898
  0
CIRCLE
  8
MIX
 10
-136.2769
 20
-112.3813
 40
0.7311
  0
CIRCLE
  8
MIX
 10
-1.7168
 20
-3.2476
 40
0.6748
  0
CIRCLE
  8
MIX
 10
-91.3115
 20
3.2394
 40
0.9117
  0
CIRCLE
  8
MIX
 10
-30.8863
 20
28.0597
 40
0.9767
  0
CIRCLE
  8
MIX
 10
46.8232
 20
-165.1019
 40
0.3093
  0
CIRCLE
  8
MIX
 10
-87.8687
 20
190.1982
 40
0.4502
  0
CIRCLE
  8
MIX
 10
226.3130
 20
-163.3070
 40
0.9344
  0
CIRCLE
  8
MIX
 10
-61.7853
 20
43.9722
 40
0.9301
  0
CIRCLE
  8
MIX
 10
258.0999
 20
97.2811
 40
0.8224
  0
CIRCLE
  8
MIX
 10
72.0202
 20
131.9392
 40
0.3706
  0
CIRCLE
  8
MIX
 10
165.3865
 20
-157.8504
 40
0.5876
  0
CIRCLE
  8
MIX
 10
-7.1944
 20
46.3704
 40
0.6165
  0
CIRCLE
  8
MIX
 10
184.6822
 20
-182.2087
 40
0.5481
  0
CIRCLE
  8
MIX
 10
180.3033
 20
67.6620
 40
0.6491
  0
CIRCLE
  8
MIX
 10
145.4310
 20
-68.0687
 40
0.3633
  0
CIRCLE
  8
MIX
 10
-247.8753
 20
-33.5256
 40
0.1921
  0
CIRCLE
  8
MIX
 10
-156.0512
 20
95.7691
 40
0.4772
  0
CIRCLE
  8
MIX
 10
92.3214
 20
-158.3519
 40
0.5462
  0
CIRCLE
  8
MIX
 10
16.5623
 20
-68.5142
 40
0.5319
  0
CIRCLE
  8
MIX
 10
-161.2807
 20
-105.4422
 40
0.6536
  0
CIRCLE
  8
MIX
 10
-107.2831
 20
-182.7293
 40
0.9871
  0
CIRCLE
  8
MIX
 10
-49.2779
 20
-29.7263
 40
0.2534
  0
CIRCLE
  8
MIX
 10
287.6721
 20
-190.9083
 40
0.4090
  0
CIRCLE
  8
MIX
 10
200.7051
 20
-122.0509
 40
0.6345
  0
CIRCLE
  8
MIX
 10
-37.5348
 20
189.6282
 40
0.8128
  0
CIRCLE
  8
MIX
 10
-17.8560
 20
-161.5019
 40
0.1538
  0
CIRCLE
  8
MIX
 10
62.3643
 20
-183.5562
 40
0.2496
  0
CIRCLE
  8
MIX
 10
207.4823
 20
-31.8840
 40
0.5255
  0
CIRCLE
  8
MIX
 10
-19.7199
 20
149.8557
 40
0.5706
  0
CIRCLE
  8
MIX
 10
269.7001
 20
2.7770
 40
0.6703
  0
CIRCLE
  8
MIX
 10
34.8330
 20
162.3038
 40
0.1669
  0
CIRCLE
  8
MIX
 10
94.8474
 20
-7.2319
 40
0.7683
  0
CIRCLE
  8
MIX
 10
290.2118
 20
111.5919
 40
0.7696
  0
CIRCLE
  8
MIX
 10
-70.2995
 20
178.8400
 40
0.3934
  0
CIRCLE
  8
MIX
 10
-277.1312
 20
36.4053
 40
0.2437
  0
CIRCLE
  8
MIX
 10
90.4358
 20
-106.0825
 40
0.3010
  0
CIRCLE
  8
MIX
 10
224.7284
 20
120.2650
 40
0.8161
  0
CIRCLE
  8
MIX
 10
136.0508
 20
-102.2316
 40
0.8011
  0
CIRCLE
  8
MIX
 10
240.1817
 20
-104.1992
 40
0.4831
  0
CIRCLE
  8
MIX
 10
-254.5653
 20
107.8336
 40
0.7066
  0
CIRCLE
  8
MIX
 10
-209.0452
 20
131.1674
 40
0.8470
  0
CIRCLE
  8
MIX
 10
-199.2369
 20
38.8112
 40
0.8105
  0
CIRCLE
  8
MIX
 10
15.2283
 20
-189.1637
 40
0.5186
  0
CIRCLE
  8
MIX
 10
293.5025
 20
97.8300
 40
0.7896
  0
CIRCLE
  8
MIX
 10
-8.6160
 20
180.1281
 40
0.9965
  0
CIRCLE
  8
MIX
 10
154.0187
 20
132.3770
 40
0.5246
  0
CIRCLE
  8
MIX
 10
68.7301
 20
122.9435
 40
0.2786
  0
CIRCLE
  8
MIX
 10
172.8335
 20
-24.1793
 40
0.7342
  0
CIRCLE
  8
MIX
 10
-46.2505
 20
-28.5287
 40
0.7822
  0
CIRCLE
  8
MIX
 10
-47.7815
 20
171.6397
 40
0.8142
  0
CIRCLE
  8
MIX
 10
-232.9295
 20
-58.5647
 40
0.6759
  0
CIRCLE
  8
MIX
 10
102.3036
 20
-186.4163
 40
0.5697
  0
CIRCLE
  8
MIX
 10
-40.2554
 20
-57.0544
 40
0.8659
  0
CIRCLE
  8
MIX
 10
-82.5410
 20
-123.8060
 40
0.2484
  0
CIRCLE
  8
MIX
 10
253.7584
 20
121.4929
 40
0.4174
  0
CIRCLE
  8
MIX
 10
177.6363
 20
19.6691
 40
0.1945
  0
CIRCLE
  8
MIX
 10
287.2767
 20
-177.6841
 40
0.5232
  0
CIRCLE
  8
MIX
 10
-93.1275
 20
-143.8003
 40
0.6630
  0
CIRCLE
  8
MIX
 10
16.1461
 20
10.5319
 40
0.7544
  0
CIRCLE
  8
MIX
 10
68.5258
 20
112.8887
 40
0.9860
  0
CIRCLE
  8
MIX
 10
235.9452
 20
-144.6996
 40
0.7296
  0
CIRCLE
  8
MIX
 10
-254.7329
 20
-39.5477
 40
0.7801
  0
CIRCLE
  8
MIX
 10
-210.4122
 20
65.1344
 40
0.6686
  0
CIRCLE
  8
MIX
 10
122.6537
 20
48.3259
 40
0.9467
  0
CIRCLE
  8
MIX
 10
230.4283
 20
-60.4550
 40
0.2453
  0
CIRCLE
  8
MIX
 10
199.5051
 20
36.8156
 40
0.2197
  0
CIRCLE
  8
MIX
 10
76.2277
 20
15.7355
 40
0.2643
  0
CIRCLE
  8
MIX
 10
-292.4611
 20
-133.1981
 40
0.4151
  0
CIRCLE
  8
MIX
 10
161.4687
 20
-105.6814
 40
0.5574
  0
CIRCLE
  8
MIX
 10
278.0582
 20
-51.5434
 40
0.9657
  0
CIRCLE
  8
MIX
 10
220.6042
 20
1.2507
 40
0.8121
  0
CIRCLE
  8
MIX
 10
36.1562
 20
-126.2627
 40
0.9405
  0
CIRCLE
  8
MIX
 10
-190.8568
 20
0.6198
 40
0.2614
  0
CIRCLE
  8
MIX
 10
-275.8256
 20
174.3170
 40
0.5754
  0
CIRCLE
  8
MIX
 10
19.2580
 20
-189.1669
 40
0.5143
  0
CIRCLE
  8
MIX
 10
137.2625
 20
-151.6556
 40
0.7502
  0
CIRCLE
  8
MIX
 10
-181.8934
 20
-28.6196
 40
0.6908
  0
CIRCLE
  8
MIX
 10
-63.9027
 20
-162.7375
 40
0.7483
  0
CIRCLE
  8
MIX
 10
-173.4682
 20
144.9456
 40
0.7876
  0
CIRCLE
  8
MIX
 10
-293.6330
 20
-120.9091
 40
0.8600
  0
CIRCLE
  8
MIX
 10
219.4936
 20
166.4548
 40
0.8264
  0
CIRCLE
  8
MIX
 10
-207.2278
 20
118.3433
 40
0.8912
  0
CIRCLE
  8
MIX
 10
133.7484
 20
-137.0616
 40
0.8830
  0
CIRCLE
  8
MIX
 10
-141.7163
 20
156.3685
 40
0.6041
  0
CIRCLE
  8
MIX
 10
279.1704
 20
92.0813
 40
0.7442
  0
CIRCLE
  8
MIX
 10
268.4789
 20
150.6069
 40
0.2946
  0
CIRCLE
  8
MIX
 10
123.9561
 20
149.3171
 40
0.7384
  0
CIRCLE
  8
MIX
 10
177.2037
 20
-21.6920
 40
0.8869
  0
CIRCLE
  8
MIX
 10
207.0203
 20
-50.4959
 40
0.9845
  0
CIRCLE
  8
MIX
 10
154.8279
 20
-19.1017
 40
0.6599
  0
CIRCLE
  8
MIX
 10
-280.5729
 20
-184.1102
 40
0.9342
  0
CIRCLE
  8
MIX
 10
195.2239
 20
-69.3249
 40
0.7319
  0
CIRCLE
  8
MIX
 10
246.9522
 20
-117.5574
 40
0.9493
  0
CIRCLE
  8
MIX
 10
-276.4436
 20
33.0869
 40
0.2903
  0
CIRCLE
  8
MIX
 10
-95.9022
 20
81.9811
 40
0.9478
  0
CIRCLE
  8
MIX
 10
155.2708
 20
86.7859
 40
0.3314
  0
CIRCLE
  8
MIX
 10
42.3194
 20
-41.9034
 40
0.7116
  0
CIRCLE
  8
MIX
 10
-41.4363
 20
-38.8447
 40
0.5857
  0
CIRCLE
  8
MIX
 10
-61.8620
 20
-70.1008
 40
0.7255
  0
CIRCLE
  8
MIX
 10
-250.6440
 20
138.3805
 40
0.4211
  0
CIRCLE
  8
MIX
 10
286.4359
 20
-178.6273
 40
0.8440
  0
CIRCLE
  8
MIX
 10
30.6217
 20
-24.4098
 40
0.8545
  0
CIRCLE
  8
MIX
 10
-183.1639
 20
-12.1550
 40
0.8199
  0
CIRCLE
  8
MIX
 10
-281.8985
 20
153.3897
 40
0.9828
  0
CIRCLE
  8
MIX
 10
112.8778
 20
-112.9773
 40
0.3998
  0
CIRCLE
  8
MIX
 10
113.1991
 20
121.5110
 40
0.3827
  0
CIRCLE
  8
MIX
 10
100.9888
 20
-62.5501
 40
0.1605
  0
CIRCLE
  8
MIX
 10
282.4719
 20
71.5344
 40
0.1516
  0
CIRCLE
  8
MIX
 10
-94.7423
 20
-110.6222
 40
0.4040
  0
CIRCLE
  8
MIX
 10
-177.1645
 20
-188.0258
 40
0.7728
  0
CIRCLE
  8
MIX
 10
-199.0181
 20
-11.8696
 40
0.3042
  0
CIRCLE
  8
MIX
 10
113.6506
 20
143.6947
 40
0.5781
  0
CIRCLE
  8
MIX
 10
31.1590
 20
164.3697
 40
0.2371
  0
CIRCLE
  8
MIX
 10
-27.4945
 20
114.8911
 40
0.2927
  0
CIRCLE
  8
MIX
 10
-218.2503
 20
-4.5543
 40
0.7858
  0
CIRCLE
  8
MIX
 10
-158.0008
 20
35.9859
 40
0.3239
  0
CIRCLE
  8
MIX
 10
-130.0823
 20
-76.4770
 40
0.2196
  0
CIRCLE
  8
MIX
 10
281.4064
 20
176.9962
 40
0.4487
  0
CIRCLE
  8
MIX
 10
-19.1984
 20
135.6476
 40
0.3635
  0
CIRCLE
  8
MIX
 10
241.0357
 20
-25.5213
 40
0.1900
  0
CIRCLE
  8
MIX
 10
28.9396
 20
-155.3917
 40
0.3300
  0
CIRCLE
  8
MIX
 10
139.6111
 20
33.3043
 40
0.3706
  0
CIRCLE
  8
MIX
 10
266.5016
 20
-166.3912
 40
0.6805
  0
CIRCLE
  8
MIX
 10
267.3691
 20
91.5019
 40
0.3064
  0
CIRCLE
  8
MIX
 10
-271.7599
 20
118.6432
 40
0.7145
  0
CIRCLE
  8
MIX
 10
-208.9793
 20
15.4928
 40
0.9245
  0
CIRCLE
  8
MIX
 10
-281.2098
 20
26.3180
 40
0.7861
  0
CIRCLE
  8
MIX
 10
-157.4698
 20
179.4641
 40
0.8831
  0
CIRCLE
  8
MIX
 10
-82.1056
 20
107.9279
 40
0.7202
  0
CIRCLE
  8
MIX
 10
183.0555
 20
37.6474
 40
0.9402
  0
CIRCLE
  8
MIX
 10
29.5345
 20
-0.8715
 40
0.2901
  0
CIRCLE
  8
MIX
 10
167.6328
 20
-86.8667
 40
0.3507
  0
CIRCLE
  8
MIX
 10
-21.9153
 20
114.8039
 40
0.4103
  0
CIRCLE
  8
MIX
 10
26.5223
 20
-107.1906
 40
0.6704
  0
CIRCLE
  8
MIX
 10
134.6951
 20
116.9483
 40
0.4412
  0
CIRCLE
  8
MIX
 10
-33.1947
 20
186.3100
 40
0.6894
  0
CIRCLE
  8
MIX
 10
-253.5667
 20
105.8228
 40
0.4447
  0
CIRCLE
  8
MIX
 10
114.0943
 20
-61.2402
 40
0.8171
  0
CIRCLE
  8
MIX
 10
165.4964
 20
127.5595
 40
0.5042
  0
CIRCLE
  8
MIX
 10
-79.6708
 20
163.8329
 40
0.4266
  0
CIRCLE
  8
MIX
 10
32.3077
 20
181.0124
 40
0.8826
  0
CIRCLE
  8
MIX
 10
-129.1578
 20
186.4804
 40
0.3425
  0
CIRCLE
  8
MIX
 10
60.7890
 20
69.2535
 40
0.8282
  0
CIRCLE
  8
MIX
 10
113.4219
 20
54.8544
 40
0.4017
  0
CIRCLE
  8
MIX
 10
-207.2135
 20
-27.0716
 40
0.7404
  0
CIRCLE
  8
MIX
 10
-274.7462
 20
-100.2721
 40
0.9512
  0
CIRCLE
  8
MIX
 10
-282.2091
 20
89.9705
 40
0.6276
  0
CIRCLE
  8
MIX
 10
-188.3981
 20
-81.6778
 40
0.2255
  0
CIRCLE
  8
MIX
 10
239.9724
 20
-184.8216
 40
0.5631
  0
CIRCLE
  8
MIX
 10
174.1784
 20
9.1585
 40
0.2094
  0
CIRCLE
  8
MIX
 10
183.3941
 20
-29.8695
 40
0.1705
  0
CIRCLE
  8
MIX
 10
-271.4269
 20
-173.3935
 40
0.3370
  0
CIRCLE
  8
MIX
 10
-105.6593
 20
85.1067
 40
0.4915
  0
CIRCLE
  8
MIX
 10
-79.8642
 20
-80.5593
 40
0.7384
  0
CIRCLE
  8
MIX
 10
-216.7733
 20
116.3427
 40
0.4955
  0
CIRCLE
  8
MIX
 10
167.5664
 20
-111.7915
 40
0.3321
  0
CIRCLE
  8
MIX
 10
293.8103
 20
0.3254
 40
0.3334
  0
CIRCLE
  8
MIX
 10
-115.5749
 20
-17.2055
 40
0.4482
  0
CIRCLE
  8
MIX
 10
30.6548
 20
138.1817
 40
0.1516
  0
CIRCLE
  8
MIX
 10
-77.9239
 20
-4.5111
 40
0.8175
  0
CIRCLE
  8
MIX
 10
-116.7750
 20
73.7825
 40
0.9212
  0
CIRCLE
  8
MIX
 10
134.4722
 20
47.3933
 40
0.5996
  0
CIRCLE
  8
MIX
 10
-127.0850
 20
-104.7823
 40
0.7821
  0
CIRCLE
  8
MIX
 10
-63.0726
 20
138.3527
 40
0.3153
  0
CIRCLE
  8
MIX
 10
-76.0677
 20
147.0511
 40
0.5140
  0
CIRCLE
  8
MIX
 10
68.8531
 20
-105.9331
 40
0.9082
  0
CIRCLE
  8
MIX
 10
196.5616
 20
-93.5120
 40
0.6465
  0
CIRCLE
  8
MIX
 10
95.6147
 20
-20.1704
 40
0.4207
  0
CIRCLE
  8
MIX
 10
-51.8528
 20
-63.4705
 40
0.8272
  0
CIRCLE
  8
MIX
 10
108.4299
 20
159.7425
 40
0.6302
  0
CIRCLE
  8
MIX
 10
99.4188
 20
159.5968
 40
0.6533
  0
CIRCLE
  8
MIX
 10
214.8458
 20
94.4857
 40
0.5380
  0
CIRCLE
  8
MIX
 10
107.7891
 20
-137.7613
 40
0.2965
  0
CIRCLE
  8
MIX
 10
-102.9612
 20
-188.9382
 40
0.3441
  0
CIRCLE
  8
MIX
 10
-228.7758
 20
61.6326
 40
0.2955
  0
CIRCLE
  8
MIX
 10
102.2314
 20
55.6045
 40
0.4987
  0
CIRCLE
  8
MIX
 10
-257.5211
 20
123.9056
 40
0.2106
  0
CIRCLE
  8
MIX
 10
110.1650
 20
76.6112
 40
0.4167
  0
CIRCLE
  8
MIX
 10
-249.8493
 20
129.0885
 40
0.4129
  0
CIRCLE
  8
MIX
 10
-271.9439
 20
62.0760
 40
0.8854
  0
CIRCLE
  8
MIX
 10
76.3827
 20
84.0178
 40
0.4692
  0
CIRCLE
  8
MIX
 10
-74.9556
 20
-18.7975
 40
0.2179
  0
CIRCLE
  8
MIX
 10
187.3953
 20
-31.0256
 40
0.3728
  0
CIRCLE
  8
MIX
 10
267.0693
 20
120.9291
 40
0.6657
  0
CIRCLE
  8
MIX
 10
-221.4077
 20
-177.4604
 40
0.3991
  0
CIRCLE
  8
MIX
 10
200.6280
 20
20.6428
 40
0.8735
  0
CIRCLE
  8
MIX
 10
-82.9783
 20
168.3078
 40
0.6427
  0
CIRCLE
  8
MIX
 10
-18.7667
 20
-33.5531
 40
0.6616
  0
CIRCLE
  8
MIX
 10
146.7268
 20
72.9751
 40
0.9374
  0
CIRCLE
  8
MIX
 10
290.8473
 20
-99.5711
 40
0.3193
  0
CIRCLE
  8
MIX
 10
143.2439
 20
-85.8287
 40
0.8980
  0
CIRCLE
  8
MIX
 10
-140.6352
 20
-28.1988
 40
0.5546
  0
CIRCLE
  8
MIX
 10
-201.5544
 20
64.4667
 40
0.6632
  0
CIRCLE
  8
MIX
 10
-280.3819
 20
-143.1937
 40
0.4473
  0
CIRCLE
  8
MIX
 10
152.3394
 20
-88.4761
 40
0.3863
  0
CIRCLE
  8
MIX
 10
4.6104
 20
-5.8563
 40
0.5061
  0
CIRCLE
  8
MIX
 10
-239.4419
 20
9.6158
 40
0.6864
  0
CIRCLE
  8
MIX
 10
-278.9802
 20
63.6278
 40
0.6550
  0
CIRCLE
  8
MIX
 10
-108.6215
 20
80.9537
 40
0.8924
  0
CIRCLE
  8
MIX
 10
-84.3107
 20
-80.9073
 40
0.1918
  0
CIRCLE
  8
MIX
 10
20.4193
 20
-37.2856
 40
0.6766
  0
CIRCLE
  8
MIX
 10
-56.9117
 20
-156.5490
 40
0.9910
  0
CIRCLE
  8
MIX
 10
-229.0432
 20
43.5594
 40
0.3265
  0
CIRCLE
  8
MIX
 10
172.8454
 20
15.5507
 40
0.3780
  0
CIRCLE
  8
MIX
 10
169.2973
 20
-161.9261
 40
0.1889
  0
CIRCLE
  8
MIX
 10
68.6591
 20
156.3118
 40
0.2566
  0
CIRCLE
  8
MIX
 10
144.1208
 20
65.1481
 40
0.2278
  0
CIRCLE
  8
MIX
 10
-205.5583
 20
186.7923
 40
0.6916
  0
CIRCLE
  8
MIX
 10
-47.5982
 20
113.1388
 40
0.3206
  0
CIRCLE
  8
MIX
 10
-118.3004
 20
164.6106
 40
0.3560
  0
CIRCLE
  8
MIX
 10
258.6704
 20
-63.0622
 40
0.7568
  0
CIRCLE
  8
MIX
 10
-244.8614
 20
128.7586
 40
0.4093
  0
CIRCLE
  8
MIX
 10
-34.7404
 20
-183.9262
 40
0.3059
  0
CIRCLE
  8
MIX
 10
-137.4335
 20
-72.4503
 40
0.5573
  0
CIRCLE
  8
MIX
 10
-274.9708
 20
94.9501
 40
0.5198
  0
CIRCLE
  8
MIX
 10
-148.4096
 20
-128.5032
 40
0.1687
  0
CIRCLE
  8
MIX
 10
81.1255
 20
-97.4898
 40
0.2317
  0
CIRCLE
  8
MIX
 10
-29.3738
 20
23.5586
 40
0.6035
  0
CIRCLE
  8
MIX
 10
-63.1314
 20
115.2829
 40
0.2963
  0
CIRCLE
  8
MIX
 10
-3.4003
 20
-15.3187
 40
0.3770
  0
CIRCLE
  8
MIX
 10
-20.8840
 20
41.1407
 40
0.2318
  0
CIRCLE
  8
MIX
 10
-122.3227
 20
14.1458
 40
0.5879
  0
CIRCLE
  8
MIX
 10
226.6721
 20
57.4484
 40
0.8150
  0
CIRCLE
  8
MIX
 10
207.6656
 20
143.1543
 40
0.1695
  0
CIRCLE
  8
MIX
 10
-52.2471
 20
32.8490
 40
0.5433
  0
CIRCLE
  8
MIX
 10
80.6098
 20
-192.3873
 40
0.3838
  0
CIRCLE
  8
MIX
 10
-236.5697
 20
182.9665
 40
0.4484
  0
CIRCLE
  8
MIX
 10
-249.1352
 20
13.4238
 40
0.3440
  0
CIRCLE
  8
MIX
 10
-156.3956
 20
123.0619
 40
0.4321
  0
CIRCLE
  8
MIX
 10
76.7408
 20
-13.9303
 40
0.9903
  0
CIRCLE
  8
MIX
 10
-25.3489
 20
-158.6021
 40
0.8214
  0
CIRCLE
  8
MIX
 10
-263.9985
 20
-12.9442
 40
0.5227
  0
CIRCLE
  8
MIX
 10
279.7121
 20
122.0120
 40
0.3709
  0
CIRCLE
  8
MIX
 10
110.2642
 20
84.1893
 40
0.3857
  0
CIRCLE
  8
MIX
 10
209.8737
 20
21.0073
 40
0.7037
  0
CIRCLE
  8
MIX
 10
183.9642
 20
-128.1013
 40
0.7686
  0
CIRCLE
  8
MIX
 10
-206.5101
 20
172.5976
 40
0.3766
  0
CIRCLE
  8
MIX
 10
-276.7504
 20
-146.8640
 40
0.7011
  0
CIRCLE
  8
MIX
 10
-282.1251
 20
-173.7571
 40
0.6328
  0
CIRCLE
  8
MIX
 10
-7.7717
 20
87.0773
 40
0.4577
  0
CIRCLE
  8
MIX
 10
-261.2168
 20
-39.4720
 40
0.5916
  0
CIRCLE
  8
MIX
 10
209.6306
 20
158.1085
 40
0.6035
  0
CIRCLE
  8
MIX
 10
-165.2462
 20
-40.7809
 40
0.3357
  0
CIRCLE
  8
MIX
 10
259.4389
 20
-37.3063
 40
0.3830
  0
CIRCLE
  8
MIX
 10
31.7763
 20
-13.5584
 40
0.4146
  0
CIRCLE
  8
MIX
 10
75.6191
 20
-37.0661
 40
0.7531
  0
CIRCLE
  8
MIX
 10
-14.9174
 20
-42.6087
 40
0.3471
  0
CIRCLE
  8
MIX
 10
-74.9853
 20
30.1725
 40
0.8930
  0
CIRCLE
  8
MIX
 10
-144.5659
 20
134.6839
 40
0.5663
  0
CIRCLE
  8
MIX
 10
44.9817
 20
90.1486
 40
0.4731
  0
CIRCLE
  8
MIX
 10
273.3118
 20
-75.3907
 40
0.9416
  0
CIRCLE
  8
MIX
 10
114.7081
 20
174.1886
 40
0.3401
  0
CIRCLE
  8
MIX
 10
22.1670
 20
-61.5671
 40
0.9949
  0
CIRCLE
  8
MIX
 10
222.6179
 20
70.0069
 40
0.7460
  0
CIRCLE
  8
MIX
 10
137.6167
 20
137.7373
 40
0.4282
  0
CIRCLE
  8
MIX
 10
248.0599
 20
142.1144
 40
0.2417
  0
CIRCLE
  8
MIX
 10
-140.5939
 20
65.8606
 40
0.7069
  0
CIRCLE
  8
MIX
 10
54.8764
 20
-63.1491
 40
0.1769
  0
CIRCLE
  8
MIX
 10
-56.6272
 20
-93.9727
 40
0.3753
  0
CIRCLE
  8
MIX
 10
-61.3136
 20
131.9230
 40
0.1793
  0
CIRCLE
  8
MIX
 10
67.7756
 20
67.0159
 40
0.9293
  0
CIRCLE
  8
MIX
 10
220.0469
 20
-83.7172
 40
0.7354
  0
CIRCLE
  8
MIX
 10
-291.5527
 20
-14.5650
 40
0.2617
  0
CIRCLE
  8
MIX
 10
-226.6643
 20
154.4879
 40
0.7377
  0
CIRCLE
  8
MIX
 10
286.5504
 20
96.1189
 40
0.6865
  0
CIRCLE
  8
MIX
 10
-22.5349
 20
111.5743
 40
0.5676
  0
CIRCLE
  8
MIX
 10
67.4950
 20
175.0632
 40
0.1755
  0
CIRCLE
  8
MIX
 10
250.6510
 20
181.2127
 40
0.9115
  0
CIRCLE
  8
MIX
 10
-133.9129
 20
88.9517
 40
0.6499
  0
CIRCLE
  8
MIX
 10
-271.3310
 20
152.7527
 40
0.8908
  0
CIRCLE
  8
MIX
 10
257.4450
 20
-92.0776
 40
0.8540
  0
CIRCLE
  8
MIX
 10
225.5788
 20
162.9319
 40
0.6290
  0
CIRCLE
  8
MIX
 10
21.9137
 20
-179.9645
 40
0.9432
  0
CIRCLE
  8
MIX
 10
-40.9566
 20
136.7998
 40
0.8604
  0
CIRCLE
  8
MIX
 10
1.3672
 20
93.1956
 40
0.9868
  0
CIRCLE
  8
MIX
 10
40.3588
 20
-18.9825
 40
0.7719
  0
CIRCLE
  8
MIX
 10
-59.8312
 20
-50.7209
 40
0.2600
  0
CIRCLE
  8
MIX
 10
-176.6107
 20
92.4015
 40
0.6229
  0
CIRCLE
  8
MIX
 10
72.9044
 20
-17.8062
 40
0.6259
  0
CIRCLE
  8
MIX
 10
68.0331
 20
-23.3686
 40
0.2905
  0
CIRCLE
  8
MIX
 10
-240.9259
 20
72.7888
 40
0.6784
  0
CIRCLE
  8
MIX
 10
113.8579
 20
77.6858
 40
0.8943
  0
CIRCLE
  8
MIX
 10
158.4582
 20
185.1909
 40
0.4247
  0
CIRCLE
  8
MIX
 10
-150.5865
 20
169.0582
 40
0.6424
  0
CIRCLE
  8
MIX
 10
46.1311
 20
127.5252
 40
0.8786
  0
CIRCLE
  8
MIX
 10
-286.3159
 20
94.3869
 40
0.5782
  0
CIRCLE
  8
MIX
 10
9.3175
 20
151.3243
 40
0.4493
  0
CIRCLE
  8
MIX
 10
-240.5583
 20
-20.9404
 40
0.1556
  0
CIRCLE
  8
MIX
 10
75.7271
 20
-5.5048
 40
0.8480
  0
CIRCLE
  8
MIX
 10
-284.8402
 20
-23.1279
 40
0.3116
  0
CIRCLE
  8
MIX
 10
140.9144
 20
68.7509
 40
0.1844
  0
CIRCLE
  8
MIX
 10
-236.1168
 20
78.1837
 40
0.4423
  0
CIRCLE
  8
MIX
 10
-133.1612
 20
140.1668
 40
0.7794
  0
CIRCLE
  8
MIX
 10
175.2812
 20
-0.5304
 40
0.7040
  0
CIRCLE
  8
MIX
 10
-188.6024
 20
177.2426
 40
0.9277
  0
CIRCLE
  8
MIX
 10
152.2892
 20
-10.0295
 40
0.6662
  0
CIRCLE
  8
MIX
 10
25.5218
 20
90.7945
 40
0.2480
  0
CIRCLE
  8
MIX
 10
147.5106
 20
20.5350
 40
0.6072
  0
CIRCLE
  8
MIX
 10
-253.2911
 20
40.4120
 40
0.2935
  0
CIRCLE
  8
MIX
 10
-11.8331
 20
83.9883
 40
0.9380
  0
CIRCLE
  8
MIX
 10
221.8716
 20
-80.6589
 40
0.7724
  0
CIRCLE
  8
MIX
 10
123.0889
 20
-143.3073
 40
0.3314
  0
CIRCLE
  8
MIX
 10
264.3521
 20
129.7544
 40
0.4211
  0
CIRCLE
  8
MIX
 10
-67.7064
 20
28.6406
 40
0.8421
  0
CIRCLE
  8
MIX
 10
-213.8537
 20
-20.3138
 40
0.8437
  0
CIRCLE
  8
MIX
 10
-179.6640
 20
-124.3082
 40
0.6954
  0
CIRCLE
  8
MIX
 10
-96.9605
 20
77.6930
 40
0.9081
  0
CIRCLE
  8
MIX
 10
-129.8874
 20
3.6789
 40
0.7709
  0
CIRCLE
  8
MIX
 10
73.7352
 20
167.8063
 40
0.9804
  0
CIRCLE
  8
MIX
 10
-104.6234
 20
-178.6886
 40
0.2763
  0
CIRCLE
  8
MIX
 10
-39.5937
 20
-148.1837
 40
0.6136
  0
CIRCLE
  8
MIX
 10
-230.8509
 20
-141.6388
 40
0.5678
  0
CIRCLE
  8
MIX
 10
283.6642
 20
184.6155
 40
0.2420
  0
CIRCLE
  8
MIX
 10
-77.2692
 20
-71.2445
 40
0.4461
  0
CIRCLE
  8
MIX
 10
-14.0227
 20
157.4938
 40
0.6027
  0
CIRCLE
  8
MIX
 10
97.3834
 20
176.1919
 40
0.6052
  0
CIRCLE
  8
MIX
 10
-49.6776
 20
130.1533
 40
0.9084
  0
CIRCLE
  8
MIX
 10
39.2037
 20
3.9728
 40
0.1609
  0
CIRCLE
  8
MIX
 10
251.5767
 20
131.0588
 40
0.9257
  0
CIRCLE
  8
MIX
 10
198.5177
 20
42.1810
 40
0.6500
  0
CIRCLE
  8
MIX
 10
-206.8998
 20
173.8089
 40
0.2088
  0
CIRCLE
  8
MIX
 10
-220.4859
 20
135.3398
 40
0.2901
  0
CIRCLE
  8
MIX
 10
-213.6348
 20
-59.2559
 40
0.5045
  0
CIRCLE
  8
MIX
 10
-194.9243
 20
153.5610
 40
0.7929
  0
CIRCLE
  8
MIX
 10
-16.3762
 20
190.2661
 40
0.2574
  0
CIRCLE
  8
MIX
 10
-272.9005
 20
-118.8545
 40
0.3021
  0
CIRCLE
  8
MIX
 10
98.6947
 20
117.5602
 40
0.4698
  0
CIRCLE
  8
MIX
 10
-274.7284
 20
-170.1023
 40
0.6421
  0
CIRCLE
  8
MIX
 10
-94.7240
 20
55.8604
 40
0.6288
  0
CIRCLE
  8
MIX
 10
98.5332
 20
-8.6868
 40
0.2923
  0
CIRCLE
  8
MIX
 10
221.9662
 20
163.3014
 40
0.6704
  0
CIRCLE
  8
MIX
 10
-195.4142
 20
73.5337
 40
0.2091
  0
CIRCLE
  8
MIX
 10
234.6888
 20
-64.9674
 40
0.4811
  0
CIRCLE
  8
MIX
 10
114.9931
 20
-3.2007
 40
0.5203
  0
CIRCLE
  8
MIX
 10
286.6796
 20
-42.1307
 40
0.7496
  0
CIRCLE
  8
MIX
 10
227.9855
 20
66.3006
 40
0.3882
  0
CIRCLE
  8
MIX
 10
209.8965
 20
81.5675
 40
0.1595
  0
CIRCLE
  8
MIX
 10
-50.7813
 20
15.1042
 40
0.3941
  0
CIRCLE
  8
MIX
 10
-154.1380
 20
-116.9006
 40
0.6086
  0
CIRCLE
  8
MIX
 10
133.7272
 20
33.4389
 40
0.5048
  0
CIRCLE
  8
MIX
 10
-235.1634
 20
-125.6939
 40
0.2875
  0
CIRCLE
  8
MIX
 10
251.3930
 20
105.3350
 40
0.9654
  0
CIRCLE
  8
MIX
 10
-103.9376
 20
65.2796
 40
0.6034
  0
CIRCLE
  8
MIX
 10
194.6786
 20
-189.3375
 40
0.1862
  0
CIRCLE
  8
MIX
 10
-15.1144
 20
-97.9832
 40
0.1796
  0
CIRCLE
  8
MIX
 10
-137.6108
 20
61.2558
 40
0.9750
  0
CIRCLE
  8
MIX
 10
131.1011
 20
113.5471
 40
0.5436
  0
CIRCLE
  8
MIX
 10
188.0978
 20
-194.6959
 40
0.4793
  0
CIRCLE
  8
MIX
 10
-236.8827
 20
187.1157
 40
0.3831
  0
CIRCLE
  8
MIX
 10
287.8166
 20
-4.2360
 40
0.7129
  0
CIRCLE
  8
MIX
 10
-219.2409
 20
146.3524
 40
0.3909
  0
CIRCLE
  8
MIX
 10
-20.1932
 20
-72.5179
 40
0.4188
  0
CIRCLE
  8
MIX
 10
-188.0280
 20
-77.0797
 40
0.9803
  0
CIRCLE
  8
MIX
 10
-158.6940
 20
-74.7699
 40
0.3318
  0
CIRCLE
  8
MIX
 10
61.5978
 20
193.1765
 40
0.8749
  0
CIRCLE
  8
MIX
 10
253.6972
 20
62.2223
 40
0.9706
  0
CIRCLE
  8
MIX
 10
110.0224
 20
4.1276
 40
0.4617
  0
CIRCLE
  8
MIX
 10
190.4701
 20
-122.8621
 40
0.9277
  0
CIRCLE
  8
MIX
 10
72.0941
 20
-66.3099
 40
0.9739
  0
CIRCLE
  8
MIX
 10
202.5052
 20
-1.5239
 40
0.6538
  0
CIRCLE
  8
MIX
 10
168.5254
 20
75.2011
 40
0.4003
  0
CIRCLE
  8
MIX
 10
-46.0224
 20
-100.5369
 40
0.9777
  0
CIRCLE
  8
MIX
 10
89.2801
 20
151.5413
 40
0.6795
  0
CIRCLE
  8
MIX
 10
-279.2062
 20
45.9694
 40
0.7157
  0
CIRCLE
  8
MIX
 10
-2.5538
 20
-43.6441
 40
0.3366
  0
CIRCLE
  8
MIX
 10
-146.8220
 20
-64.7718
 40
0.6975
  0
CIRCLE
  8
MIX
 10
-30.9263
 20
64.9599
 40
0.8908
  0
CIRCLE
  8
MIX
 10
-223.9203
 20
-134.1784
 40
0.7635
  0
CIRCLE
  8
MIX
 10
-54.3577
 20
-98.1706
 40
0.8557
  0
CIRCLE
  8
MIX
 10
-33.2854
 20
110.6695
 40
0.9596
  0
CIRCLE
  8
MIX
 10
117.4884
 20
101.3656
 40
0.3584
  0
CIRCLE
  8
MIX
 10
239.0419
 20
-134.1286
 40
0.1781
  0
CIRCLE
  8
MIX
 10
244.8962
 20
190.1235
 40
0.9663
  0
CIRCLE
  8
MIX
 10
21.5631
 20
-159.5437
 40
0.8344
  0
CIRCLE
  8
MIX
 10
-185.0905
 20
-11.8327
 40
0.2244
  0
CIRCLE
  8
MIX
 10
58.7499
 20
-43.3522
 40
0.6615
  0
CIRCLE
  8
MIX
 10
202.4819
 20
-39.0915
 40
0.9621
  0
CIRCLE
  8
MIX
 10
-211.0659
 20
-191.6029
 40
0.7943
  0
CIRCLE
  8
MIX
 10
-229.3761
 20
166.9419
 40
0.7765
  0
CIRCLE
  8
MIX
 10
243.8491
 20
18.9216
 40
0.5953
  0
CIRCLE
  8
MIX
 10
231.9548
 20
88.2731
 40
0.2747
  0
CIRCLE
  8
MIX
 10
-101.5243
 20
157.0726
 40
0.3452
  0
CIRCLE
  8
MIX
 10
149.7919
 20
-86.8210
 40
0.9643
  0
CIRCLE
  8
MIX
 10
-214.3594
 20
-1.2214
 40
0.3601
  0
CIRCLE
  8
MIX
 10
176.8519
 20
-134.9893
 40
0.6515
  0
CIRCLE
  8
MIX
 10
139.2148
 20
114.8316
 40
0.5230
  0
CIRCLE
  8
MIX
 10
-229.9529
 20
168.7798
 40
0.5962
  0
CIRCLE
  8
MIX
 10
-266.0068
 20
81.1476
 40
0.7947
  0
CIRCLE
  8
MIX
 10
66.9894
 20
87.6279
 40
0.7641
  0
CIRCLE
  8
MIX
 10
280.6738
 20
193.5870
 40
0.8710
  0
CIRCLE
  8
MIX
 10
99.9135
 20
179.4971
 40
0.4624
  0
CIRCLE
  8
MIX
 10
252.0245
 20
27.7247
 40
0.3448
  0
CIRCLE
  8
MIX
 10
-287.9549
 20
-23.2368
 40
0.2328
  0
CIRCLE
  8
MIX
 10
-107.3987
 20
95.8515
 40
0.4855
  0
CIRCLE
  8
MIX
 10
286.2261
 20
-155.4956
 40
0.3054
  0
CIRCLE
  8
MIX
 10
-39.5103
 20
80.2286
 40
0.2781
  0
CIRCLE
  8
MIX
 10
-267.8859
 20
132.7032
 40
0.8727
  0
CIRCLE
  8
MIX
 10
-163.2475
 20
94.4477
 40
0.3951
  0
CIRCLE
  8
MIX
 10
-177.2574
 20
-9.7182
 40
0.9321
  0
CIRCLE
  8
MIX
 10
97.8141
 20
174.9257
 40
0.5685
  0
CIRCLE
  8
MIX
 10
-160.0757
 20
130.6842
 40
0.1957
  0
CIRCLE
  8
MIX
 10
139.1591
 20
193.3324
 40
0.7120
  0
CIRCLE
  8
MIX
 10
-192.8650
 20
-3.9953
 40
0.1884
  0
CIRCLE
  8
MIX
 10
-203.2913
 20
-130.6374
 40
0.9247
  0
CIRCLE
  8
MIX
 10
-75.6001
 20
-164.3336
 40
0.6755
  0
CIRCLE
  8
MIX
 10
-133.6763
 20
152.9714
 40
0.8695
  0
CIRCLE
  8
MIX
 10
-71.4535
 20
192.6254
 40
0.9917
  0
CIRCLE
  8
MIX
 10
-246.6959
 20
17.2425
 40
0.6145
  0
CIRCLE
  8
MIX
 10
-249.7408
 20
61.2684
 40
0.9086
  0
CIRCLE
  8
MIX
 10
203.7790
 20
148.7022
 40
0.6348
  0
CIRCLE
  8
MIX
 10
-167.0973
 20
-117.1679
 40
0.7411
  0
CIRCLE
  8
MIX
 10
-0.2577
 20
12.3838
 40
0.5135
  0
CIRCLE
  8
MIX
 10
-126.6637
 20
-47.4512
 40
0.6791
  0
CIRCLE
  8
MIX
 10
-159.5541
 20
75.5232
 40
0.8609
  0
CIRCLE
  8
MIX
 10
238.1648
 20
-35.9246
 40
0.7013
  0
CIRCLE
  8
MIX
 10
206.1632
 20
-172.3010
 40
0.1771
  0
CIRCLE
  8
MIX
 10
176.3118
 20
-22.6764
 40
0.5102
  0
CIRCLE
  8
MIX
 10
-212.7680
 20
-2.2547
 40
0.8177
  0
CIRCLE
  8
MIX
 10
56.7108
 20
-168.1514
 40
0.4297
  0
CIRCLE
  8
MIX
 10
23.0218
 20
-109.8707
 40
0.1642
  0
CIRCLE
  8
MIX
 10
-195.4582
 20
105.7060
 40
0.5100
  0
CIRCLE
  8
MIX
 10
243.3038
 20
146.9455
 40
0.4145
  0
CIRCLE
  8
MIX
 10
237.0335
 20
-114.5917
 40
0.5432
  0
CIRCLE
  8
MIX
 10
219.6768
 20
-172.5250
 40
0.7129
  0
CIRCLE
  8
MIX
 10
216.6723
 20
112.5561
 40
0.3448
  0
CIRCLE
  8
MIX
 10
148.4739
 20
-153.3426
 40
0.7550
  0
CIRCLE
  8
MIX
 10
-38.0575
 20
93.1257
 40
0.9934
  0
CIRCLE
  8
MIX
 10
-229.8153
 20
48.0568
 40
0.1964
  0
CIRCLE
  8
MIX
 10
-210.2748
 20
162.5289
 40
0.8970
  0
CIRCLE
  8
MIX
 10
-264.8621
 20
7.2385
 40
0.2872
  0
CIRCLE
  8
MIX
 10
45.4576
 20
89.6526
 40
0.2969
  0
CIRCLE
  8
MIX
 10
262.2390
 20
169.1477
 40
0.6088
  0
CIRCLE
  8
MIX
 10
-16.6545
 20
32.4068
 40
0.9415
  0
CIRCLE
  8
MIX
 10
198.2001
 20
-10.6497
 40
0.3885
  0
CIRCLE
  8
MIX
 10
-244.4192
 20
-157.9076
 40
0.7404
  0
CIRCLE
  8
MIX
 10
-199.8082
 20
-184.8888
 40
0.5584
  0
CIRCLE
  8
MIX
 10
292.8960
 20
-189.5950
 40
0.4471
  0
CIRCLE
  8
MIX
 10
206.4245
 20
109.4895
 40
0.6494
  0
CIRCLE
  8
MIX
 10
135.1351
 20
117.3623
 40
0.3564
  0
CIRCLE
  8
MIX
 10
168.0944
 20
91.1843
 40
0.8703
  0
CIRCLE
  8
MIX
 10
226.0863
 20
37.1372
 40
0.4370
  0
CIRCLE
  8
MIX
 10
-106.3500
 20
-193.9932
 40
0.2442
  0
CIRCLE
  8
MIX
 10
47.8569
 20
-162.0661
 40
0.4884
  0
CIRCLE
  8
MIX
 10
-16.3050
 20
-56.1575
 40
0.7238
  0
CIRCLE
  8
MIX
 10
282.8258
 20
-162.0712
 40
0.8153
  0
CIRCLE
  8
MIX
 10
253.3050
 20
9.0526
 40
0.9554
  0
CIRCLE
  8
MIX
 10
-208.0698
 20
88.1408
 40
0.3930
  0
CIRCLE
  8
MIX
 10
-30.6690
 20
143.6843
 40
0.9275
  0
CIRCLE
  8
MIX
 10
112.9857
 20
-18.8347
 40
0.5424
  0
CIRCLE
  8
MIX
 10
-275.3381
 20
122.8848
 40
0.1866
  0
CIRCLE
  8
MIX
 10
278.1489
 20
158.2398
 40
0.8978
  0
CIRCLE
  8
MIX
 10
150.6537
 20
131.7725
 40
0.7575
  0
CIRCLE
  8
MIX
 10
-8.2407
 20
52.3632
 40
0.7180
  0
CIRCLE
  8
MIX
 10
84.2659
 20
113.9784
 40
0.9827
  0
CIRCLE
  8
MIX
 10
224.8968
 20
68.4137
 40
0.4604
  0
CIRCLE
  8
MIX
 10
-230.8782
 20
75.3710
 40
0.7108
  0
CIRCLE
  8
MIX
 10
247.3070
 20
188.6515
 40
0.5031
  0
CIRCLE
  8
MIX
 10
-169.0221
 20
63.3726
 40
0.1926
  0
CIRCLE
  8
MIX
 10
17.1300
 20
29.9028
 40
0.5498
  0
CIRCLE
  8
MIX
 10
-220.7975
 20
4.0121
 40
0.1505
  0
CIRCLE
  8
MIX
 10
60.3747
 20
73.3502
 40
0.8901
  0
CIRCLE
  8
MIX
 10
158.0682
 20
-123.3061
 40
0.4902
  0
CIRCLE
  8
MIX
 10
-68.4480
 20
-24.5472
 40
0.2943
  0
CIRCLE
  8
MIX
 10
-163.7829
 20
181.8346
 40
0.4943
  0
CIRCLE
  8
MIX
 10
-289.4286
 20
175.3346
 40
0.3032
  0
CIRCLE
  8
MIX
 10
-69.2019
 20
90.2930
 40
0.5938
  0
CIRCLE
  8
MIX
 10
195.1669
 20
146.2669
 40
0.7173
  0
CIRCLE
  8
MIX
 10
265.7682
 20
47.1284
 40
0.3728
  0
CIRCLE
  8
MIX
 10
18.9953
 20
-117.1281
 40
0.4364
  0
CIRCLE
  8
MIX
 10
42.9275
 20
-163.0682
 40
0.8946
  0
CIRCLE
  8
MIX
 10
19.3994
 20
17.6491
 40
0.2055
  0
CIRCLE
  8
MIX
 10
-259.3130
 20
-124.9763
 40
0.2090
  0
CIRCLE
  8
MIX
 10
111.8942
 20
-143.3822
 40
0.3635
  0
CIRCLE
  8
MIX
 10
60.5856
 20
-70.5413
 40
0.9378
  0
CIRCLE
  8
MIX
 10
126.9685
 20
60.5262
 40
0.6801
  0
CIRCLE
  8
MIX
 10
-253.5630
 20
154.2622
 40
0.9459
  0
CIRCLE
  8
MIX
 10
235.0498
 20
131.4613
 40
0.7259
  0
CIRCLE
  8
MIX
 10
-143.0569
 20
105.9104
 40
0.4661
  0
CIRCLE
  8
MIX
 10
13.7027
 20
111.0366
 40
0.1668
  0
CIRCLE
  8
MIX
 10
70.9132
 20
103.9878
 40
0.7737
  0
CIRCLE
  8
MIX
 10
123.5706
 20
121.9043
 40
0.2827
  0
CIRCLE
  8
MIX
 10
-233.8787
 20
-45.5238
 40
0.8679
  0
CIRCLE
  8
MIX
 10
-227.5160
 20
15.3728
 40
0.5837
  0
CIRCLE
  8
MIX
 10
-60.4281
 20
71.4947
 40
0.9331
  0
CIRCLE
  8
MIX
 10
246.7838
 20
-139.3364
 40
0.6803
  0
CIRCLE
  8
MIX
 10
159.7783
 20
-28.2365
 40
0.8926
  0
CIRCLE
  8
MIX
 10
81.5088
 20
-167.9346
 40
0.4939
  0
CIRCLE
  8
MIX
 10
241.8315
 20
-123.1306
 40
0.6458
  0
CIRCLE
  8
MIX
 10
-27.0884
 20
45.1837
 40
0.8732
  0
CIRCLE
  8
MIX
 10
-125.1919
 20
182.8013
 40
0.4720
  0
CIRCLE
  8
MIX
 10
154.0517
 20
188.8957
 40
0.7919
  0
CIRCLE
  8
MIX
 10
229.6794
 20
185.4652
 40
0.7498
  0
CIRCLE
  8
MIX
 10
-26.7796
 20
-168.2533
 40
0.4565
  0
CIRCLE
  8
MIX
 10
-294.4103
 20
186.2197
 40
0.5629
  0
CIRCLE
  8
MIX
 10
231.9219
 20
76.6253
 40
0.7196
  0
CIRCLE
  8
MIX
 10
64.4237
 20
144.1462
 40
0.3399
  0
CIRCLE
  8
MIX
 10
-39.6699
 20
91.8676
 40
0.9897
  0
CIRCLE
  8
MIX
 10
-230.7739
 20
3.0428
 40
0.9494
  0
CIRCLE
  8
MIX
 10
159.7972
 20
86.7289
 40
0.2827
  0
CIRCLE
  8
MIX
 10
232.5271
 20
-77.7620
 40
0.8910
  0
CIRCLE
  8
MIX
 10
260.3712
 20
150.6624
 40
0.7724
  0
CIRCLE
  8
MIX
 10
-92.7929
 20
132.5322
 40
0.9182
  0
CIRCLE
  8
MIX
 10
32.6261
 20
185.3193
 40
0.9118
  0
CIRCLE
  8
MIX
 10
-233.5400
 20
-166.8766
 40
0.4652
  0
CIRCLE
  8
MIX
 10
83.6767
 20
11.8758
 40
0.2026
  0
CIRCLE
  8
MIX
 10
191.9371
 20
193.5184
 40
0.4976
  0
CIRCLE
  8
MIX
 10
-236.7182
 20
30.4503
 40
0.8890
  0
CIRCLE
  8
MIX
 10
221.5109
 20
-2.5805
 40
0.9790
  0
CIRCLE
  8
MIX
 10
-186.3028
 20
-10.7427
 40
0.4268
  0
CIRCLE
  8
MIX
 10
81.5628
 20
14.6587
 40
0.3727
  0
CIRCLE
  8
MIX
 10
22.6595
 20
-105.0129
 40
0.3358
  0
CIRCLE
  8
MIX
 10
234.4912
 20
23.6755
 40
0.9328
  0
CIRCLE
  8
MIX
 10
178.8257
 20
-1.0281
 40
0.5141
  0
CIRCLE
  8
MIX
 10
-218.4608
 20
-177.9419
 40
0.7169
  0
CIRCLE
  8
MIX
 10
219.4012
 20
62.2296
 40
0.3817
  0
CIRCLE
  8
MIX
 10
5.2720
 20
-62.4742
 40
0.8290
  0
CIRCLE
  8
MIX
 10
-273.1800
 20
182.7336
 40
0.5124
  0
CIRCLE
  8
MIX
 10
-3.6282
 20
-122.3091
 40
0.4531
  0
CIRCLE
  8
MIX
 10
101.4374
 20
-123.5219
 40
0.2596
  0
CIRCLE
  8
MIX
 10
-62.9094
 20
-114.7609
 40
0.4801
  0
CIRCLE
  8
MIX
 10
-13.4890
 20
46.3495
 40
0.3189
  0
CIRCLE
  8
MIX
 10
89.9717
 20
117.0601
 40
0.5840
  0
CIRCLE
  8
MIX
 10
56.5334
 20
165.7269
 40
0.7478
  0
CIRCLE
  8
MIX
 10
-203.4360
 20
-157.4008
 40
0.9835
  0
CIRCLE
  8
MIX
 10
266.4824
 20
123.3604
 40
0.8737
  0
CIRCLE
  8
MIX
 10
278.0614
 20
139.5341
 40
0.3559
  0
CIRCLE
  8
MIX
 10
204.0257
 20
78.6754
 40
0.7038
  0
CIRCLE
  8
MIX
 10
-260.6534
 20
-24.9454
 40
0.7649
  0
CIRCLE
  8
MIX
 10
-264.5880
 20
-161.5319
 40
0.1582
  0
CIRCLE
  8
MIX
 10
201.0694
 20
99.7946
 40
0.9442
  0
CIRCLE
  8
MIX
 10
-155.0619
 20
-146.7584
 40
0.2114
  0
CIRCLE
  8
MIX
 10
122.3705
 20
150.0762
 40
0.1659
  0
CIRCLE
  8
MIX
 10
-56.2405
 20
-129.5658
 40
0.7074
  0
CIRCLE
  8
MIX
 10
90.9503
 20
123.8371
 40
0.3252
  0
CIRCLE
  8
MIX
 10
-277.3358
 20
168.7689
 40
0.4842
  0
CIRCLE
  8
MIX
 10
268.6046
 20
27.6586
 40
0.5785
  0
CIRCLE
  8
MIX
 10
61.4898
 20
-40.8608
 40
0.7174
  0
CIRCLE
  8
MIX
 10
-169.6321
 20
-32.0413
 40
0.8232
  0
CIRCLE
  8
MIX
 10
-188.5961
 20
-150.8900
 40
0.4486
  0
CIRCLE
  8
MIX
 10
185.2717
 20
179.9040
 40
0.7023
  0
CIRCLE
  8
MIX
 10
-178.4805
 20
66.4899
 40
0.7574
  0
CIRCLE
  8
MIX
 10
-242.3208
 20
54.1719
 40
0.2472
  0
CIRCLE
  8
MIX
 10
-195.4595
 20
118.7788
 40
0.5490
  0
CIRCLE
  8
MIX
 10
91.4592
 20
-184.3742
 40
0.5766
  0
CIRCLE
  8
MIX
 10
83.5727
 20
125.8616
 40
0.7179
  0
CIRCLE
  8
MIX
 10
286.1575
 20
140.4816
 40
0.8561
  0
CIRCLE
  8
MIX
 10
-259.8521
 20
19.3545
 40
0.9468
  0
CIRCLE
  8
MIX
 10
-13.9378
 20
140.9082
 40
0.6628
  0
CIRCLE
  8
MIX
 10
78.1350
 20
49.7622
 40
0.3034
  0
CIRCLE
  8
MIX
 10
60.8897
 20
-120.5369
 40
0.2653
  0
CIRCLE
  8
MIX
 10
265.8130
 20
158.3291
 40
0.4094
  0
CIRCLE
  8
MIX
 10
11.9964
 20
-38.4382
 40
0.6801
  0
CIRCLE
  8
MIX
 10
125.1925
 20
-89.5919
 40
0.6525
  0
CIRCLE
  8
MIX
 10
-248.2114
 20
-136.4216
 40
0.2366
  0
CIRCLE
  8
MIX
 10
-20.0368
 20
177.5817
 40
0.9067
  0
CIRCLE
  8
MIX
 10
-282.3823
 20
-31.5903
 40
0.7704
  0
CIRCLE
  8
MIX
 10
37.4435
 20
12.8960
 40
0.8429
  0
CIRCLE
  8
MIX
 10
-3.8455
 20
0.6678
 40
0.8623
  0
CIRCLE
  8
MIX
 10
-28.1156
 20
93.6710
 40
0.4141
  0
CIRCLE
  8
MIX
 10
-78.7138
 20
-28.6555
 40
0.3435
  0
CIRCLE
  8
MIX
 10
232.6703
 20
-4.3389
 40
0.4642
  0
CIRCLE
  8
MIX
 10
-0.7739
 20
58.0556
 40
0.7844
  0
CIRCLE
  8
MIX
 10
17.6182
 20
-132.8694
 40
0.1889
  0
CIRCLE
  8
MIX
 10
-29.9874
 20
63.0917
 40
0.5799
  0
CIRCLE
  8
MIX
 10
-105.0414
 20
187.9075
 40
0.3170
  0
CIRCLE
  8
MIX
 10
56.1568
 20
-1.2945
 40
0.7129
  0
CIRCLE
  8
MIX
 10
93.9255
 20
-57.0437
 40
0.5175
  0
CIRCLE
  8
MIX
 10
-1.8759
 20
118.6171
 40
0.8426
  0
CIRCLE
  8
MIX
 10
-200.5477
 20
68.6985
 40
0.5194
  0
CIRCLE
  8
MIX
 10
-246.1460
 20
-122.1347
 40
0.2811
  0
CIRCLE
  8
MIX
 10
-72.4959
 20
-150.5284
 40
0.1537
  0
CIRCLE
  8
MIX
 10
-203.1132
 20
31.1175
 40
0.9244
  0
CIRCLE
  8
MIX
 10
10.3307
 20
177.3952
 40
0.8307
  0
CIRCLE
  8
MIX
 10
-163.8800
 20
43.6371
 40
0.8037
  0
CIRCLE
  8
MIX
 10
211.6479
 20
-62.2392
 40
0.6414
  0
CIRCLE
  8
MIX
 10
-228.9764
 20
160.5296
 40
0.2316
  0
CIRCLE
  8
MIX
 10
66.6961
 20
-19.8704
 40
0.7741
  0
CIRCLE
  8
MIX
 10
80.5302
 20
-150.0899
 40
0.5750
  0
CIRCLE
  8
MIX
 10
-22.4658
 20
-161.1454
 40
0.9952
  0
CIRCLE
  8
MIX
 10
-276.9370
 20
105.4971
 40
0.7319
  0
CIRCLE
  8
MIX
 10
126.0584
 20
-7.9991
 40
0.9658
  0
CIRCLE
  8
MIX
 10
-9.5122
 20
-84.9046
 40
0.3727
  0
CIRCLE
  8
MIX
 10
242.3284
 20
-109.1419
 40
0.9308
  0
CIRCLE
  8
MIX
 10
-238.5415
 20
-45.2687
 40
0.5175
  0
CIRCLE
  8
MIX
 10
60.1062
 20
-120.3186
 40
0.6847
  0
CIRCLE
  8
MIX
 10
-39.1088
 20
-104.9023
 40
0.7051
  0
CIRCLE
  8
MIX
 10
161.2919
 20
-106.7926
 40
0.6687
  0
CIRCLE
  8
MIX
 10
253.4142
 20
178.7047
 40
0.9592
  0
CIRCLE
  8
MIX
 10
282.4489
 20
64.1205
 40
0.7386
  0
CIRCLE
  8
MIX
 10
280.8531
 20
-76.0357
 40
0.8172
  0
CIRCLE
  8
MIX
 10
-63.9183
 20
-119.7576
 40
0.2034
  0
CIRCLE
  8
MIX
 10
-191.6448
 20
27.6131
 40
0.7045
  0
CIRCLE
  8
MIX
 10
123.0204
 20
108.0339
 40
0.7119
  0
CIRCLE
  8
MIX
 10
-238.0934
 20
30.6457
 40
0.5432
  0
CIRCLE
  8
MIX
 10
246.4289
 20
1.2841
 40
0.5117
  0
CIRCLE
  8
MIX
 10
12.9804
 20
-43.4542
 40
0.3453
  0
CIRCLE
  8
MIX
 10
-111.1707
 20
-152.1350
 40
0.5005
  0
CIRCLE
  8
MIX
 10
205.1384
 20
-164.6914
 40
0.5707
  0
CIRCLE
  8
MIX
 10
67.3839
 20
-90.5975
 40
0.2425
  0
CIRCLE
  8
MIX
 10
-26.1657
 20
143.7993
 40
0.3566
  0
CIRCLE
  8
MIX
 10
65.7452
 20
64.9068
 40
0.3184
  0
CIRCLE
  8
MIX
 10
205.6842
 20
-146.3640
 40
0.5051
  0
CIRCLE
  8
MIX
 10
-250.6856
 20
-183.9360
 40
0.5596
  0
CIRCLE
  8
MIX
 10
8.3362
 20
-156.7258
 40
0.8338
  0
CIRCLE
  8
MIX
 10
261.0072
 20
75.2714
 40
0.5828
  0
CIRCLE
  8
MIX
 10
-151.9746
 20
82.5537
 40
0.4983
  0
CIRCLE
  8
MIX
 10
12.8464
 20
103.8449
 40
0.6341
  0
CIRCLE
  8
MIX
 10
-99.7965
 20
166.8903
 40
0.9289
  0
CIRCLE
  8
MIX
 10
191.1424
 20
-46.6053
 40
0.9608
  0
CIRCLE
  8
MIX
 10
-209.4758
 20
-74.1801
 40
0.7306
  0
CIRCLE
  8
MIX
 10
195.9328
 20
94.3993
 40
0.7038
  0
CIRCLE
  8
MIX
 10
-149.7924
 20
-172.0402
 40
0.5635
  0
CIRCLE
  8
MIX
 10
4.9823
 20
88.7636
 40
0.8355
  0
CIRCLE
  8
MIX
 10
-227.3658
 20
-187.0847
 40
0.2608
  0
CIRCLE
  8
MIX
 10
-24.7610
 20
-116.1325
 40
0.2978
  0
CIRCLE
  8
MIX
 10
158.1991
 20
91.4544
 40
0.6182
  0
CIRCLE
  8
MIX
 10
-113.5357
 20
-59.4464
 40
0.4746
  0
CIRCLE
  8
MIX
 10
103.2242
 20
-10.3276
 40
0.5818
  0
CIRCLE
  8
MIX
 10
229.0325
 20
-7.0858
 40
0.8946
  0
CIRCLE
  8
MIX
 10
97.3396
 20
-117.8951
 40
0.7780
  0
CIRCLE
  8
MIX
 10
-233.0937
 20
-0.1364
 40
0.9090
  0
CIRCLE
  8
MIX
 10
-46.5466
 20
-45.9209
 40
0.9480
  0
CIRCLE
  8
MIX
 10
183.7633
 20
13.5826
 40
0.6106
  0
CIRCLE
  8
MIX
 10
276.4789
 20
26.2700
 40
0.5814
  0
CIRCLE
  8
MIX
 10
271.4403
 20
-145.7635
 40
0.9537
  0
CIRCLE
  8
MIX
 10
142.6339
 20
-134.3028
 40
0.1610
  0
CIRCLE
  8
MIX
 10
81.5241
 20
-29.8471
 40
0.3875
  0
CIRCLE
  8
MIX
 10
101.6132
 20
-81.4879
 40
0.3040
  0
CIRCLE
  8
MIX
 10
-170.7051
 20
-125.8480
 40
0.4305
  0
CIRCLE
  8
MIX
 10
110.5198
 20
-7.8696
 40
0.3804
  0
CIRCLE
  8
MIX
 10
20.5762
 20
116.1911
 40
0.7757
  0
CIRCLE
  8
MIX
 10
-57.6362
 20
128.8180
 40
0.4237
  0
CIRCLE
  8
MIX
 10
282.6123
 20
-193.8204
 40
0.3730
  0
CIRCLE
  8
MIX
 10
-285.5406
 20
-89.0187
 40
0.4463
  0
CIRCLE
  8
MIX
 10
76.1293
 20
154.9783
 40
0.2830
  0
CIRCLE
  8
MIX
 10
204.4123
 20
91.4012
 40
0.5484
  0
CIRCLE
  8
MIX
 10
-6.5119
 20
-157.5207
 40
0.7736
  0
CIRCLE
  8
MIX
 10
264.8479
 20
160.7338
 40
0.6295
  0
CIRCLE
  8
MIX
 10
23.5633
 20
-154.4949
 40
0.7340
  0
CIRCLE
  8
MIX
 10
-166.1696
 20
101.0239
 40
0.8044
  0
CIRCLE
  8
MIX
 10
-236.0789
 20
181.3379
 40
0.2549
  0
CIRCLE
  8
MIX
 10
97.3186
 20
-131.0006
 40
0.3469
  0
CIRCLE
  8
MIX
 10
231.2787
 20
31.2204
 40
0.8607
  0
CIRCLE
  8
MIX
 10
24.2416
 20
-122.2237
 40
0.6141
  0
CIRCLE
  8
MIX
 10
-21.6389
 20
-31.5732
 40
0.7718
  0
CIRCLE
  8
MIX
 10
-254.8903
 20
71.5631
 40
0.5573
  0
CIRCLE
  8
MIX
 10
275.3627
 20
-186.2782
 40
0.5698
  0
CIRCLE
  8
MIX
 10
-277.2472
 20
-193.7500
 40
0.4131
  0
CIRCLE
  8
MIX
 10
123.5419
 20
-176.5285
 40
0.4799
  0
CIRCLE
  8
MIX
 10
210.0450
 20
10.6690
 40
0.8764
  0
CIRCLE
  8
MIX
 10
-206.7392
 20
-171.4254
 40
0.5066
  0
CIRCLE
  8
MIX
 10
-84.4072
 20
-159.9566
 40
0.3847
  0
CIRCLE
  8
MIX
 10
-254.7141
 20
-127.9828
 40
0.8254
  0
CIRCLE
  8
MIX
 10
-44.4356
 20
25.9806
 40
0.5742
  0
CIRCLE
  8
MIX
 10
-101.3621
 20
-64.5530
 40
0.6607
  0
CIRCLE
  8
MIX
 10
-250.6049
 20
-162.4626
 40
0.9125
  0
CIRCLE
  8
MIX
 10
196.9706
 20
-173.0188
 40
0.7907
  0
CIRCLE
  8
MIX
 10
80.2433
 20
-113.3450
 40
0.2954
  0
CIRCLE
  8
MIX
 10
234.6200
 20
109.7500
 40
0.4846
  0
CIRCLE
  8
MIX
 10
289.0628
 20
-170.1230
 40
0.5275
  0
CIRCLE
  8
MIX
 10
-250.6587
 20
59.6761
 40
0.9531
  0
CIRCLE
  8
MIX
 10
285.2379
 20
-62.0327
 40
0.9157
  0
CIRCLE
  8
MIX
 10
17.6014
 20
-132.0319
 40
0.8698
  0
CIRCLE
  8
MIX
 10
148.1535
 20
87.0984
 40
0.3020
  0
CIRCLE
  8
MIX
 10
-293.6403
 20
64.9949
 40
0.4898
  0
CIRCLE
  8
MIX
 10
-185.9067
 20
150.9240
 40
0.6228
  0
CIRCLE
  8
MIX
 10
-81.1944
 20
-56.1315
 40
0.2512
  0
CIRCLE
  8
MIX
 10
-27.2797
 20
-126.6624
 40
0.2660
  0
CIRCLE
  8
MIX
 10
-63.2254
 20
-109.5576
 40
0.4362
  0
CIRCLE
  8
MIX
 10
138.3527
 20
158.3019
 40
0.2380
  0
CIRCLE
  8
MIX
 10
155.7884
 20
-12.2220
 40
0.4838
  0
CIRCLE
  8
MIX
 10
14.5484
 20
-172.9412
 40
0.1987
  0
CIRCLE
  8
MIX
 10
286.1038
 20
153.7028
 40
0.5814
  0
CIRCLE
  8
MIX
 10
-32.5950
 20
45.5497
 40
0.8650
  0
CIRCLE
  8
MIX
 10
-98.9306
 20
-93.8875
 40
0.3147
  0
CIRCLE
  8
MIX
 10
104.7230
 20
-162.7608
 40
0.5703
  0
CIRCLE
  8
MIX
 10
-151.2878
 20
-21.5706
 40
0.7574
  0
CIRCLE
  8
MIX
 10
6.0077
 20
-90.0087
 40
0.4822
  0
CIRCLE
  8
MIX
 10
-129.9201
 20
173.3485
 40
0.5926
  0
CIRCLE
  8
MIX
 10
-166.5332
 20
81.4496
 40
0.6875
  0
CIRCLE
  8
MIX
 10
-55.3238
 20
172.9443
 40
0.7064
  0
CIRCLE
  8
MIX
 10
-222.0765
 20
-93.2332
 40
0.7655
  0
CIRCLE
  8
MIX
 10
215.6149
 20
153.6236
 40
0.7374
  0
CIRCLE
  8
MIX
 10
-12.8151
 20
-173.2342
 40
0.8670
  0
CIRCLE
  8
MIX
 10
-168.8796
 20
61.5361
 40
0.7827
  0
CIRCLE
  8
MIX
 10
-190.8926
 20
-35.0504
 40
0.1575
  0
CIRCLE
  8
MIX
 10
-279.0236
 20
-95.8467
 40
0.4143
  0
CIRCLE
  8
MIX
 10
98.6541
 20
99.4499
 40
0.5906
  0
CIRCLE
  8
MIX
 10
-157.2856
 20
-26.9570
 40
0.2221
  0
CIRCLE
  8
MIX
 10
-251.1171
 20
112.2763
 40
0.6213
  0
CIRCLE
  8
MIX
 10
218.9955
 20
-182.3487
 40
0.3823
  0
CIRCLE
  8
MIX
 10
241.2937
 20
144.3391
 40
0.3173
  0
CIRCLE
  8
MIX
 10
-188.9831
 20
136.4076
 40
0.3377
  0
CIRCLE
  8
MIX
 10
-177.4578
 20
-188.0719
 40
0.6926
  0
CIRCLE
  8
MIX
 10
-190.8788
 20
65.9419
 40
0.3134
  0
CIRCLE
  8
MIX
 10
153.4567
 20
19.8783
 40
0.6045
  0
CIRCLE
  8
MIX
 10
-212.6440
 20
187.8932
 40
0.8741
  0
CIRCLE
  8
MIX
 10
-266.1882
 20
-20.2002
 40
0.5699
  0
CIRCLE
  8
MIX
 10
39.7627
 20
51.9509
 40
0.3025
  0
CIRCLE
  8
MIX
 10
283.6775
 20
29.7355
 40
0.2642
  0
CIRCLE
  8
MIX
 10
-231.0691
 20
179.6464
 40
0.2772
  0
CIRCLE
  8
MIX
 10
50.6175
 20
-154.3050
 40
0.3565
  0
CIRCLE
  8
MIX
 10
8.0737
 20
-167.7372
 40
0.4623
  0
CIRCLE
  8
MIX
 10
202.8141
 20
-23.0642
 40
0.8069
  0
CIRCLE
  8
MIX
 10
142.8249
 20
-115.7043
 40
0.8640
  0
CIRCLE
  8
MIX
 10
192.5878
 20
126.8845
 40
0.1936
  0
CIRCLE
  8
MIX
 10
184.3649
 20
-182.5676
 40
0.2255
  0
CIRCLE
  8
MIX
 10
154.0225
 20
-138.5466
 40
0.1982
  0
CIRCLE
  8
MIX
 10
137.6149
 20
15.2730
 40
0.7486
  0
CIRCLE
  8
MIX
 10
-176.2661
 20
-2.5349
 40
0.3977
  0
CIRCLE
  8
MIX
 10
123.3334
 20
-67.7628
 40
0.2474
  0
CIRCLE
  8
MIX
 10
6.5007
 20
-62.8026
 40
0.1817
  0
CIRCLE
  8
MIX
 10
127.2672
 20
-182.4561
 40
0.7088
  0
CIRCLE
  8
MIX
 10
128.7418
 20
101.9575
 40
0.9932
  0
CIRCLE
  8
MIX
 10
-110.7044
 20
3.0589
 40
0.8809
  0
CIRCLE
  8
MIX
 10
203.9397
 20
189.3302
 40
0.8422
  0
CIRCLE
  8
MIX
 10
-232.9949
 20
108.4373
 40
0.1993
  0
CIRCLE
  8
MIX
 10
-23.6836
 20
-123.4208
 40
0.4519
  0
CIRCLE
  8
MIX
 10
-22.3877
 20
-175.4181
 40
0.9683
  0
CIRCLE
  8
MIX
 10
153.6186
 20
-122.1452
 40
0.7132
  0
CIRCLE
  8
MIX
 10
165.8370
 20
-16.7408
 40
0.4957
  0
CIRCLE
  8
MIX
 10
-31.9870
 20
-133.3690
 40
0.6807
  0
CIRCLE
  8
MIX
 10
119.4918
 20
-107.0052
 40
0.2709
  0
CIRCLE
  8
MIX
 10
-172.9174
 20
-61.5903
 40
0.7542
  0
CIRCLE
  8
MIX
 10
-284.5676
 20
165.3792
 40
0.2273
  0
CIRCLE
  8
MIX
 10
-64.0052
 20
33.4342
 40
0.2195
  0
CIRCLE
  8
MIX
 10
12.3597
 20
87.8835
 40
0.7808
  0
CIRCLE
  8
MIX
 10
18.3394
 20
-83.7919
 40
0.7485
  0
CIRCLE
  8
MIX
 10
40.0323
 20
45.4776
 40
0.4296
  0
CIRCLE
  8
MIX
 10
-61.8463
 20
59.2565
 40
0.5403
  0
CIRCLE
  8
MIX
 10
2.9827
 20
20.0042
 40
0.8862
  0
CIRCLE
  8
MIX
 10
-49.4861
 20
24.0591
 40
0.9000
  0
CIRCLE
  8
MIX
 10
-112.9166
 20
-170.3604
 40
0.9766
  0
CIRCLE
  8
MIX
 10
-245.9677
 20
53.6626
 40
0.6102
  0
CIRCLE
  8
MIX
 10
45.5342
 20
-112.8789
 40
0.5843
  0
CIRCLE
  8
MIX
 10
66.8964
 20
0.4084
 40
0.5789
  0
CIRCLE
  8
MIX
 10
-86.7188
 20
-89.0148
 40
0.4247
  0
CIRCLE
  8
MIX
 10
-150.0164
 20
-130.2703
 40
0.3580
  0
CIRCLE
  8
MIX
 10
271.7879
 20
95.0997
 40
0.6641
  0
CIRCLE
  8
MIX
 10
-152.6769
 20
-101.6637
 40
0.1937
  0
CIRCLE
  8
MIX
 10
-274.2885
 20
-85.4786
 40
0.6751
  0
CIRCLE
  8
MIX
 10
-2.9935
 20
113.5621
 40
0.9579
  0
CIRCLE
  8
MIX
 10
-274.3715
 20
46.4401
 40
0.4519
  0
CIRCLE
  8
MIX
 10
255.8268
 20
-58.5502
 40
0.6905
  0
CIRCLE
  8
MIX
 10
102.7774
 20
59.9045
 40
0.4398
  0
CIRCLE
  8
MIX
 10
279.6949
 20
-64.4547
 40
0.4705
  0
CIRCLE
  8
MIX
 10
139.0660
 20
-186.5595
 40
0.8418
  0
CIRCLE
  8
MIX
 10
70.4934
 20
-102.3928
 40
0.7072
  0
CIRCLE
  8
MIX
 10
14.5976
 20
-118.1996
 40
0.1668
  0
CIRCLE
  8
MIX
 10
89.7378
 20
146.7753
 40
0.8035
  0
CIRCLE
  8
MIX
 10
91.9417
 20
28.1758
 40
0.2053
  0
CIRCLE
  8
MIX
 10
-168.5359
 20
176.4116
 40
0.3327
  0
CIRCLE
  8
MIX
 10
187.5667
 20
72.5298
 40
0.7079
  0
CIRCLE
  8
MIX
 10
-157.5933
 20
119.1014
 40
0.7328
  0
CIRCLE
  8
MIX
 10
2.5128
 20
-193.5188
 40
0.9517
  0
CIRCLE
  8
MIX
 10
-291.9811
 20
31.4125
 40
0.4489
  0
CIRCLE
  8
MIX
 10
-117.2388
 20
146.6861
 40
0.5383
  0
CIRCLE
  8
MIX
 10
-170.5299
 20
132.2196
 40
0.2967
  0
CIRCLE
  8
MIX
 10
-248.8965
 20
128.1265
 40
0.7326
  0
CIRCLE
  8
MIX
 10
-289.3200
 20
142.9505
 40
0.6563
  0
CIRCLE
  8
MIX
 10
-187.1175
 20
32.4136
 40
0.1584
  0
CIRCLE
  8
MIX
 10
-233.0301
 20
-33.7455
 40
0.6536
  0
CIRCLE
  8
MIX
 10
-55.9900
 20
10.3697
 40
0.5125
  0
CIRCLE
  8
MIX
 10
-240.7279
 20
-107.4147
 40
0.9103
  0
CIRCLE
  8
MIX
 10
227.4210
 20
-150.9670
 40
0.6380
  0
CIRCLE
  8
MIX
 10
-58.7001
 20
-56.7332
 40
0.9162
  0
CIRCLE
  8
MIX
 10
-170.1529
 20
-82.9231
 40
0.9504
  0
CIRCLE
  8
MIX
 10
-227.1231
 20
115.0426
 40
0.5194
  0
CIRCLE
  8
MIX
 10
10.7318
 20
125.7025
 40
0.6839
  0
CIRCLE
  8
MIX
 10
-157.9784
 20
-103.8760
 40
0.7011
  0
CIRCLE
  8
MIX
 10
-74.4765
 20
130.5961
 40
0.6121
  0
CIRCLE
  8
MIX
 10
242.6206
 20
78.6180
 40
0.4821
  0
CIRCLE
  8
MIX
 10
-17.2935
 20
-159.1988
 40
0.4399
  0
CIRCLE
  8
MIX
 10
-95.1438
 20
-71.8276
 40
0.5595
  0
CIRCLE
  8
MIX
 10
4.0332
 20
-51.4279
 40
0.6094
  0
CIRCLE
  8
MIX
 10
-86.7703
 20
-130.0240
 40
0.2634
  0
CIRCLE
  8
MIX
 10
-273.2685
 20
-3.2771
 40
0.2509
  0
CIRCLE
  8
MIX
 10
-106.7099
 20
2.1468
 40
0.5259
  0
CIRCLE
  8
MIX
 10
-88.7482
 20
-137.1090
 40
0.2857
  0
CIRCLE
  8
MIX
 10
-115.7053
 20
54.2799
 40
0.9388
  0
CIRCLE
  8
MIX
 10
-15.3817
 20
-30.2326
 40
0.9006
  0
CIRCLE
  8
MIX
 10
132.2303
 20
-118.2439
 40
0.8506
  0
CIRCLE
  8
MIX
 10
-236.0770
 20
102.9403
 40
0.4440
  0
CIRCLE
  8
MIX
 10
137.1782
 20
36.5927
 40
0.7060
  0
CIRCLE
  8
MIX
 10
-56.8062
 20
-190.1829
 40
0.3534
  0
CIRCLE
  8
MIX
 10
-287.8506
 20
-25.6176
 40
0.9039
  0
CIRCLE
  8
MIX
 10
-83.9753
 20
40.3738
 40
0.4369
  0
CIRCLE
  8
MIX
 10
158.5045
 20
-134.5163
 40
0.6417
  0
CIRCLE
  8
MIX
 10
272.2391
 20
19.4860
 40
0.3104
  0
CIRCLE
  8
MIX
 10
237.1551
 20
-81.6694
 40
0.3167
  0
CIRCLE
  8
MIX
 10
195.7017
 20
27.5668
 40
0.5150
  0
CIRCLE
  8
MIX
 10
286.1695
 20
-115.2193
 40
0.7547
  0
CIRCLE
  8
MIX
 10
58.4625
 20
-102.5708
 40
0.6110
  0
CIRCLE
  8
MIX
 10
-204.5760
 20
143.0669
 40
0.8968
  0
CIRCLE
  8
MIX
 10
-20.0486
 20
26.9513
 40
0.8526
  0
CIRCLE
  8
MIX
 10
108.8069
 20
-145.5966
 40
0.8116
  0
CIRCLE
  8
MIX
 10
265.1953
 20
15.4998
 40
0.7382
  0
CIRCLE
  8
MIX
 10
-114.5647
 20
125.8819
 40
0.6338
  0
CIRCLE
  8
MIX
 10
-210.7479
 20
113.4170
 40
0.9971
  0
CIRCLE
  8
MIX
 10
-15.3503
 20
136.2166
 40
0.4377
  0
CIRCLE
  8
MIX
 10
92.4987
 20
164.4411
 40
0.9107
  0
CIRCLE
  8
MIX
 10
-53.5565
 20
133.4184
 40
0.4329
  0
CIRCLE
  8
MIX
 10
69.3190
 20
-63.0338
 40
0.5121
  0
CIRCLE
  8
MIX
 10
240.7229
 20
-64.1590
 40
0.2187
  0
CIRCLE
  8
MIX
 10
47.3670
 20
-102.1987
 40
0.7695
  0
CIRCLE
  8
MIX
 10
-133.3735
 20
171.4988
 40
0.4411
  0
CIRCLE
  8
MIX
 10
202.1779
 20
-112.1896
 40
0.3092
  0
CIRCLE
  8
MIX
 10
-11.6935
 20
-123.6426
 40
0.8546
  0
CIRCLE
  8
MIX
 10
-131.2829
 20
28.7584
 40
0.8917
  0
CIRCLE
  8
MIX
 10
-132.6528
 20
-188.3086
 40
0.6549
  0
CIRCLE
  8
MIX
 10
-96.2588
 20
-118.9047
 40
0.3394
  0
CIRCLE
  8
MIX
 10
145.6049
 20
-5.1561
 40
0.3932
  0
CIRCLE
  8
MIX
 10
-193.1503
 20
119.5430
 40
0.8891
  0
CIRCLE
  8
MIX
 10
-153.0345
 20
28.0524
 40
0.5236
  0
CIRCLE
  8
MIX
 10
150.0772
 20
63.4433
 40
0.7888
  0
CIRCLE
  8
MIX
 10
213.5613
 20
47.6825
 40
0.1947
  0
CIRCLE
  8
MIX
 10
-107.9285
 20
68.1461
 40
0.1751
  0
CIRCLE
  8
MIX
 10
-27.3610
 20
182.4812
 40
0.3376
  0
CIRCLE
  8
MIX
 10
-110.4435
 20
138.4982
 40
0.7495
  0
CIRCLE
  8
MIX
 10
-114.2463
 20
-154.4279
 40
0.9527
  0
CIRCLE
  8
MIX
 10
-207.8354
 20
51.9991
 40
0.2569
  0
CIRCLE
  8
MIX
 10
-116.4505
 20
-127.8739
 40
0.8144
  0
CIRCLE
  8
MIX
 10
-156.9340
 20
53.6629
 40
0.6604
  0
CIRCLE
  8
MIX
 10
-241.6889
 20
-125.8133
 40
0.2753
  0
CIRCLE
  8
MIX
 10
-206.6090
 20
-86.6850
 40
0.1865
  0
CIRCLE
  8
MIX
 10
63.9921
 20
-52.7210
 40
0.2741
  0
CIRCLE
  8
MIX
 10
209.4765
 20
-84.7847
 40
0.7886
  0
CIRCLE
  8
MIX
 10
-169.2141
 20
-78.5847
 40
0.3500
  0
CIRCLE
  8
MIX
 10
194.7201
 20
45.7760
 40
0.1776
  0
CIRCLE
  8
MIX
 10
-200.2339
 20
-66.8048
 40
0.2648
  0
CIRCLE
  8
MIX
 10
38.5514
 20
-76.0096
 40
0.3471
  0
CIRCLE
  8
MIX
 10
93.9213
 20
-132.8784
 40
0.6477
  0
CIRCLE
  8
MIX
 10
239.9660
 20
187.2573
 40
0.7723
  0
CIRCLE
  8
MIX
 10
-3.6966
 20
-185.7234
 40
0.3306
  0
CIRCLE
  8
MIX
 10
-161.5153
 20
148.8169
 40
0.5678
  0
CIRCLE
  8
MIX
 10
125.2508
 20
-33.6398
 40
0.3384
  0
CIRCLE
  8
MIX
 10
-222.4774
 20
128.2731
 40
0.6640
  0
CIRCLE
  8
MIX
 10
-38.0271
 20
-95.9437
 40
0.4336
  0
CIRCLE
  8
MIX
 10
-159.7447
 20
149.8946
 40
0.1766
  0
CIRCLE
  8
MIX
 10
218.4670
 20
101.9880
 40
0.6730
  0
CIRCLE
  8
MIX
 10
52.3839
 20
-89.1673
 40
0.9605
  0
CIRCLE
  8
MIX
 10
-25.0015
 20
129.4206
 40
0.2201
  0
CIRCLE
  8
MIX
 10
205.9849
 20
-170.6988
 40
0.1904
  0
CIRCLE
  8
MIX
 10
-212.5023
 20
17.6074
 40
0.5566
  0
CIRCLE
  8
MIX
 10
-259.8629
 20
17.3943
 40
0.2946
  0
CIRCLE
  8
MIX
 10
-82.5729
 20
-137.4926
 40
0.8953
  0
CIRCLE
  8
MIX
 10
-266.5122
 20
-39.1849
 40
0.5304
  0
CIRCLE
  8
MIX
 10
291.2261
 20
6.7784
 40
0.2151
  0
CIRCLE
  8
MIX
 10
-262.3848
 20
-95.3959
 40
0.4648
  0
CIRCLE
  8
MIX
 10
-105.4140
 20
18.7177
 40
0.5946
  0
CIRCLE
  8
MIX
 10
-65.8007
 20
-123.7575
 40
0.2737
  0
CIRCLE
  8
MIX
 10
159.7935
 20
169.4389
 40
0.2316
  0
CIRCLE
  8
MIX
 10
-160.1017
 20
61.5082
 40
0.2146
  0
CIRCLE
  8
MIX
 10
203.4651
 20
-25.7225
 40
0.9168
  0
CIRCLE
  8
MIX
 10
-173.3296
 20
120.4359
 40
0.1869
  0
CIRCLE
  8
MIX
 10
178.4210
 20
51.4687
 40
0.6543
  0
CIRCLE
  8
MIX
 10
228.3493
 20
96.9239
 40
0.2322
  0
CIRCLE
  8
MIX
 10
78.4628
 20
-8.2111
 40
0.2066
  0
CIRCLE
  8
MIX
 10
122.8171
 20
142.1905
 40
0.6635
  0
CIRCLE
  8
MIX
 10
-270.3109
 20
-101.6646
 40
0.2016
  0
CIRCLE
  8
MIX
 10
-250.6280
 20
-14.3402
 40
0.3799
  0
CIRCLE
  8
MIX
 10
247.9326
 20
147.2059
 40
0.6027
  0
CIRCLE
  8
MIX
 10
-210.8902
 20
3.2088
 40
0.5087
  0
CIRCLE
  8
MIX
 10
-9.7893
 20
-121.2392
 40
0.2682
  0
CIRCLE
  8
MIX
 10
-221.4194
 20
98.2697
 40
0.3344
  0
CIRCLE
  8
MIX
 10
-120.0318
 20
-183.3255
 40
0.1884
  0
CIRCLE
  8
MIX
 10
119.8931
 20
72.3177
 40
0.7435
  0
CIRCLE
  8
MIX
 10
-207.3628
 20
69.3430
 40
0.1558
  0
CIRCLE
  8
MIX
 10
-249.9346
 20
124.0307
 40
0.7966
  0
CIRCLE
  8
MIX
 10
30.8639
 20
26.6725
 40
0.6599
  0
CIRCLE
  8
MIX
 10
-104.9790
 20
-112.8729
 40
0.1727
  0
CIRCLE
  8
MIX
 10
248.9333
 20
-103.9255
 40
0.9822
  0
CIRCLE
  8
MIX
 10
225.4445
 20
-78.1699
 40
0.3040
  0
CIRCLE
  8
MIX
 10
44.6888
 20
-144.1113
 40
0.1514
  0
CIRCLE
  8
MIX
 10
-291.0039
 20
-99.6815
 40
0.4871
  0
CIRCLE
  8
MIX
 10
-284.1406
 20
-176.3092
 40
0.4446
  0
CIRCLE
  8
MIX
 10
172.3882
 20
68.6508
 40
0.9526
  0
CIRCLE
  8
MIX
 10
197.4116
 20
112.2770
 40
0.7804
  0
CIRCLE
  8
MIX
 10
223.8008
 20
-117.2514
 40
0.8450
  0
CIRCLE
  8
MIX
 10
-81.4020
 20
88.7899
 40
0.9882
  0
CIRCLE
  8
MIX
 10
197.3030
 20
70.3411
 40
0.2125
  0
CIRCLE
  8
MIX
 10
-15.9866
 20
13.7242
 40
0.5530
  0
CIRCLE
  8
MIX
 10
42.6070
 20
40.5576
 40
0.5543
  0
CIRCLE
  8
MIX
 10
93.4630
 20
47.6579
 40
0.8079
  0
CIRCLE
  8
MIX
 10
171.8638
 20
194.3584
 40
0.8434
  0
CIRCLE
  8
MIX
 10
32.0266
 20
95.7686
 40
0.8929
  0
CIRCLE
  8
MIX
 10
-213.4483
 20
178.4691
 40
0.8488
  0
CIRCLE
  8
MIX
 10
-34.3726
 20
-45.2605
 40
0.4326
  0
CIRCLE
  8
MIX
 10
48.0809
 20
-180.8284
 40
0.7940
  0
CIRCLE
  8
MIX
 10
-10.0628
 20
194.8069
 40
0.2829
  0
CIRCLE
  8
MIX
 10
-218.2323
 20
-153.5318
 40
0.5813
  0
CIRCLE
  8
MIX
 10
222.8088
 20
162.6906
 40
0.2718
  0
CIRCLE
  8
MIX
 10
-28.4101
 20
-179.9880
 40
0.1925
  0
CIRCLE
  8
MIX
 10
-216.1126
 20
-119.7737
 40
0.1836
  0
CIRCLE
  8
MIX
 10
-291.1454
 20
-127.9537
 40
0.6264
  0
CIRCLE
  8
MIX
 10
60.8495
 20
-50.0498
 40
0.6224
  0
CIRCLE
  8
MIX
 10
227.8517
 20
-64.3406
 40
0.9115
  0
CIRCLE
  8
MIX
 10
131.1170
 20
-66.0992
 40
0.5180
  0
CIRCLE
  8
MIX
 10
11.9792
 20
25.2004
 40
0.7648
  0
CIRCLE
  8
MIX
 10
-67.8722
 20
-63.2304
 40
0.7650
  0
CIRCLE
  8
MIX
 10
80.9499
 20
-194.0495
 40
0.9644
  0
CIRCLE
  8
MIX
 10
263.5801
 20
160.4877
 40
0.6855
  0
CIRCLE
  8
MIX
 10
-150.2074
 20
-151.6274
 40
0.4448
  0
CIRCLE
  8
MIX
 10
222.7401
 20
155.6359
 40
0.1505
  0
CIRCLE
  8
MIX
 10
169.6737
 20
84.6975
 40
0.8671
  0
CIRCLE
  8
MIX
 10
-39.8244
 20
-73.0376
 40
0.3960
  0
CIRCLE
  8
MIX
 10
235.3504
 20
128.5200
 40
0.7891
  0
CIRCLE
  8
MIX
 10
-140.6115
 20
77.0274
 40
0.8527
  0
CIRCLE
  8
MIX
 10
-149.4268
 20
-162.2954
 40
0.4218
  0
CIRCLE
  8
MIX
 10
-288.9721
 20
-165.1708
 40
0.9860
  0
CIRCLE
  8
MIX
 10
67.2248
 20
-46.5008
 40
0.5452
  0
CIRCLE
  8
MIX
 10
-268.0852
 20
66.4393
 40
0.6898
  0
CIRCLE
  8
MIX
 10
52.6754
 20
-109.4305
 40
0.5064
  0
CIRCLE
  8
MIX
 10
212.2565
 20
3.4455
 40
0.6578
  0
CIRCLE
  8
MIX
 10
188.9959
 20
89.9566
 40
0.3473
  0
CIRCLE
  8
MIX
 10
182.4143
 20
43.6152
 40
0.8405
  0
CIRCLE
  8
MIX
 10
83.5467
 20
145.9575
 40
0.2270
  0
CIRCLE
  8
MIX
 10
-265.3292
 20
-2.1041
 40
0.4541
  0
CIRCLE
  8
MIX
 10
229.3089
 20
-175.0913
 40
0.3361
  0
CIRCLE
  8
MIX
 10
-193.1287
 20
-110.0757
 40
0.3559
  0
CIRCLE
  8
MIX
 10
131.3920
 20
145.0360
 40
0.6162
  0
CIRCLE
  8
MIX
 10
4.8288
 20
169.8560
 40
0.8087
  0
CIRCLE
  8
MIX
 10
-180.3148
 20
-41.7979
 40
0.4069
  0
CIRCLE
  8
MIX
 10
160.2502
 20
104.8200
 40
0.5460
  0
CIRCLE
  8
MIX
 10
262.8753
 20
-137.2439
 40
0.9860
  0
CIRCLE
  8
MIX
 10
261.8955
 20
84.8807
 40
0.3857
  0
CIRCLE
  8
MIX
 10
152.2754
 20
-131.9605
 40
0.8805
  0
CIRCLE
  8
MIX
 10
10.9817
 20
-152.6818
 40
0.9883
  0
CIRCLE
  8
MIX
 10
-8.6488
 20
-128.3298
 40
0.8160
  0
CIRCLE
  8
MIX
 10
158.7414
 20
44.5565
 40
0.8480
  0
CIRCLE
  8
MIX
 10
-225.2593
 20
166.7595
 40
0.9681
  0
CIRCLE
  8
MIX
 10
255.7808
 20
-166.5677
 40
0.7900
  0
CIRCLE
  8
MIX
 10
-164.8067
 20
-186.0285
 40
0.9375
  0
CIRCLE
  8
MIX
 10
20.7148
 20
-183.0457
 40
0.3677
  0
CIRCLE
  8
MIX
 10
54.4507
 20
39.0584
 40
0.4758
  0
CIRCLE
  8
MIX
 10
190.7345
 20
-184.4963
 40
0.4508
  0
CIRCLE
  8
MIX
 10
90.9089
 20
166.4441
 40
0.7435
  0
CIRCLE
  8
MIX
 10
250.5285
 20
193.8208
 40
0.7680
  0
CIRCLE
  8
MIX
 10
49.1860
 20
-0.1595
 40
0.4166
  0
CIRCLE
  8
MIX
 10
-240.4035
 20
64.3628
 40
0.9560
  0
CIRCLE
  8
MIX
 10
10.7249
 20
-1.9896
 40
0.4849
  0
CIRCLE
  8
MIX
 10
192.6973
 20
-72.0549
 40
0.9114
  0
CIRCLE
  8
MIX
 10
-243.4694
 20
-56.1153
 40
0.3291
  0
CIRCLE
  8
MIX
 10
275.2266
 20
90.2612
 40
0.5503
  0
CIRCLE
  8
MIX
 10
279.3354
 20
-5.4358
 40
0.2836
  0
CIRCLE
  8
MIX
 10
15.9634
 20
-90.8610
 40
0.3714
  0
CIRCLE
  8
MIX
 10
-260.8552
 20
104.5150
 40
0.7196
  0
CIRCLE
  8
MIX
 10
-54.8884
 20
123.5096
 40
0.2682
  0
CIRCLE
  8
MIX
 10
179.4955
 20
-59.2242
 40
0.6723
  0
CIRCLE
  8
MIX
 10
27.1474
 20
112.2683
 40
0.4540
  0
CIRCLE
  8
MIX
 10
168.1036
 20
-136.5369
 40
0.7749
  0
CIRCLE
  8
MIX
 10
-293.0939
 20
150.7610
 40
0.8246
  0
CIRCLE
  8
MIX
 10
11.1513
 20
-66.4424
 40
0.5416
  0
CIRCLE
  8
MIX
 10
-205.1364
 20
5.7717
 40
0.2568
  0
CIRCLE
  8
MIX
 10
261.4891
 20
79.1087
 40
0.6161
  0
CIRCLE
  8
MIX
 10
-225.0693
 20
77.8758
 40
0.2390
  0
CIRCLE
  8
MIX
 10
153.7921
 20
-23.1222
 40
0.7044
  0
CIRCLE
  8
MIX
 10
-243.4653
 20
44.1062
 40
0.3291
  0
CIRCLE
  8
MIX
 10
-19.5754
 20
-24.7125
 40
0.7872
  0
CIRCLE
  8
MIX
 10
43.5639
 20
105.3057
 40
0.2988
  0
CIRCLE
  8
MIX
 10
256.7132
 20
-177.3919
 40
0.4591
  0
CIRCLE
  8
MIX
 10
17.1458
 20
112.5552
 40
0.5743
  0
CIRCLE
  8
MIX
 10
239.7374
 20
107.8519
 40
0.6007
  0
CIRCLE
  8
MIX
 10
88.4667
 20
-183.0638
 40
0.6345
  0
CIRCLE
  8
MIX
 10
-23.1248
 20
-52.9049
 40
0.4596
  0
CIRCLE
  8
MIX
 10
193.1738
 20
-42.1623
 40
0.7061
  0
CIRCLE
  8
MIX
 10
-44.5619
 20
111.1742
 40
0.7847
  0
CIRCLE
  8
MIX
 10
111.5762
 20
138.3219
 40
0.4108
  0
CIRCLE
  8
MIX
 10
29.0500
 20
68.1416
 40
0.9750
  0
CIRCLE
  8
MIX
 10
-269.8700
 20
-187.0442
 40
0.9491
  0
CIRCLE
  8
MIX
 10
-243.7964
 20
11.7778
 40
0.1510
  0
CIRCLE
  8
MIX
 10
-249.1930
 20
35.2549
 40
0.8593
  0
CIRCLE
  8
MIX
 10
247.9385
 20
-7.9148
 40
0.3475
  0
CIRCLE
  8
MIX
 10
187.1538
 20
9.7177
 40
0.2479
  0
CIRCLE
  8
MIX
 10
61.0518
 20
51.2856
 40
0.2311
  0
CIRCLE
  8
MIX
 10
230.3964
 20
-91.3973
 40
0.6046
  0
CIRCLE
  8
MIX
 10
-83.0514
 20
-24.3375
 40
0.5794
  0
CIRCLE
  8
MIX
 10
67.0944
 20
127.3745
 40
0.7232
  0
CIRCLE
  8
MIX
 10
-189.6049
 20
5.8713
 40
0.7989
  0
CIRCLE
  8
MIX
 10
282.8318
 20
46.3523
 40
0.8097
  0
CIRCLE
  8
MIX
 10
13.3209
 20
-67.6542
 40
0.2099
  0
CIRCLE
  8
MIX
 10
205.5184
 20
-19.1929
 40
0.3383
  0
CIRCLE
  8
MIX
 10
72.6600
 20
-35.5967
 40
0.2272
  0
CIRCLE
  8
MIX
 10
168.2978
 20
-151.2001
 40
0.1934
  0
CIRCLE
  8
MIX
 10
234.2898
 20
127.8396
 40
0.9613
  0
CIRCLE
  8
MIX
 10
267.0804
 20
-123.2981
 40
0.3672
  0
CIRCLE
  8
MIX
 10
-66.3387
 20
42.4667
 40
0.5957
  0
CIRCLE
  8
MIX
 10
92.5803
 20
-162.1779
 40
0.3456
  0
CIRCLE
  8
MIX
 10
-106.0331
 20
-35.5744
 40
0.6654
  0
CIRCLE
  8
MIX
 10
232.6951
 20
101.1524
 40
0.2765
  0
CIRCLE
  8
MIX
 10
100.9169
 20
-175.5481
 40
0.8988
  0
CIRCLE
  8
MIX
 10
269.3652
 20
76.1662
 40
0.5413
  0
CIRCLE
  8
MIX
 10
275.6345
 20
-161.1582
 40
0.6503
  0
CIRCLE
  8
MIX
 10
-184.0532
 20
187.1230
 40
0.6602
  0
CIRCLE
  8
MIX
 10
-139.9079
 20
80.8971
 40
0.3709
  0
CIRCLE
  8
MIX
 10
137.8686
 20
127.6987
 40
0.7818
  0
CIRCLE
  8
MIX
 10
-170.8625
 20
-56.6147
 40
0.9479
  0
CIRCLE
  8
MIX
 10
252.1753
 20
-124.7846
 40
0.4425
  0
CIRCLE
  8
MIX
 10
-134.2398
 20
143.2722
 40
0.3766
  0
CIRCLE
  8
MIX
 10
-148.2626
 20
34.5471
 40
0.7628
  0
CIRCLE
  8
MIX
 10
-141.9406
 20
-175.0757
 40
0.4521
  0
CIRCLE
  8
MIX
 10
218.6748
 20
-23.8286
 40
0.4877
  0
CIRCLE
  8
MIX
 10
-56.3336
 20
113.3919
 40
0.5346
  0
CIRCLE
  8
MIX
 10
-219.8437
 20
32.0746
 40
0.7471
  0
CIRCLE
  8
MIX
 10
286.3716
 20
-18.4914
 40
0.8889
  0
CIRCLE
  8
MIX
 10
-230.5563
 20
-21.4472
 40
0.6793
  0
CIRCLE
  8
MIX
 10
256.6845
 20
119.6446
 40
0.4712
  0
CIRCLE
  8
MIX
 10
-42.9006
 20
37.6236
 40
0.5425
  0
CIRCLE
  8
MIX
 10
199.2429
 20
-48.7356
 40
0.2775
  0
CIRCLE
  8
MIX
 10
-87.0774
 20
-29.9658
 40
0.9099
  0
CIRCLE
  8
MIX
 10
-268.3495
 20
-52.7741
 40
0.3241
  0
CIRCLE
  8
MIX
 10
-60.3357
 20
143.9671
 40
0.8629
  0
CIRCLE
  8
MIX
 10
-142.3036
 20
23.2628
 40
0.2435
  0
CIRCLE
  8
MIX
 10
-83.8419
 20
-184.2538
 40
0.6948
  0
CIRCLE
  8
MIX
 10
99.2647
 20
-165.4372
 40
0.3408
  0
CIRCLE
  8
MIX
 10
-168.5753
 20
33.4038
 40
0.7222
  0
CIRCLE
  8
MIX
 10
1.8013
 20
-144.9527
 40
0.9649
  0
CIRCLE
  8
MIX
 10
23.8301
 20
42.1071
 40
0.1973
  0
CIRCLE
  8
MIX
 10
4.2462
 20
-86.8825
 40
0.3434
  0
CIRCLE
  8
MIX
 10
-18.2586
 20
103.4358
 40
0.2400
  0
CIRCLE
  8
MIX
 10
-137.9115
 20
-43.4899
 40
0.4598
  0
CIRCLE
  8
MIX
 10
-124.4208
 20
99.5811
 40
0.7826
  0
CIRCLE
  8
MIX
 10
-72.0705
 20
-137.2431
 40
0.2534
  0
CIRCLE
  8
MIX
 10
116.9669
 20
-120.0345
 40
0.8078
  0
CIRCLE
  8
MIX
 10
-276.1255
 20
104.8025
 40
0.8976
  0
CIRCLE
  8
MIX
 10
-279.9265
 20
12.7985
 40
0.2357
  0
CIRCLE
  8
MIX
 10
20.4898
 20
159.8770
 40
0.7478
  0
CIRCLE
  8
MIX
 10
134.4821
 20
18.9498
 40
0.9448
  0
CIRCLE
  8
MIX
 10
24.1851
 20
-130.0314
 40
0.3930
  0
CIRCLE
  8
MIX
 10
19.2501
 20
-78.5225
 40
0.3110
  0
CIRCLE
  8
MIX
 10
-215.0153
 20
-139.5328
 40
0.9923
  0
CIRCLE
  8
MIX
 10
-224.4973
 20
-37.5516
 40
0.1939
  0
CIRCLE
  8
MIX
 10
-124.0379
 20
-4.0109
 40
0.1637
  0
CIRCLE
  8
MIX
 10
51.1702
 20
10.5844
 40
0.4998
  0
CIRCLE
  8
MIX
 10
0.4001
 20
95.3053
 40
0.1705
  0
CIRCLE
  8
MIX
 10
-2.4070
 20
-109.9952
 40
0.8835
  0
CIRCLE
  8
MIX
 10
-20.7554
 20
66.9227
 40
0.4119
  0
CIRCLE
  8
MIX
 10
-45.0741
 20
13.1688
 40
0.7812
  0
CIRCLE
  8
MIX
 10
-104.1130
 20
29.4672
 40
0.6057
  0
CIRCLE
  8
MIX
 10
-277.1765
 20
-188.7040
 40
0.5586
  0
CIRCLE
  8
MIX
 10
-165.9910
 20
172.8323
 40
0.3600
  0
CIRCLE
  8
MIX
 10
-253.9667
 20
4.3131
 40
0.8455
  0
CIRCLE
  8
MIX
 10
-6.6227
 20
-76.6579
 40
0.4947
  0
CIRCLE
  8
MIX
 10
222.5109
 20
150.9901
 40
0.6057
  0
CIRCLE
  8
MIX
 10
114.3577
 20
55.1845
 40
0.4504
  0
CIRCLE
  8
MIX
 10
-254.2463
 20
109.6320
 40
0.7037
  0
CIRCLE
  8
MIX
 10
90.7667
 20
-2.6624
 40
0.3996
  0
CIRCLE
  8
MIX
 10
194.4778
 20
181.7479
 40
0.9254
  0
CIRCLE
  8
MIX
 10
118.7420
 20
-63.5911
 40
0.8905
  0
CIRCLE
  8
MIX
 10
82.7763
 20
66.7602
 40
0.3715
  0
CIRCLE
  8
MIX
 10
-147.1493
 20
-12.5353
 40
0.4679
  0
CIRCLE
  8
MIX
 10
283.7691
 20
-173.6937
 40
0.2263
  0
CIRCLE
  8
MIX
 10
-24.0916
 20
23.3049
 40
0.5022
  0
CIRCLE
  8
MIX
 10
170.7023
 20
163.2670
 40
0.9942
  0
CIRCLE
  8
MIX
 10
-257.7979
 20
183.9891
 40
0.6251
  0
CIRCLE
  8
MIX
 10
102.7633
 20
14.5821
 40
0.6951
  0
CIRCLE
  8
MIX
 10
-118.7450
 20
158.9838
 40
0.2575
  0
CIRCLE
  8
MIX
 10
-50.2322
 20
-190.5673
 40
0.8485
  0
CIRCLE
  8
MIX
 10
-272.8220
 20
-129.6640
 40
0.2616
  0
CIRCLE
  8
MIX
 10
11.6153
 20
96.7320
 40
0.9163
  0
CIRCLE
  8
MIX
 10
143.2848
 20
123.0339
 40
0.1589
  0
CIRCLE
  8
MIX
 10
256.2414
 20
-50.6733
 40
0.4877
  0
CIRCLE
  8
MIX
 10
-10.7578
 20
194.4364
 40
0.3086
  0
CIRCLE
  8
MIX
 10
154.9694
 20
-21.8927
 40
0.4457
  0
CIRCLE
  8
MIX
 10
214.8454
 20
104.5952
 40
0.6469
  0
CIRCLE
  8
MIX
 10
-22.0638
 20
108.6239
 40
0.2683
  0
CIRCLE
  8
MIX
 10
-113.2071
 20
-20.2970
 40
0.8229
  0
CIRCLE
  8
MIX
 10
165.8785
 20
17.0411
 40
0.7625
  0
CIRCLE
  8
MIX
 10
-101.1600
 20
-101.9680
 40
0.5925
  0
CIRCLE
  8
MIX
 10
-250.7282
 20
182.5964
 40
0.2716
  0
CIRCLE
  8
MIX
 10
-12.3196
 20
87.8213
 40
0.3765
  0
CIRCLE
  8
MIX
 10
292.8688
 20
111.4045
 40
0.5019
  0
CIRCLE
  8
MIX
 10
-276.9001
 20
-144.1090
 40
0.5077
  0
CIRCLE
  8
MIX
 10
-185.6754
 20
102.7185
 40
0.3110
  0
CIRCLE
  8
MIX
 10
-112.3956
 20
160.5457
 40
0.5713
  0
CIRCLE
  8
MIX
 10
281.0859
 20
-15.1298
 40
0.2958
  0
CIRCLE
  8
MIX
 10
134.1032
 20
-191.1688
 40
0.4815
  0
CIRCLE
  8
MIX
 10
41.3048
 20
75.3234
 40
0.6872
  0
CIRCLE
  8
MIX
 10
166.5778
 20
-157.3138
 40
0.7235
  0
CIRCLE
  8
MIX
 10
-286.5396
 20
148.8200
 40
0.6719
  0
CIRCLE
  8
MIX
 10
44.2304
 20
157.2149
 40
0.6246
  0
CIRCLE
  8
MIX
 10
-253.1049
 20
-9.2533
 40
0.5313
  0
CIRCLE
  8
MIX
 10
20.6444
 20
13.4748
 40
0.4888
  0
CIRCLE
  8
MIX
 10
272.8308
 20
90.8355
 40
0.6882
  0
CIRCLE
  8
MIX
 10
282.2407
 20
174.0457
 40
0.3304
  0
CIRCLE
  8
MIX
 10
3.8920
 20
-83.6030
 40
0.3504
  0
CIRCLE
  8
MIX
 10
101.0371
 20
138.4976
 40
0.5740
  0
CIRCLE
  8
MIX
 10
60.9608
 20
185.7070
 40
0.3047
  0
CIRCLE
  8
MIX
 10
91.6601
 20
63.9419
 40
0.7346
  0
CIRCLE
  8
MIX
 10
190.5837
 20
-117.8108
 40
0.5131
  0
CIRCLE
  8
MIX
 10
-262.0333
 20
139.3810
 40
0.6034
  0
CIRCLE
  8
MIX
 10
-94.6111
 20
-20.0998
 40
0.5686
  0
CIRCLE
  8
MIX
 10
-103.2337
 20
-132.1673
 40
0.7330
  0
CIRCLE
  8
MIX
 10
-284.6949
 20
91.7781
 40
0.5910
  0
CIRCLE
  8
MIX
 10
-148.7745
 20
163.4196
 40
0.4383
  0
CIRCLE
  8
MIX
 10
-9.9530
 20
125.4178
 40
0.3647
  0
CIRCLE
  8
MIX
 10
250.8592
 20
-191.9357
 40
0.2875
  0
CIRCLE
  8
MIX
 10
214.6050
 20
158.0318
 40
0.6435
  0
CIRCLE
  8
MIX
 10
134.7954
 20
20.3327
 40
0.6168
  0
CIRCLE
  8
MIX
 10
250.5864
 20
-166.0083
 40
0.8075
  0
CIRCLE
  8
MIX
 10
156.5032
 20
-156.3962
 40
0.5304
  0
CIRCLE
  8
MIX
 10
278.4652
 20
56.1787
 40
0.8608
  0
CIRCLE
  8
MIX
 10
47.6481
 20
-141.6628
 40
0.5617
  0
CIRCLE
  8
MIX
 10
-19.6517
 20
-142.4535
 40
0.7262
  0
CIRCLE
  8
MIX
 10
12.4309
 20
-89.9719
 40
0.7996
  0
CIRCLE
  8
MIX
 10
-168.9931
 20
-166.9299
 40
0.6547
  0
CIRCLE
  8
MIX
 10
-132.0770
 20
-53.2754
 40
0.4256
  0
CIRCLE
  8
MIX
 10
57.9163
 20
135.8685
 40
0.2702
  0
CIRCLE
  8
MIX
 10
-13.2062
 20
173.9856
 40
0.8109
  0
CIRCLE
  8
MIX
 10
-269.8769
 20
-14.0083
 40
0.4098
  0
CIRCLE
  8
MIX
 10
132.6721
 20
-32.8704
 40
0.9680
  0
CIRCLE
  8
MIX
 10
292.1886
 20
167.4205
 40
0.3355
  0
CIRCLE
  8
MIX
 10
251.4477
 20
46.8183
 40
0.4521
  0
CIRCLE
  8
MIX
 10
144.4751
 20
-60.5355
 40
0.1856
  0
CIRCLE
  8
MIX
 10
-149.6410
 20
-29.3234
 40
0.5366
  0
CIRCLE
  8
MIX
 10
15.9064
 20
-175.7623
 40
0.3890
  0
CIRCLE
  8
MIX
 10
-223.0383
 20
-32.9692
 40
0.3056
  0
CIRCLE
  8
MIX
 10
-208.7116
 20
43.4707
 40
0.2825
  0
CIRCLE
  8
MIX
 10
68.2992
 20
-106.8059
 40
0.5459
  0
CIRCLE
  8
MIX
 10
-266.4215
 20
86.8434
 40
0.2427
  0
CIRCLE
  8
MIX
 10
123.0367
 20
16.2953
 40
0.4824
  0
CIRCLE
  8
MIX
 10
183.3880
 20
-158.4560
 40
0.5115
  0
CIRCLE
  8
MIX
 10
202.2287
 20
175.6816
 40
0.6752
  0
CIRCLE
  8
MIX
 10
154.7360
 20
-139.8780
 40
0.7038
  0
CIRCLE
  8
MIX
 10
-285.9782
 20
158.6789
 40
0.8764
  0
CIRCLE
  8
MIX
 10
-141.0907
 20
-17.8406
 40
0.5315
  0
CIRCLE
  8
MIX
 10
200.1898
 20
-7.7809
 40
0.2800
  0
CIRCLE
  8
MIX
 10
-41.5422
 20
46.0865
 40
0.1520
  0
CIRCLE
  8
MIX
 10
-215.7841
 20
67.7808
 40
0.4196
  0
CIRCLE
  8
MIX
 10
-147.8785
 20
131.8621
 40
0.6427
  0
CIRCLE
  8
MIX
 10
77.9209
 20
-77.4956
 40
0.8382
  0
CIRCLE
  8
MIX
 10
-169.8971
 20
114.4772
 40
0.6718
  0
CIRCLE
  8
MIX
 10
-187.3582
 20
-178.5325
 40
0.9985
  0
CIRCLE
  8
MIX
 10
68.8027
 20
-126.4283
 40
0.3010
  0
CIRCLE
  8
MIX
 10
-132.0637
 20
111.2077
 40
0.4252
  0
CIRCLE
  8
MIX
 10
-43.8129
 20
-92.8686
 40
0.3901
  0
CIRCLE
  8
MIX
 10
91.9803
 20
-181.1067
 40
0.8631
  0
CIRCLE
  8
MIX
 10
154.6031
 20
18.5004
 40
0.5419
  0
CIRCLE
  8
MIX
 10
-220.5130
 20
-28.6702
 40
0.5400
  0
CIRCLE
  8
MIX
 10
288.3414
 20
107.0588
 40
0.9460
  0
CIRCLE
  8
MIX
 10
-128.6472
 20
29.4929
 40
0.1862
  0
CIRCLE
  8
MIX
 10
-140.1666
 20
5.1210
 40
0.7782
  0
CIRCLE
  8
MIX
 10
71.5861
 20
-166.2487
 40
0.9750
  0
CIRCLE
  8
MIX
 10
202.2906
 20
68.1621
 40
0.7947
  0
CIRCLE
  8
MIX
 10
-132.3624
 20
48.6346
 40
0.2063
  0
CIRCLE
  8
MIX
 10
99.1173
 20
123.6240
 40
0.4103
  0
CIRCLE
  8
MIX
 10
-153.7108
 20
70.1613
 40
0.5027
  0
CIRCLE
  8
MIX
 10
-217.2114
 20
86.5397
 40
0.7219
  0
CIRCLE
  8
MIX
 10
-54.9896
 20
69.6211
 40
0.7626
  0
CIRCLE
  8
MIX
 10
-290.6559
 20
-50.7000
 40
0.8139
  0
CIRCLE
  8
MIX
 10
164.4156
 20
41.5526
 40
0.3228
  0
CIRCLE
  8
MIX
 10
-49.5521
 20
179.3074
 40
0.7701
  0
CIRCLE
  8
MIX
 10
167.3940
 20
-43.2746
 40
0.6026
  0
CIRCLE
  8
MIX
 10
-275.6400
 20
163.2858
 40
0.2926
  0
CIRCLE
  8
MIX
 10
70.8988
 20
-190.5304
 40
0.8399
  0
CIRCLE
  8
MIX
 10
121.4020
 20
111.8774
 40
0.5036
  0
CIRCLE
  8
MIX
 10
153.5057
 20
38.9491
 40
0.1733
  0
CIRCLE
  8
MIX
 10
139.8349
 20
-75.8893
 40
0.5119
  0
CIRCLE
  8
MIX
 10
-218.0467
 20
-57.8005
 40
0.6184
  0
CIRCLE
  8
MIX
 10
55.7364
 20
149.6324
 40
0.5132
  0
CIRCLE
  8
MIX
 10
219.1905
 20
29.1914
 40
0.2258
  0
CIRCLE
  8
MIX
 10
-193.2571
 20
88.4816
 40
0.8506
  0
CIRCLE
  8
MIX
 10
211.2449
 20
13.0906
 40
0.8340
  0
CIRCLE
  8
MIX
 10
-134.3731
 20
-135.0694
 40
0.9383
  0
CIRCLE
  8
MIX
 10
-173.2740
 20
78.5153
 40
0.1933
  0
CIRCLE
  8
MIX
 10
-233.1070
 20
154.7435
 40
0.8868
  0
CIRCLE
  8
MIX
 10
107.2533
 20
93.1883
 40
0.2669
  0
CIRCLE
  8
MIX
 10
119.1231
 20
-64.6185
 40
0.8568
  0
CIRCLE
  8
MIX
 10
-224.2114
 20
-19.8009
 40
0.7243
  0
CIRCLE
  8
MIX
 10
18.9487
 20
7.4541
 40
0.2053
  0
CIRCLE
  8
MIX
 10
39.0126
 20
-14.6257
 40
0.3079
  0
CIRCLE
  8
MIX
 10
140.5130
 20
-25.6727
 40
0.2696
  0
CIRCLE
  8
MIX
 10
115.7660
 20
143.2607
 40
0.7284
  0
CIRCLE
  8
MIX
 10
58.3726
 20
186.5075
 40
0.4411
  0
CIRCLE
  8
MIX
 10
-247.5810
 20
112.1972
 40
0.7719
  0
CIRCLE
  8
MIX
 10
-16.7925
 20
59.4702
 40
0.8825
  0
CIRCLE
  8
MIX
 10
214.1062
 20
-39.8582
 40
0.9691
  0
CIRCLE
  8
MIX
 10
259.7354
 20
59.2482
 40
0.4486
  0
CIRCLE
  8
MIX
 10
-95.7083
 20
-25.4171
 40
0.8896
  0
CIRCLE
  8
MIX
 10
46.0822
 20
170.5810
 40
0.6096
  0
CIRCLE
  8
MIX
 10
40.3884
 20
-81.7600
 40
0.3096
  0
CIRCLE
  8
MIX
 10
284.8243
 20
99.0096
 40
0.5602
  0
CIRCLE
  8
MIX
 10
6.3760
 20
43.6097
 40
0.7225
  0
CIRCLE
  8
MIX
 10
269.2131
 20
132.2273
 40
0.9524
  0
CIRCLE
  8
MIX
 10
250.8039
 20
-40.0243
 40
0.8953
  0
CIRCLE
  8
MIX
 10
-155.0088
 20
-151.4843
 40
0.8727
  0
CIRCLE
  8
MIX
 10
46.4747
 20
-117.4605
 40
0.3714
  0
CIRCLE
  8
MIX
 10
-40.0547
 20
122.4587
 40
0.9295
  0
CIRCLE
  8
MIX
 10
132.7352
 20
51.0822
 40
0.7314
  0
CIRCLE
  8
MIX
 10
-228.8249
 20
111.5846
 40
0.1771
  0
CIRCLE
  8
MIX
 10
-21.1040
 20
-78.7119
 40
0.7241
  0
CIRCLE
  8
MIX
 10
185.2300
 20
53.3870
 40
0.9590
  0
CIRCLE
  8
MIX
 10
-155.8797
 20
141.8054
 40
0.9871
  0
CIRCLE
  8
MIX
 10
-129.9609
 20
171.5694
 40
0.8689
  0
CIRCLE
  8
MIX
 10
-168.5942
 20
70.5265
 40
0.5622
  0
CIRCLE
  8
MIX
 10
-248.8305
 20
-165.4023
 40
0.5697
  0
CIRCLE
  8
MIX
 10
107.2886
 20
20.7017
 40
0.5347
  0
CIRCLE
  8
MIX
 10
-220.3424
 20
139.9750
 40
0.9550
  0
CIRCLE
  8
MIX
 10
-69.1298
 20
-132.4032
 40
0.5725
  0
CIRCLE
  8
MIX
 10
275.7067
 20
-4.6686
 40
0.5941
  0
CIRCLE
  8
MIX
 10
-108.0414
 20
145.7204
 40
0.8075
  0
CIRCLE
  8
MIX
 10
-106.8084
 20
13.6885
 40
0.5948
  0
CIRCLE
  8
MIX
 10
-135.2212
 20
-28.5663
 40
0.5837
  0
CIRCLE
  8
MIX
 10
165.3955
 20
-3.6273
 40
0.5175
  0
CIRCLE
  8
MIX
 10
-2.9183
 20
52.2594
 40
0.2822
  0
CIRCLE
  8
MIX
 10
-286.0098
 20
84.2601
 40
0.8897
  0
CIRCLE
  8
MIX
 10
-189.1676
 20
-51.3240
 40
0.5723
  0
CIRCLE
  8
MIX
 10
82.1927
 20
-52.4175
 40
0.7868
  0
CIRCLE
  8
MIX
 10
86.2222
 20
102.8806
 40
0.8207
  0
CIRCLE
  8
MIX
 10
150.5553
 20
127.6726
 40
0.2610
  0
CIRCLE
  8
MIX
 10
-98.2140
 20
-31.8426
 40
0.2606
  0
CIRCLE
  8
MIX
 10
-288.7953
 20
-57.9867
 40
0.7545
  0
CIRCLE
  8
MIX
 10
36.1595
 20
58.3732
 40
0.9281
  0
CIRCLE
  8
MIX
 10
34.8067
 20
68.0363
 40
0.9793
  0
CIRCLE
  8
MIX
 10
77.7327
 20
175.9647
 40
0.1988
  0
CIRCLE
  8
MIX
 10
155.3307
 20
-7.4559
 40
0.3598
  0
CIRCLE
  8
MIX
 10
233.4005
 20
-155.1477
 40
0.7091
  0
CIRCLE
  8
MIX
 10
-137.9141
 20
-66.3529
 40
0.5852
  0
CIRCLE
  8
MIX
 10
223.0164
 20
-91.7519
 40
0.8546
  0
CIRCLE
  8
MIX
 10
27.7363
 20
-148.0290
 40
0.4726
  0
CIRCLE
  8
MIX
 10
-121.7101
 20
-103.4204
 40
0.3821
  0
CIRCLE
  8
MIX
 10
86.3356
 20
-151.1537
 40
0.3142
  0
CIRCLE
  8
MIX
 10
89.9611
 20
-126.0253
 40
0.9036
  0
CIRCLE
  8
MIX
 10
158.0982
 20
142.4945
 40
0.6543
  0
CIRCLE
  8
MIX
 10
-268.5948
 20
-180.8054
 40
0.9830
  0
CIRCLE
  8
MIX
 10
-111.1076
 20
-169.8826
 40
0.1665
  0
CIRCLE
  8
MIX
 10
-13.3959
 20
104.8095
 40
0.5915
  0
CIRCLE
  8
MIX
 10
263.5545
 20
175.5364
 40
0.3082
  0
CIRCLE
  8
MIX
 10
101.9248
 20
163.0438
 40
0.1660
  0
CIRCLE
  8
MIX
 10
274.3302
 20
129.8593
 40
0.8345
  0
CIRCLE
  8
MIX
 10
-39.3795
 20
-75.6864
 40
0.3138
  0
CIRCLE
  8
MIX
 10
140.3004
 20
127.8284
 40
0.2746
  0
CIRCLE
  8
MIX
 10
-77.3439
 20
-188.7054
 40
0.2355
  0
CIRCLE
  8
MIX
 10
-288.2078
 20
-53.7265
 40
0.8274
  0
CIRCLE
  8
MIX
 10
226.6267
 20
143.6464
 40
0.2826
  0
CIRCLE
  8
MIX
 10
-63.2342
 20
-165.2937
 40
0.6455
  0
CIRCLE
  8
MIX
 10
101.4108
 20
12.5215
 40
0.9153
  0
CIRCLE
  8
MIX
 10
-254.7518
 20
-77.1997
 40
0.5071
  0
CIRCLE
  8
MIX
 10
-20.9496
 20
85.9585
 40
0.7758
  0
CIRCLE
  8
MIX
 10
264.3121
 20
-83.4508
 40
0.3501
  0
CIRCLE
  8
MIX
 10
-116.5833
 20
152.4538
 40
0.7898
  0
CIRCLE
  8
MIX
 10
-58.8843
 20
15.5451
 40
0.5249
  0
CIRCLE
  8
MIX
 10
287.7541
 20
176.6639
 40
0.3400
  0
CIRCLE
  8
MIX
 10
246.3862
 20
-160.6989
 40
0.2389
  0
CIRCLE
  8
MIX
 10
34.4502
 20
194.5692
 40
0.3232
  0
CIRCLE
  8
MIX
 10
186.6813
 20
102.1297
 40
0.4213
  0
CIRCLE
  8
MIX
 10
-41.3995
 20
-28.2209
 40
0.7915
  0
CIRCLE
  8
MIX
 10
162.0695
 20
185.0111
 40
0.7671
  0
CIRCLE
  8
MIX
 10
-190.6193
 20
-45.7760
 40
0.6410
  0
CIRCLE
  8
MIX
 10
-262.2392
 20
-19.5937
 40
0.1807
  0
CIRCLE
  8
MIX
 10
86.1465
 20
21.5150
 40
0.2353
  0
CIRCLE
  8
MIX
 10
294.9582
 20
-166.6682
 40
0.2538
  0
CIRCLE
  8
MIX
 10
-254.1881
 20
-3.9947
 40
0.3299
  0
CIRCLE
  8
MIX
 10
-180.9652
 20
-109.5266
 40
0.3026
  0
CIRCLE
  8
MIX
 10
280.6538
 20
171.3115
 40
0.7993
  0
CIRCLE
  8
MIX
 10
283.3132
 20
9.9113
 40
0.9691
  0
CIRCLE
  8
MIX
 10
197.5077
 20
168.9933
 40
0.5914
  0
CIRCLE
  8
MIX
 10
-234.5023
 20
158.4296
 40
0.6297
  0
CIRCLE
  8
MIX
 10
-63.3969
 20
-32.5003
 40
0.4017
  0
CIRCLE
  8
MIX
 10
22.4181
 20
52.6174
 40
0.9757
  0
CIRCLE
  8
MIX
 10
-22.7077
 20
179.6213
 40
0.6040
  0
CIRCLE
  8
MIX
 10
-1.5426
 20
-74.6977
 40
0.2963
  0
CIRCLE
  8
MIX
 10
-85.0999
 20
9.7816
 40
0.3485
  0
CIRCLE
  8
MIX
 10
-74.9202
 20
-28.4679
 40
0.2256
  0
CIRCLE
  8
MIX
 10
-225.8911
 20
166.8216
 40
0.2296
  0
CIRCLE
  8
MIX
 10
54.5236
 20
189.5913
 40
0.7371
  0
CIRCLE
  8
MIX
 10
-284.0397
 20
167.7130
 40
0.6310
  0
CIRCLE
  8
MIX
 10
-178.7868
 20
113.6518
 40
0.5392
  0
CIRCLE
  8
MIX
 10
-36.0733
 20
-170.8576
 40
0.4192
  0
CIRCLE
  8
MIX
 10
241.0212
 20
-183.1382
 40
0.5188
  0
CIRCLE
  8
MIX
 10
265.8597
 20
133.3783
 40
0.2677
  0
CIRCLE
  8
MIX
 10
202.4440
 20
138.2333
 40
0.7694
  0
CIRCLE
  8
MIX
 10
-160.8166
 20
-81.4729
 40
0.6034
  0
CIRCLE
  8
MIX
 10
-143.7323
 20
-115.1738
 40
0.9350
  0
CIRCLE
  8
MIX
 10
-277.2596
 20
177.4436
 40
0.9131
  0
CIRCLE
  8
MIX
 10
-217.3309
 20
93.7211
 40
0.7745
  0
CIRCLE
  8
MIX
 10
266.4495
 20
-29.5613
 40
0.4235
  0
CIRCLE
  8
MIX
 10
-41.8492
 20
-52.6482
 40
0.9282
  0
CIRCLE
  8
MIX
 10
95.6566
 20
170.7770
 40
0.4760
  0
CIRCLE
  8
MIX
 10
160.5113
 20
-47.8056
 40
0.2041
  0
CIRCLE
  8
MIX
 10
277.0038
 20
-14.9781
 40
0.8365
  0
CIRCLE
  8
MIX
 10
79.4450
 20
25.8316
 40
0.2770
  0
CIRCLE
  8
MIX
 10
283.0501
 20
-191.1779
 40
0.4700
  0
CIRCLE
  8
MIX
 10
-245.3935
 20
2.2711
 40
0.6234
  0
CIRCLE
  8
MIX
 10
220.0056
 20
-71.0142
 40
0.9029
  0
CIRCLE
  8
MIX
 10
-176.6967
 20
101.3561
 40
0.6638
  0
CIRCLE
  8
MIX
 10
-186.9580
 20
50.9133
 40
0.2395
  0
CIRCLE
  8
MIX
 10
187.6598
 20
16.4065
 40
0.3779
  0
CIRCLE
  8
MIX
 10
212.9526
 20
92.8981
 40
0.5885
  0
CIRCLE
  8
MIX
 10
47.3622
 20
-3.8773
 40
0.6117
  0
CIRCLE
  8
MIX
 10
102.7284
 20
131.7198
 40
0.9334
  0
CIRCLE
  8
MIX
 10
210.2090
 20
-16.4762
 40
0.9241
  0
CIRCLE
  8
MIX
 10
29.1114
 20
73.5762
 40
0.7889
  0
CIRCLE
  8
MIX
 10
-180.1020
 20
-2.4778
 40
0.2538
  0
CIRCLE
  8
MIX
 10
-211.3324
 20
-92.9939
 40
0.8702
  0
CIRCLE
  8
MIX
 10
-249.9675
 20
-67.0854
 40
0.4289
  0
CIRCLE
  8
MIX
 10
-223.3923
 20
-193.7363
 40
0.7094
  0
CIRCLE
  8
MIX
 10
-213.5288
 20
43.3370
 40
0.8755
  0
CIRCLE
  8
MIX
 10
-144.2543
 20
-59.1033
 40
0.9159
  0
CIRCLE
  8
MIX
 10
-201.8605
 20
80.3454
 40
0.1642
  0
CIRCLE
  8
MIX
 10
-161.1348
 20
26.2798
 40
0.8087
  0
CIRCLE
  8
MIX
 10
-129.5038
 20
161.4912
 40
0.7423
  0
CIRCLE
  8
MIX
 10
-223.3906
 20
126.8313
 40
0.6693
  0
CIRCLE
  8
MIX
 10
67.2794
 20
-7.6900
 40
0.3469
  0
CIRCLE
  8
MIX
 10
21.0784
 20
124.8284
 40
0.3872
  0
CIRCLE
  8
MIX
 10
176.1747
 20
-17.2112
 40
0.2034
  0
CIRCLE
  8
MIX
 10
-201.1482
 20
169.4003
 40
0.6758
  0
CIRCLE
  8
MIX
 10
193.9083
 20
-50.6372
 40
0.7528
  0
CIRCLE
  8
MIX
 10
-87.5911
 20
138.6551
 40
0.5807
  0
CIRCLE
  8
MIX
 10
97.2303
 20
20.0771
 40
0.5845
  0
CIRCLE
  8
MIX
 10
32.1407
 20
-10.7549
 40
0.8141
  0
CIRCLE
  8
MIX
 10
-70.4500
 20
84.4723
 40
0.6049
  0
CIRCLE
  8
MIX
 10
-181.4084
 20
158.2396
 40
0.9896
  0
CIRCLE
  8
MIX
 10
-220.1196
 20
192.2743
 40
0.5090
  0
CIRCLE
  8
MIX
 10
262.4746
 20
-131.7862
 40
0.7265
  0
CIRCLE
  8
MIX
 10
-37.5106
 20
87.3312
 40
0.3118
  0
CIRCLE
  8
MIX
 10
144.6384
 20
-5.7899
 40
0.7028
  0
CIRCLE
  8
MIX
 10
123.4845
 20
-153.3031
 40
0.5114
  0
CIRCLE
  8
MIX
 10
-4.2440
 20
-43.0427
 40
0.9387
  0
CIRCLE
  8
MIX
 10
-4.2650
 20
120.5616
 40
0.4100
  0
CIRCLE
  8
MIX
 10
-237.6726
 20
186.6685
 40
0.4493
  0
CIRCLE
  8
MIX
 10
157.3058
 20
-171.8739
 40
0.8831
  0
CIRCLE
  8
MIX
 10
-292.1317
 20
132.1547
 40
0.3384
  0
CIRCLE
  8
MIX
 10
-147.8116
 20
-111.2488
 40
0.2846
  0
CIRCLE
  8
MIX
 10
92.1646
 20
177.1131
 40
0.4842
  0
CIRCLE
  8
MIX
 10
-223.1766
 20
-71.9503
 40
0.2125
  0
CIRCLE
  8
MIX
 10
-146.5561
 20
-174.4450
 40
0.5585
  0
CIRCLE
  8
MIX
 10
232.9588
 20
16.2606
 40
0.5214
  0
CIRCLE
  8
MIX
 10
94.5054
 20
187.6460
 40
0.2931
  0
CIRCLE
  8
MIX
 10
188.0329
 20
62.5176
 40
0.8111
  0
CIRCLE
  8
MIX
 10
-209.4881
 20
-17.9769
 40
0.1855
  0
CIRCLE
  8
MIX
 10
49.7592
 20
-55.2641
 40
0.4153
  0
CIRCLE
  8
MIX
 10
109.5246
 20
-102.8462
 40
0.6719
  0
CIRCLE
  8
MIX
 10
13.1726
 20
72.0472
 40
0.4374
  0
CIRCLE
  8
MIX
 10
253.2110
 20
138.7761
 40
0.3880
  0
CIRCLE
  8
MIX
 10
-62.6782
 20
16.2671
 40
0.4388
  0
CIRCLE
  8
MIX
 10
-259.2796
 20
69.1483
 40
0.6651
  0
CIRCLE
  8
MIX
 10
56.3130
 20
-137.9817
 40
0.3091
  0
CIRCLE
  8
MIX
 10
-270.2422
 20
193.0002
 40
0.6355
  0
CIRCLE
  8
MIX
 10
16.7714
 20
3.1280
 40
0.3451
  0
CIRCLE
  8
MIX
 10
51.6423
 20
-169.0457
 40
0.9703
  0
CIRCLE
  8
MIX
 10
-67.7524
 20
-153.0073
 40
0.3168
  0
CIRCLE
  8
MIX
 10
177.8552
 20
-149.9676
 40
0.1532
  0
CIRCLE
  8
MIX
 10
-254.1078
 20
190.0357
 40
0.1586
  0
CIRCLE
  8
MIX
 10
-9.4718
 20
48.9333
 40
0.3425
  0
CIRCLE
  8
MIX
 10
147.1211
 20
-92.6021
 40
0.3789
  0
CIRCLE
  8
MIX
 10
44.7302
 20
-140.7030
 40
0.7834
  0
CIRCLE
  8
MIX
 10
-272.7725
 20
-0.1327
 40
0.6787
  0
CIRCLE
  8
MIX
 10
262.5396
 20
39.4296
 40
0.8543
  0
CIRCLE
  8
MIX
 10
-85.7659
 20
-57.9890
 40
0.9514
  0
CIRCLE
  8
MIX
 10
53.9888
 20
-19.8168
 40
0.5471
  0
CIRCLE
  8
MIX
 10
-260.0515
 20
-121.2293
 40
0.5491
  0
CIRCLE
  8
MIX
 10
-155.7181
 20
10.1262
 40
0.8968
  0
CIRCLE
  8
MIX
 10
163.4608
 20
-165.3187
 40
0.3815
  0
CIRCLE
  8
MIX
 10
-273.5267
 20
125.0520
 40
0.7791
  0
CIRCLE
  8
MIX
 10
-53.5699
 20
-128.3922
 40
0.9683
  0
CIRCLE
  8
MIX
 10
130.2973
 20
-18.5009
 40
0.2771
  0
CIRCLE
  8
MIX
 10
257.7175
 20
-31.2718
 40
0.8199
  0
CIRCLE
  8
MIX
 10
67.3126
 20
11.5587
 40
0.8287
  0
CIRCLE
  8
MIX
 10
129.4716
 20
-176.3327
 40
0.6442
  0
CIRCLE
  8
MIX
 10
136.2177
 20
173.0558
 40
0.5473
  0
CIRCLE
  8
MIX
 10
234.9192
 20
107.4532
 40
0.8295
  0
CIRCLE
  8
MIX
 10
-173.6499
 20
-128.5196
 40
0.6488
  0
CIRCLE
  8
MIX
 10
-218.9010
 20
99.5844
 40
0.5673
  0
CIRCLE
  8
MIX
 10
108.2657
 20
-155.9527
 40
0.2707
  0
CIRCLE
  8
MIX
 10
38.8624
 20
114.2014
 40
0.8561
  0
CIRCLE
  8
MIX
 10
174.1388
 20
-111.7663
 40
0.5670
  0
CIRCLE
  8
MIX
 10
-201.1130
 20
-44.5952
 40
0.3566
  0
CIRCLE
  8
MIX
 10
-86.2095
 20
-36.6602
 40
0.6595
  0
CIRCLE
  8
MIX
 10
-112.5290
 20
-59.5873
 40
0.5484
  0
CIRCLE
  8
MIX
 10
-109.3097
 20
130.2724
 40
0.7100
  0
CIRCLE
  8
MIX
 10
-239.2617
 20
-135.2690
 40
0.6523
  0
CIRCLE
  8
MIX
 10
122.5262
 20
68.1345
 40
0.8910
  0
CIRCLE
  8
MIX
 10
-268.1574
 20
15.0980
 40
0.4938
  0
CIRCLE
  8
MIX
 10
39.1646
 20
-177.4493
 40
0.4269
  0
CIRCLE
  8
MIX
 10
-205.9431
 20
-135.1118
 40
0.9589
  0
CIRCLE
  8
MIX
 10
-176.7395
 20
146.2216
 40
0.2361
  0
CIRCLE
  8
MIX
 10
184.5337
 20
-145.8215
 40
0.9561
  0
CIRCLE
  8
MIX
 10
221.6894
 20
63.2411
 40
0.1801
  0
CIRCLE
  8
MIX
 10
-169.7461
 20
-165.9532
 40
0.6138
  0
CIRCLE
  8
MIX
 10
265.6015
 20
-148.5418
 40
0.7560
  0
CIRCLE
  8
MIX
 10
-79.4796
 20
-76.8739
 40
0.8317
  0
CIRCLE
  8
MIX
 10
79.4957
 20
-142.1067
 40
0.3008
  0
CIRCLE
  8
MIX
 10
-49.4775
 20
5.2403
 40
0.7838
  0
CIRCLE
  8
MIX
 10
111.5286
 20
37.1555
 40
0.5027
  0
CIRCLE
  8
MIX
 10
189.2721
 20
-108.6575
 40
0.4619
  0
CIRCLE
  8
MIX
 10
-65.4432
 20
108.2217
 40
0.7791
  0
CIRCLE
  8
MIX
 10
-76.1796
 20
-171.7860
 40
0.7159
  0
CIRCLE
  8
MIX
 10
236.4171
 20
87.0638
 40
0.7281
  0
CIRCLE
  8
MIX
 10
231.3766
 20
-128.2866
 40
0.4660
  0
CIRCLE
  8
MIX
 10
74.9196
 20
-32.2899
 40
0.7325
  0
CIRCLE
  8
MIX
 10
-127.0038
 20
115.0444
 40
0.5933
  0
CIRCLE
  8
MIX
 10
-265.7776
 20
-71.3571
 40
0.8870
  0
CIRCLE
  8
MIX
 10
138.1530
 20
123.7759
 40
0.2339
  0
CIRCLE
  8
MIX
 10
250.9141
 20
-188.7806
 40
0.8759
  0
CIRCLE
  8
MIX
 10
169.9984
 20
-49.5352
 40
0.8246
  0
CIRCLE
  8
MIX
 10
-113.4880
 20
-181.6947
 40
0.6901
  0
CIRCLE
  8
MIX
 10
257.6903
 20
-36.0626
 40
0.9925
  0
CIRCLE
  8
MIX
 10
64.4293
 20
-89.2124
 40
0.8354
  0
CIRCLE
  8
MIX
 10
136.1035
 20
-67.1639
 40
0.7661
  0
CIRCLE
  8
MIX
 10
110.0324
 20
153.3185
 40
0.8413
  0
CIRCLE
  8
MIX
 10
115.7498
 20
-58.8175
 40
0.9348
  0
CIRCLE
  8
MIX
 10
48.4437
 20
94.8079
 40
0.5784
  0
CIRCLE
  8
MIX
 10
138.1016
 20
106.6987
 40
0.3049
  0
CIRCLE
  8
MIX
 10
282.4995
 20
-139.9434
 40
0.4651
  0
CIRCLE
  8
MIX
 10
114.9680
 20
-168.2949
 40
0.9264
  0
CIRCLE
  8
MIX
 10
-11.0037
 20
12.7739
 40
0.3545
  0
CIRCLE
  8
MIX
 10
166.3757
 20
-137.1546
 40
0.5040
  0
CIRCLE
  8
MIX
 10
-48.7022
 20
-96.7143
 40
0.7095
  0
CIRCLE
  8
MIX
 10
130.7975
 20
20.9046
 40
0.6271
  0
CIRCLE
  8
MIX
 10
186.7873
 20
-177.2218
 40
0.7671
  0
CIRCLE
  8
MIX
 10
75.8142
 20
-133.1504
 40
0.7863
  0
CIRCLE
  8
MIX
 10
-25.2214
 20
-63.8275
 40
0.6297
  0
CIRCLE
  8
MIX
 10
37.6241
 20
-3.8177
 40
0.9926
  0
CIRCLE
  8
MIX
 10
-149.4054
 20
143.9523
 40
0.7720
  0
CIRCLE
  8
MIX
 10
-114.5083
 20
31.9894
 40
0.7576
  0
CIRCLE
  8
MIX
 10
50.8423
 20
95.7031
 40
0.7871
  0
CIRCLE
  8
MIX
 10
-176.5031
 20
-41.0234
 40
0.6464
  0
CIRCLE
  8
MIX
 10
89.6944
 20
-78.9635
 40
0.3227
  0
CIRCLE
  8
MIX
 10
8.0579
 20
-162.4970
 40
0.7479
  0
CIRCLE
  8
MIX
 10
42.4943
 20
-136.8008
 40
0.6711
  0
CIRCLE
  8
MIX
 10
196.9097
 20
59.4735
 40
0.3829
  0
CIRCLE
  8
MIX
 10
-202.5265
 20
13.2644
 40
0.3571
  0
CIRCLE
  8
MIX
 10
-195.2297
 20
78.1140
 40
0.6696
  0
CIRCLE
  8
MIX
 10
-264.9398
 20
144.6199
 40
0.2755
  0
CIRCLE
  8
MIX
 10
164.0698
 20
142.4306
 40
0.7443
  0
CIRCLE
  8
MIX
 10
153.4202
 20
-155.2469
 40
0.8976
  0
CIRCLE
  8
MIX
 10
237.1091
 20
-134.2368
 40
0.6214
  0
CIRCLE
  8
MIX
 10
214.7492
 20
100.3356
 40
0.4387
  0
CIRCLE
  8
MIX
 10
150.0932
 20
-32.4481
 40
0.9829
  0
CIRCLE
  8
MIX
 10
135.6817
 20
-1.4164
 40
0.1583
  0
CIRCLE
  8
MIX
 10
160.9122
 20
59.4860
 40
0.2879
  0
CIRCLE
  8
MIX
 10
-266.7477
 20
-50.9376
 40
0.3798
  0
CIRCLE
  8
MIX
 10
62.5631
 20
62.8506
 40
0.4990
  0
CIRCLE
  8
MIX
 10
-48.6250
 20
41.7607
 40
0.5305
  0
CIRCLE
  8
MIX
 10
293.9661
 20
-75.6295
 40
0.5631
  0
CIRCLE
  8
MIX
 10
228.0638
 20
105.6440
 40
0.6383
  0
CIRCLE
  8
MIX
 10
280.8891
 20
54.4385
 40
0.8679
  0
CIRCLE
  8
MIX
 10
86.8401
 20
173.2388
 40
0.5413
  0
CIRCLE
  8
MIX
 10
272.9927
 20
145.5360
 40
0.1971
  0
CIRCLE
  8
MIX
 10
253.2119
 20
77.3693
 40
0.5005
  0
CIRCLE
  8
MIX
 10
279.9042
 20
91.1773
 40
0.1955
  0
CIRCLE
  8
MIX
 10
-94.9785
 20
-117.7974
 40
0.7558
  0
CIRCLE
  8
MIX
 10
-119.0335
 20
168.0683
 40
0.2451
  0
CIRCLE
  8
MIX
 10
-69.9121
 20
-41.4886
 40
0.6706
  0
CIRCLE
  8
MIX
 10
-78.8615
 20
-132.3678
 40
0.8666
  0
CIRCLE
  8
MIX
 10
12.1658
 20
-131.2124
 40
0.1688
  0
CIRCLE
  8
MIX
 10
-109.2968
 20
-131.1503
 40
0.6183
  0
CIRCLE
  8
MIX
 10
163.0605
 20
147.7783
 40
0.2685
  0
CIRCLE
  8
MIX
 10
-109.7948
 20
83.7626
 40
0.3242
  0
CIRCLE
  8
MIX
 10
-68.9758
 20
24.4314
 40
0.8554
  0
CIRCLE
  8
MIX
 10
35.6539
 20
161.2205
 40
0.6643
  0
CIRCLE
  8
MIX
 10
-100.4384
 20
178.3600
 40
0.6135
  0
CIRCLE
  8
MIX
 10
-176.2619
 20
64.7893
 40
0.3947
  0
CIRCLE
  8
MIX
 10
22.7452
 20
114.0397
 40
0.8258
  0
CIRCLE
  8
MIX
 10
173.8441
 20
58.4108
 40
0.8283
  0
CIRCLE
  8
MIX
 10
229.3340
 20
85.2616
 40
0.6248
  0
CIRCLE
  8
MIX
 10
44.3175
 20
-110.3253
 40
0.5480
  0
CIRCLE
  8
MIX
 10
-215.3526
 20
-142.8426
 40
0.5057
  0
CIRCLE
  8
MIX
 10
-204.1044
 20
6.6785
 40
0.3213
  0
CIRCLE
  8
MIX
 10
222.5256
 20
129.6085
 40
0.5485
  0
CIRCLE
  8
MIX
 10
136.8205
 20
-28.3465
 40
0.4060
  0
CIRCLE
  8
MIX
 10
286.0575
 20
-19.6695
 40
0.2368
  0
CIRCLE
  8
MIX
 10
173.0665
 20
44.0926
 40
0.5975
  0
CIRCLE
  8
MIX
 10
-208.6812
 20
-35.3881
 40
0.5428
  0
CIRCLE
  8
MIX
 10
284.6369
 20
-190.7475
 40
0.6889
  0
CIRCLE
  8
MIX
 10
-80.5965
 20
157.8470
 40
0.6173
  0
CIRCLE
  8
MIX
 10
166.2495
 20
-134.1018
 40
0.2170
  0
CIRCLE
  8
MIX
 10
-215.2171
 20
82.8825
 40
0.6296
  0
CIRCLE
  8
MIX
 10
-220.8166
 20
161.2351
 40
0.7135
  0
CIRCLE
  8
MIX
 10
78.7481
 20
93.0445
 40
0.9286
  0
CIRCLE
  8
MIX
 10
21.8642
 20
-117.5992
 40
0.2458
  0
CIRCLE
  8
MIX
 10
-148.3631
 20
-0.2215
 40
0.4451
  0
CIRCLE
  8
MIX
 10
-198.8420
 20
-166.0898
 40
0.3325
  0
CIRCLE
  8
MIX
 10
-87.0481
 20
47.3712
 40
0.6685
  0
CIRCLE
  8
MIX
 10
45.5814
 20
-179.6921
 40
0.6688
  0
CIRCLE
  8
MIX
 10
210.6092
 20
-87.5236
 40
0.1974
  0
CIRCLE
  8
MIX
 10
166.9693
 20
-85.7591
 40
0.1783
  0
CIRCLE
  8
MIX
 10
-284.3477
 20
49.3888
 40
0.2852
  0
CIRCLE
  8
MIX
 10
219.8167
 20
193.4651
 40
0.1685
  0
CIRCLE
  8
MIX
 10
193.0830
 20
-100.5470
 40
0.4139
  0
CIRCLE
  8
MIX
 10
88.7791
 20
7.1923
 40
0.4517
  0
CIRCLE
  8
MIX
 10
-230.7530
 20
-59.0961
 40
0.1835
  0
CIRCLE
  8
MIX
 10
45.9321
 20
73.9245
 40
0.9950
  0
CIRCLE
  8
MIX
 10
287.7142
 20
-109.9367
 40
0.1862
  0
CIRCLE
  8
MIX
 10
-278.4042
 20
90.7542
 40
0.6178
  0
CIRCLE
  8
MIX
 10
45.0683
 20
-117.5838
 40
0.8979
  0
CIRCLE
  8
MIX
 10
-42.9193
 20
-0.7181
 40
0.6795
  0
CIRCLE
  8
MIX
 10
-38.2905
 20
-71.0946
 40
0.8452
  0
CIRCLE
  8
MIX
 10
155.8565
 20
-42.9220
 40
0.2495
  0
CIRCLE
  8
MIX
 10
-33.0633
 20
-34.9297
 40
0.9532
  0
CIRCLE
  8
MIX
 10
42.6347
 20
-62.7783
 40
0.3678
  0
CIRCLE
  8
MIX
 10
-241.5478
 20
64.6565
 40
0.3249
  0
CIRCLE
  8
MIX
 10
-191.0656
 20
103.1638
 40
0.8324
  0
CIRCLE
  8
MIX
 10
100.2809
 20
111.2991
 40
0.4079
  0
CIRCLE
  8
MIX
 10
-209.8678
 20
-26.7940
 40
0.4746
  0
CIRCLE
  8
MIX
 10
-53.8371
 20
168.0702
 40
0.4464
  0
CIRCLE
  8
MIX
 10
214.0097
 20
-60.4640
 40
0.2694
  0
CIRCLE
  8
MIX
 10
254.0113
 20
81.3457
 40
0.6504
  0
CIRCLE
  8
MIX
 10
-104.3184
 20
-117.7538
 40
0.6862
  0
CIRCLE
  8
MIX
 10
87.2834
 20
178.8205
 40
0.4816
  0
CIRCLE
  8
MIX
 10
279.7410
 20
-89.6555
 40
0.3007
  0
CIRCLE
  8
MIX
 10
-12.6648
 20
-12.1474
 40
0.7936
  0
CIRCLE
  8
MIX
 10
-181.2405
 20
180.6932
 40
0.5126
  0
CIRCLE
  8
MIX
 10
63.2698
 20
-84.1181
 40
0.9279
  0
CIRCLE
  8
MIX
 10
279.1756
 20
-116.6706
 40
0.7259
  0
CIRCLE
  8
MIX
 10
138.7012
 20
-34.2964
 40
0.7885
  0
CIRCLE
  8
MIX
 10
-197.6580
 20
38.9857
 40
0.4159
  0
CIRCLE
  8
MIX
 10
-155.5155
 20
121.1314
 40
0.2024
  0
CIRCLE
  8
MIX
 10
-48.6651
 20
13.0862
 40
0.6445
  0
CIRCLE
  8
MIX
 10
159.0594
 20
179.3081
 40
0.5511
  0
CIRCLE
  8
MIX
 10
-145.6956
 20
111.2922
 40
0.5656
  0
CIRCLE
  8
MIX
 10
-280.1277
 20
-29.1387
 40
0.5387
  0
CIRCLE
  8
MIX
 10
173.9136
 20
-53.9302
 40
0.1527
  0
CIRCLE
  8
MIX
 10
-103.3741
 20
-185.4859
 40
0.9742
  0
CIRCLE
  8
MIX
 10
281.0287
 20
-187.0143
 40
0.6494
  0
CIRCLE
  8
MIX
 10
46.1098
 20
134.8886
 40
0.6934
  0
CIRCLE
  8
MIX
 10
260.5291
 20
-159.2263
 40
0.6109
  0
CIRCLE
  8
MIX
 10
25.3386
 20
137.3368
 40
0.3685
  0
CIRCLE
  8
MIX
 10
-190.8449
 20
-168.1129
 40
0.3380
  0
CIRCLE
  8
MIX
 10
-129.0854
 20
-12.0488
 40
0.2455
  0
CIRCLE
  8
MIX
 10
-249.0401
 20
-148.4773
 40
0.3206
  0
CIRCLE
  8
MIX
 10
-265.8078
 20
126.6926
 40
0.7037
  0
CIRCLE
  8
MIX
 10
16.4157
 20
184.2166
 40
0.4342
  0
CIRCLE
  8
MIX
 10
-19.7978
 20
3.0751
 40
0.7467
  0
CIRCLE
  8
MIX
 10
287.8094
 20
-10.6834
 40
0.7249
  0
CIRCLE
  8
MIX
 10
29.6386
 20
-96.6771
 40
0.1944
  0
CIRCLE
  8
MIX
 10
-282.5120
 20
-78.8109
 40
0.9041
  0
CIRCLE
  8
MIX
 10
283.7785
 20
-118.3973
 40
0.4552
  0
CIRCLE
  8
MIX
 10
-71.9674
 20
128.1617
 40
0.4229
  0
CIRCLE
  8
MIX
 10
58.2427
 20
72.0981
 40
0.2026
  0
CIRCLE
  8
MIX
 10
-174.1951
 20
107.1913
 40
0.9200
  0
CIRCLE
  8
MIX
 10
39.2542
 20
-60.4313
 40
0.2102
  0
CIRCLE
  8
MIX
 10
262.7646
 20
120.3288
 40
0.6093
  0
CIRCLE
  8
MIX
 10
111.7785
 20
109.8871
 40
0.4495
  0
CIRCLE
  8
MIX
 10
-22.7400
 20
185.4792
 40
0.5146
  0
CIRCLE
  8
MIX
 10
268.8697
 20
-184.8893
 40
0.1818
  0
CIRCLE
  8
MIX
 10
-186.1139
 20
178.9734
 40
0.9311
  0
CIRCLE
  8
MIX
 10
-98.0456
 20
-93.8184
 40
0.3100
  0
CIRCLE
  8
MIX
 10
-233.2561
 20
-117.6682
 40
0.4742
  0
CIRCLE
  8
MIX
 10
-241.0817
 20
66.6029
 40
0.8010
  0
CIRCLE
  8
MIX
 10
-19.2340
 20
-68.4419
 40
0.8741
  0
CIRCLE
  8
MIX
 10
-133.0451
 20
178.6604
 40
0.5824
  0
CIRCLE
  8
MIX
 10
43.4509
 20
-114.3999
 40
0.9217
  0
CIRCLE
  8
MIX
 10
-73.5468
 20
-53.8000
 40
0.3567
  0
CIRCLE
  8
MIX
 10
-44.3841
 20
-187.4881
 40
0.9680
  0
CIRCLE
  8
MIX
 10
-3.0134
 20
20.8845
 40
0.5557
  0
CIRCLE
  8
MIX
 10
5.8925
 20
188.5871
 40
0.3167
  0
CIRCLE
  8
MIX
 10
-87.0314
 20
38.4781
 40
0.8628
  0
CIRCLE
  8
MIX
 10
-199.1032
 20
78.5663
 40
0.2248
  0
CIRCLE
  8
MIX
 10
-188.9852
 20
174.3070
 40
0.9188
  0
CIRCLE
  8
MIX
 10
292.5552
 20
-134.8015
 40
0.4233
  0
CIRCLE
  8
MIX
 10
139.7398
 20
-71.1386
 40
0.2328
  0
CIRCLE
  8
MIX
 10
-92.7869
 20
-54.7962
 40
0.2500
  0
CIRCLE
  8
MIX
 10
-128.1200
 20
141.7874
 40
0.5318
  0
CIRCLE
  8
MIX
 10
139.1405
 20
-102.7004
 40
0.2732
  0
CIRCLE
  8
MIX
 10
-185.4884
 20
-18.4782
 40
0.2163
  0
CIRCLE
  8
MIX
 10
95.1324
 20
-72.3417
 40
0.5388
  0
CIRCLE
  8
MIX
 10
211.9796
 20
74.7979
 40
0.1553
  0
CIRCLE
  8
MIX
 10
-21.6755
 20
-49.7829
 40
0.8253
  0
CIRCLE
  8
MIX
 10
134.2217
 20
121.4375
 40
0.4822
  0
CIRCLE
  8
MIX
 10
149.3693
 20
134.9025
 40
0.4988
  0
CIRCLE
  8
MIX
 10
186.7048
 20
-158.4921
 40
0.3076
  0
CIRCLE
  8
MIX
 10
-87.0255
 20
77.3229
 40
0.7974
  0
CIRCLE
  8
MIX
 10
-146.5533
 20
20.3005
 40
0.6550
  0
CIRCLE
  8
MIX
 10
-261.2306
 20
-59.9377
 40
0.3611
  0
CIRCLE
  8
MIX
 10
-152.1822
 20
-32.0652
 40
0.3954
  0
CIRCLE
  8
MIX
 10
128.7598
 20
-190.3629
 40
0.2735
  0
CIRCLE
  8
MIX
 10
273.2585
 20
-179.0415
 40
0.2382
  0
CIRCLE
  8
MIX
 10
100.5314
 20
-34.3067
 40
0.3707
  0
CIRCLE
  8
MIX
 10
273.9590
 20
-20.6504
 40
0.7381
  0
CIRCLE
  8
MIX
 10
167.0952
 20
151.3888
 40
0.2114
  0
CIRCLE
  8
MIX
 10
-169.8223
 20
-49.9201
 40
0.3824
  0
CIRCLE
  8
MIX
 10
132.1058
 20
107.3593
 40
0.6185
  0
CIRCLE
  8
MIX
 10
0.4693
 20
4.1229
 40
0.1809
  0
CIRCLE
  8
MIX
 10
174.3534
 20
157.4702
 40
0.8534
  0
CIRCLE
  8
MIX
 10
59.9132
 20
-66.2715
 40
0.8301
  0
CIRCLE
  8
MIX
 10
-110.7941
 20
-6.0522
 40
0.9055
  0
CIRCLE
  8
MIX
 10
-264.2827
 20
-2.7997
 40
0.2672
  0
CIRCLE
  8
MIX
 10
-131.7153
 20
-146.2757
 40
0.7658
  0
CIRCLE
  8
MIX
 10
165.5734
 20
-164.4638
 40
0.2454
  0
CIRCLE
  8
MIX
 10
3.3705
 20
-101.8374
 40
0.4525
  0
CIRCLE
  8
MIX
 10
116.1179
 20
105.3945
 40
0.1659
  0
CIRCLE
  8
MIX
 10
107.5813
 20
6.0007
 40
0.3594
  0
CIRCLE
  8
MIX
 10
195.0382
 20
-57.8390
 40
0.9127
  0
CIRCLE
  8
MIX
 10
-12.4861
 20
-84.3715
 40
0.2439
  0
CIRCLE
  8
MIX
 10
-32.9710
 20
41.6804
 40
0.9733
  0
CIRCLE
  8
MIX
 10
-144.4765
 20
-31.0808
 40
0.5675
  0
CIRCLE
  8
MIX
 10
87.1786
 20
-24.2831
 40
0.5095
  0
CIRCLE
  8
MIX
 10
-127.0971
 20
106.0477
 40
0.1713
  0
CIRCLE
  8
MIX
 10
-118.2844
 20
-179.3173
 40
0.1852
  0
CIRCLE
  8
MIX
 10
-86.3546
 20
110.2778
 40
0.5323
  0
CIRCLE
  8
MIX
 10
-158.3890
 20
87.8651
 40
0.8391
  0
CIRCLE
  8
MIX
 10
-114.0043
 20
194.8439
 40
0.5636
  0
CIRCLE
  8
MIX
 10
-294.4332
 20
112.5415
 40
0.9099
  0
CIRCLE
  8
MIX
 10
-273.6422
 20
-97.9572
 40
0.2772
  0
CIRCLE
  8
MIX
 10
-128.3250
 20
-154.7482
 40
0.9286
  0
CIRCLE
  8
MIX
 10
248.5829
 20
-31.2678
 40
0.2702
  0
CIRCLE
  8
MIX
 10
47.7554
 20
-112.6552
 40
0.4662
  0
CIRCLE
  8
MIX
 10
-187.5345
 20
123.8579
 40
0.3159
  0
CIRCLE
  8
MIX
 10
-284.6796
 20
190.9816
 40
0.9770
  0
CIRCLE
  8
MIX
 10
-60.3345
 20
133.6528
 40
0.8842
  0
CIRCLE
  8
MIX
 10
-52.4748
 20
137.3147
 40
0.7889
  0
CIRCLE
  8
MIX
 10
254.5166
 20
-119.9886
 40
0.7750
  0
CIRCLE
  8
MIX
 10
63.5924
 20
-88.1862
 40
0.7090
  0
CIRCLE
  8
MIX
 10
42.5101
 20
88.5049
 40
0.7708
  0
CIRCLE
  8
MIX
 10
227.2953
 20
38.9352
 40
0.1843
  0
CIRCLE
  8
MIX
 10
131.9216
 20
-4.2034
 40
0.4822
  0
CIRCLE
  8
MIX
 10
-208.5978
 20
175.7685
 40
0.7697
  0
CIRCLE
  8
MIX
 10
-104.6841
 20
183.1191
 40
0.3905
  0
CIRCLE
  8
MIX
 10
-60.2313
 20
192.2090
 40
0.3586
  0
CIRCLE
  8
MIX
 10
128.7790
 20
-15.7945
 40
0.2952
  0
CIRCLE
  8
MIX
 10
30.2693
 20
89.8302
 40
0.9160
  0
CIRCLE
  8
MIX
 10
-71.0661
 20
-156.0941
 40
0.8790
  0
CIRCLE
  8
MIX
 10
161.2312
 20
79.2297
 40
0.1626
  0
CIRCLE
  8
MIX
 10
222.3462
 20
148.8910
 40
0.9252
  0
CIRCLE
  8
MIX
 10
-112.2747
 20
-37.5628
 40
0.2394
  0
CIRCLE
  8
MIX
 10
0.0730
 20
-84.3833
 40
0.3756
  0
CIRCLE
  8
MIX
 10
178.2305
 20
89.2599
 40
0.6246
  0
CIRCLE
  8
MIX
 10
-6.9085
 20
-85.6632
 40
0.3791
  0
CIRCLE
  8
MIX
 10
-16.9360
 20
-99.5569
 40
0.8253
  0
CIRCLE
  8
MIX
 10
23.4330
 20
-177.3436
 40
0.6618
  0
CIRCLE
  8
MIX
 10
-270.1794
 20
-67.5017
 40
0.3650
  0
CIRCLE
  8
MIX
 10
-47.7336
 20
49.1716
 40
0.8237
  0
CIRCLE
  8
MIX
 10
174.1277
 20
-104.7614
 40
0.5356
  0
CIRCLE
  8
MIX
 10
-28.7995
 20
-151.6163
 40
0.5513
  0
CIRCLE
  8
MIX
 10
22.5609
 20
-110.2723
 40
0.8651
  0
CIRCLE
  8
MIX
 10
217.9347
 20
-126.4346
 40
0.2477
  0
CIRCLE
  8
MIX
 10
-25.1845
 20
-52.2791
 40
0.9675
  0
CIRCLE
  8
MIX
 10
143.3453
 20
-84.1621
 40
0.4929
  0
CIRCLE
  8
MIX
 10
70.4560
 20
-159.9714
 40
0.6830
  0
CIRCLE
  8
MIX
 10
245.3960
 20
-153.3549
 40
0.8228
  0
CIRCLE
  8
MIX
 10
-161.9978
 20
146.7985
 40
0.9765
  0
CIRCLE
  8
MIX
 10
-42.8448
 20
98.3278
 40
0.7784
  0
CIRCLE
  8
MIX
 10
-42.9745
 20
173.7462
 40
0.6394
  0
CIRCLE
  8
MIX
 10
72.9411
 20
-155.1327
 40
0.8420
  0
CIRCLE
  8
MIX
 10
3.5545
 20
31.1187
 40
0.9667
  0
CIRCLE
  8
MIX
 10
289.4471
 20
93.3225
 40
0.8168
  0
CIRCLE
  8
MIX
 10
-98.3115
 20
-77.1002
 40
0.7665
  0
CIRCLE
  8
MIX
 10
-291.1224
 20
17.2859
 40
0.4340
  0
CIRCLE
  8
MIX
 10
-193.8675
 20
-121.2957
 40
0.2346
  0
CIRCLE
  8
MIX
 10
-50.1092
 20
158.0801
 40
0.5654
  0
CIRCLE
  8
MIX
 10
237.6540
 20
116.2205
 40
0.8410
  0
CIRCLE
  8
MIX
 10
70.7617
 20
-11.3488
 40
0.6831
  0
CIRCLE
  8
MIX
 10
42.4642
 20
134.1896
 40
0.6726
  0
CIRCLE
  8
MIX
 10
168.8834
 20
-39.5480
 40
0.5318
  0
CIRCLE
  8
MIX
 10
33.5009
 20
-108.9944
 40
0.5980
  0
CIRCLE
  8
MIX
 10
-257.2248
 20
176.2789
 40
0.8542
  0
CIRCLE
  8
MIX
 10
82.7792
 20
58.3401
 40
0.8153
  0
CIRCLE
  8
MIX
 10
8.4131
 20
183.3006
 40
0.5853
  0
CIRCLE
  8
MIX
 10
55.6383
 20
-1.0236
 40
0.3932
  0
CIRCLE
  8
MIX
 10
-187.8161
 20
-178.3740
 40
0.5500
  0
CIRCLE
  8
MIX
 10
-3.9087
 20
-0.4543
 40
0.3365
  0
CIRCLE
  8
MIX
 10
119.3472
 20
-174.0320
 40
0.7920
  0
CIRCLE
  8
MIX
 10
133.8314
 20
68.3280
 40
0.9613
  0
CIRCLE
  8
MIX
 10
-159.1839
 20
182.5112
 40
0.4531
  0
CIRCLE
  8
MIX
 10
-35.9846
 20
181.9734
 40
0.6801
  0
CIRCLE
  8
MIX
 10
113.5848
 20
-108.7675
 40
0.2627
  0
CIRCLE
  8
MIX
 10
166.9813
 20
-30.8422
 40
0.4896
  0
CIRCLE
  8
MIX
 10
182.4978
 20
76.9176
 40
0.8269
  0
CIRCLE
  8
MIX
 10
172.8072
 20
20.0686
 40
0.6814
  0
CIRCLE
  8
MIX
 10
-105.4908
 20
161.1915
 40
0.6276
  0
CIRCLE
  8
MIX
 10
141.3469
 20
-165.5396
 40
0.4026
  0
CIRCLE
  8
MIX
 10
192.3829
 20
24.3144
 40
0.7803
  0
CIRCLE
  8
MIX
 10
-51.6868
 20
-175.9095
 40
0.9134
  0
CIRCLE
  8
MIX
 10
244.1797
 20
140.5069
 40
0.7775
  0
CIRCLE
  8
MIX
 10
138.3949
 20
113.8760
 40
0.2276
  0
CIRCLE
  8
MIX
 10
-130.8857
 20
-164.5636
 40
0.8692
  0
CIRCLE
  8
MIX
 10
-86.4815
 20
-63.6292
 40
0.3148
  0
CIRCLE
  8
MIX
 10
30.6977
 20
-159.5477
 40
0.5341
  0
CIRCLE
  8
MIX
 10
-165.5334
 20
112.3812
 40
0.5869
  0
CIRCLE
  8
MIX
 10
-214.2439
 20
46.4571
 40
0.9898
  0
CIRCLE
  8
MIX
 10
33.3791
 20
-57.0174
 40
0.5324
  0
CIRCLE
  8
MIX
 10
84.1878
 20
172.1974
 40
0.7397
  0
CIRCLE
  8
MIX
 10
239.4488
 20
-98.8924
 40
0.6364
  0
CIRCLE
  8
MIX
 10
-229.5685
 20
-151.5054
 40
0.3876
  0
CIRCLE
  8
MIX
 10
276.6281
 20
20.5065
 40
0.6864
  0
CIRCLE
  8
MIX
 10
-105.1719
 20
182.7692
 40
0.4304
  0
CIRCLE
  8
MIX
 10
96.6354
 20
152.4775
 40
0.4969
  0
CIRCLE
  8
MIX
 10
42.6061
 20
-41.6132
 40
0.2345
  0
CIRCLE
  8
MIX
 10
-290.7597
 20
42.5820
 40
0.5413
  0
CIRCLE
  8
MIX
 10
131.3698
 20
-127.8748
 40
0.6809
  0
CIRCLE
  8
MIX
 10
-279.0313
 20
106.8432
 40
0.9476
  0
CIRCLE
  8
MIX
 10
-44.0475
 20
-38.3269
 40
0.3019
  0
CIRCLE
  8
MIX
 10
159.2463
 20
65.9322
 40
0.7391
  0
CIRCLE
  8
MIX
 10
83.5825
 20
-25.2209
 40
0.4858
  0
CIRCLE
  8
MIX
 10
-22.1531
 20
-77.1820
 40
0.7267
  0
CIRCLE
  8
MIX
 10
-176.2648
 20
133.7219
 40
0.3785
  0
CIRCLE
  8
MIX
 10
237.5803
 20
160.5476
 40
0.2295
  0
CIRCLE
  8
MIX
 10
77.0620
 20
34.4132
 40
0.2160
  0
CIRCLE
  8
MIX
 10
-260.3150
 20
-181.5144
 40
0.7109
  0
CIRCLE
  8
MIX
 10
-202.3479
 20
-0.0614
 40
0.5128
  0
CIRCLE
  8
MIX
 10
14.6515
 20
83.7183
 40
0.8034
  0
CIRCLE
  8
MIX
 10
-266.1601
 20
194.9174
 40
0.5650
  0
CIRCLE
  8
MIX
 10
172.4177
 20
-84.3232
 40
0.8679
  0
CIRCLE
  8
MIX
 10
96.0703
 20
130.9944
 40
0.5287
  0
CIRCLE
  8
MIX
 10
-222.6748
 20
-117.3989
 40
0.1629
  0
CIRCLE
  8
MIX
 10
-232.7694
 20
-153.7087
 40
0.6227
  0
CIRCLE
  8
MIX
 10
-280.8690
 20
-175.5013
 40
0.9524
  0
CIRCLE
  8
MIX
 10
92.5944
 20
-175.9888
 40
0.5429
  0
CIRCLE
  8
MIX
 10
186.0015
 20
-24.9907
 40
0.4361
  0
CIRCLE
  8
MIX
 10
-45.6449
 20
108.8469
 40
0.8427
  0
CIRCLE
  8
MIX
 10
-66.9899
 20
-69.6932
 40
0.1912
  0
CIRCLE
  8
MIX
 10
-29.0957
 20
-104.3582
 40
0.3850
  0
CIRCLE
  8
MIX
 10
236.4794
 20
-156.8872
 40
0.8191
  0
CIRCLE
  8
MIX
 10
-205.2232
 20
174.1504
 40
0.9403
  0
CIRCLE
  8
MIX
 10
126.7913
 20
-89.6947
 40
0.9775
  0
CIRCLE
  8
MIX
 10
96.7996
 20
117.9813
 40
0.4961
  0
CIRCLE
  8
MIX
 10
-243.7062
 20
129.7354
 40
0.4026
  0
CIRCLE
  8
MIX
 10
-191.3109
 20
-53.8619
 40
0.1866
  0
CIRCLE
  8
MIX
 10
-189.0944
 20
-48.0368
 40
0.7702
  0
CIRCLE
  8
MIX
 10
43.3891
 20
133.2491
 40
0.5092
  0
CIRCLE
  8
MIX
 10
-109.7883
 20
-138.0622
 40
0.2669
  0
CIRCLE
  8
MIX
 10
-46.9089
 20
170.8477
 40
0.3371
  0
CIRCLE
  8
MIX
 10
-132.4994
 20
-189.5640
 40
0.1671
  0
CIRCLE
  8
MIX
 10
90.3617
 20
8.1768
 40
0.6359
  0
CIRCLE
  8
MIX
 10
44.5772
 20
-168.4270
 40
0.3026
  0
CIRCLE
  8
MIX
 10
189.3884
 20
18.1986
 40
0.8091
  0
CIRCLE
  8
MIX
 10
192.5290
 20
7.1767
 40
0.2996
  0
CIRCLE
  8
MIX
 10
53.2774
 20
-95.9585
 40
0.3628
  0
CIRCLE
  8
MIX
 10
85.1910
 20
-42.4983
 40
0.2390
  0
CIRCLE
  8
MIX
 10
270.8583
 20
74.2613
 40
0.7967
  0
CIRCLE
  8
MIX
 10
93.0915
 20
-83.0725
 40
0.5172
  0
CIRCLE
  8
MIX
 10
33.8150
 20
93.2804
 40
0.4327
  0
CIRCLE
  8
MIX
 10
-231.5876
 20
99.1558
 40
0.3401
  0
CIRCLE
  8
MIX
 10
243.4148
 20
177.4527
 40
0.4878
  0
CIRCLE
  8
MIX
 10
-237.7792
 20
165.2769
 40
0.9576
  0
CIRCLE
  8
MIX
 10
-283.0854
 20
18.6259
 40
0.9133
  0
CIRCLE
  8
MIX
 10
70.1724
 20
-53.8635
 40
0.1985
  0
CIRCLE
  8
MIX
 10
-91.8878
 20
57.0944
 40
0.7723
  0
CIRCLE
  8
MIX
 10
268.2939
 20
183.9711
 40
0.5735
  0
CIRCLE
  8
MIX
 10
215.7519
 20
-34.3033
 40
0.4794
  0
CIRCLE
  8
MIX
 10
162.5830
 20
43.5356
 40
0.4368
  0
CIRCLE
  8
MIX
 10
-81.1750
 20
7.7715
 40
0.4046
  0
CIRCLE
  8
MIX
 10
-208.7383
 20
-93.8336
 40
0.3109
  0
CIRCLE
  8
MIX
 10
-219.5182
 20
144.9839
 40
0.7596
  0
CIRCLE
  8
MIX
 10
12.8333
 20
-32.3334
 40
0.6491
  0
CIRCLE
  8
MIX
 10
-186.4599
 20
-192.0695
 40
0.2110
  0
CIRCLE
  8
MIX
 10
62.8823
 20
-41.1890
 40
0.3083
  0
CIRCLE
  8
MIX
 10
-238.3102
 20
-25.8306
 40
0.4760
  0
CIRCLE
  8
MIX
 10
-5.9435
 20
1.8936
 40
0.9392
  0
CIRCLE
  8
MIX
 10
-217.2995
 20
136.1522
 40
0.5542
  0
CIRCLE
  8
MIX
 10
93.1452
 20
-25.6568
 40
0.8144
  0
CIRCLE
  8
MIX
 10
-245.5129
 20
156.7132
 40
0.2256
  0
CIRCLE
  8
MIX
 10
-187.1411
 20
-12.7550
 40
0.3899
  0
CIRCLE
  8
MIX
 10
293.0373
 20
13.5380
 40
0.7959
  0
CIRCLE
  8
MIX
 10
-9.9249
 20
-91.1072
 40
0.7919
  0
CIRCLE
  8
MIX
 10
84.1883
 20
-182.3516
 40
0.9331
  0
CIRCLE
  8
MIX
 10
-56.8050
 20
137.5008
 40
0.6698
  0
CIRCLE
  8
MIX
 10
-119.6731
 20
-14.3523
 40
0.5702
  0
CIRCLE
  8
MIX
 10
215.1015
 20
89.1750
 40
0.5047
  0
CIRCLE
  8
MIX
 10
-0.4917
 20
-127.4797
 40
0.6734
  0
CIRCLE
  8
MIX
 10
201.2786
 20
-166.5612
 40
0.4623
  0
CIRCLE
  8
MIX
 10
-20.4877
 20
-107.5754
 40
0.5572
  0
CIRCLE
  8
MIX
 10
201.1828
 20
-194.7379
 40
0.3580
  0
CIRCLE
  8
MIX
 10
294.2165
 20
-179.5926
 40
0.9437
  0
CIRCLE
  8
MIX
 10
-168.7836
 20
-34.0706
 40
0.8216
  0
CIRCLE
  8
MIX
 10
-4.3758
 20
159.5469
 40
0.8711
  0
CIRCLE
  8
MIX
 10
-34.1291
 20
-78.5776
 40
0.5865
  0
CIRCLE
  8
MIX
 10
-96.8149
 20
-83.0375
 40
0.7341
  0
CIRCLE
  8
MIX
 10
226.0516
 20
162.5654
 40
0.3422
  0
CIRCLE
  8
MIX
 10
-256.0588
 20
139.6424
 40
0.7019
  0
CIRCLE
  8
MIX
 10
-203.4939
 20
-37.7873
 40
0.8618
  0
CIRCLE
  8
MIX
 10
-86.2300
 20
-181.5897
 40
0.5243
  0
CIRCLE
  8
MIX
 10
-96.0947
 20
-22.4864
 40
0.2466
  0
CIRCLE
  8
MIX
 10
132.8257
 20
96.8037
 40
0.7243
  0
CIRCLE
  8
MIX
 10
-130.2731
 20
-173.9880
 40
0.1634
  0
CIRCLE
  8
MIX
 10
-181.5392
 20
192.4401
 40
0.5086
  0
CIRCLE
  8
MIX
 10
-26.0969
 20
59.2783
 40
0.8255
  0
CIRCLE
  8
MIX
 10
-252.3275
 20
-27.1578
 40
0.8631
  0
CIRCLE
  8
MIX
 10
192.4848
 20
93.1849
 40
0.2334
  0
CIRCLE
  8
MIX
 10
39.7382
 20
-53.0706
 40
0.7242
  0
CIRCLE
  8
MIX
 10
271.5740
 20
-103.9395
 40
0.8383
  0
CIRCLE
  8
MIX
 10
39.4085
 20
-31.2830
 40
0.8794
  0
CIRCLE
  8
MIX
 10
-223.2499
 20
161.0602
 40
0.2124
  0
CIRCLE
  8
MIX
 10
273.0754
 20
-137.5614
 40
0.9862
  0
CIRCLE
  8
MIX
 10
268.4099
 20
-146.5966
 40
0.8564
  0
CIRCLE
  8
MIX
 10
255.9814
 20
-20.4216
 40
0.6165
  0
CIRCLE
  8
MIX
 10
155.0962
 20
-127.0854
 40
0.2234
  0
CIRCLE
  8
MIX
 10
9.0217
 20
-180.5884
 40
0.6541
  0
CIRCLE
  8
MIX
 10
275.2729
 20
-186.1893
 40
0.9073
  0
CIRCLE
  8
MIX
 10
130.2726
 20
186.8605
 40
0.5695
  0
CIRCLE
  8
MIX
 10
-240.6487
 20
-26.8533
 40
0.6523
  0
CIRCLE
  8
MIX
 10
220.3066
 20
16.0211
 40
0.3825
  0
CIRCLE
  8
MIX
 10
-65.6632
 20
183.0243
 40
0.2014
  0
CIRCLE
  8
MIX
 10
-277.1250
 20
-154.1363
 40
0.4673
  0
CIRCLE
  8
MIX
 10
199.5031
 20
35.8309
 40
0.4433
  0
CIRCLE
  8
MIX
 10
184.8991
 20
-2.4037
 40
0.7827
  0
CIRCLE
  8
MIX
 10
139.2524
 20
-87.3499
 40
0.3513
  0
CIRCLE
  8
MIX
 10
273.1707
 20
82.2620
 40
0.7821
  0
CIRCLE
  8
MIX
 10
-244.9548
 20
118.8374
 40
0.7051
  0
CIRCLE
  8
MIX
 10
230.9631
 20
43.5699
 40
0.9956
  0
CIRCLE
  8
MIX
 10
68.2221
 20
33.8189
 40
0.3146
  0
CIRCLE
  8
MIX
 10
177.1468
 20
-64.0262
 40
0.6045
  0
CIRCLE
  8
MIX
 10
-164.0474
 20
110.7053
 40
0.7990
  0
CIRCLE
  8
MIX
 10
244.6442
 20
-97.1179
 40
0.6033
  0
CIRCLE
  8
MIX
 10
189.6729
 20
-58.4301
 40
0.6185
  0
CIRCLE
  8
MIX
 10
-24.6119
 20
45.8336
 40
0.1982
  0
CIRCLE
  8
MIX
 10
-274.5265
 20
-97.5414
 40
0.8520
  0
CIRCLE
  8
MIX
 10
6.6261
 20
-186.2207
 40
0.2315
  0
CIRCLE
  8
MIX
 10
-24.7862
 20
-5.3553
 40
0.8494
  0
CIRCLE
  8
MIX
 10
-150.3186
 20
93.5019
 40
0.8249
  0
CIRCLE
  8
MIX
 10
51.9247
 20
-188.4505
 40
0.4186
  0
CIRCLE
  8
MIX
 10
48.3937
 20
-31.0555
 40
0.8675
  0
CIRCLE
  8
MIX
 10
-0.4336
 20
10.3782
 40
0.3148
  0
CIRCLE
  8
MIX
 10
-28.3278
 20
110.0510
 40
0.8005
  0
CIRCLE
  8
MIX
 10
-258.3212
 20
100.1198
 40
0.4328
  0
CIRCLE
  8
MIX
 10
244.1416
 20
-148.1024
 40
0.6479
  0
CIRCLE
  8
MIX
 10
112.1554
 20
-190.6246
 40
0.3113
  0
CIRCLE
  8
MIX
 10
182.0088
 20
-46.3364
 40
0.7753
  0
CIRCLE
  8
MIX
 10
-179.4698
 20
184.7643
 40
0.7238
  0
CIRCLE
  8
MIX
 10
139.2638
 20
-154.3974
 40
0.1892
  0
CIRCLE
  8
MIX
 10
-179.9531
 20
-30.3395
 40
0.9047
  0
CIRCLE
  8
MIX
 10
-96.5876
 20
41.8832
 40
0.1996
  0
CIRCLE
  8
MIX
 10
-4.3726
 20
-110.0125
 40
0.2388
  0
CIRCLE
  8
MIX
 10
1.3630
 20
-90.7809
 40
0.7670
  0
CIRCLE
  8
MIX
 10
236.9219
 20
-25.0136
 40
0.8569
  0
CIRCLE
  8
MIX
 10
76.1100
 20
-13.1485
 40
0.5139
  0
CIRCLE
  8
MIX
 10
205.1595
 20
-167.4623
 40
0.7443
  0
CIRCLE
  8
MIX
 10
104.7177
 20
63.9365
 40
0.4663
  0
CIRCLE
  8
MIX
 10
167.7719
 20
106.9911
 40
0.4062
  0
CIRCLE
  8
MIX
 10
-240.9306
 20
166.9725
 40
0.4302
  0
CIRCLE
  8
MIX
 10
147.9835
 20
168.8084
 40
0.7502
  0
CIRCLE
  8
MIX
 10
184.1427
 20
-176.1734
 40
0.6571
  0
CIRCLE
  8
MIX
 10
-155.9943
 20
-24.1094
 40
0.2346
  0
CIRCLE
  8
MIX
 10
-194.5293
 20
153.4398
 40
0.5398
  0
CIRCLE
  8
MIX
 10
130.3812
 20
-137.5065
 40
0.8276
  0
CIRCLE
  8
MIX
 10
109.1827
 20
142.6545
 40
0.7215
  0
CIRCLE
  8
MIX
 10
158.6529
 20
39.3934
 40
0.5792
  0
CIRCLE
  8
MIX
 10
-234.1448
 20
-194.9361
 40
0.9150
  0
CIRCLE
  8
MIX
 10
-217.8680
 20
-5.3167
 40
0.2662
  0
CIRCLE
  8
MIX
 10
174.5746
 20
-57.4168
 40
0.1824
  0
CIRCLE
  8
MIX
 10
-293.6472
 20
174.5250
 40
0.6206
  0
CIRCLE
  8
MIX
 10
-162.6135
 20
69.8391
 40
0.4418
  0
CIRCLE
  8
MIX
 10
-250.9100
 20
13.5900
 40
0.2905
  0
CIRCLE
  8
MIX
 10
287.9174
 20
155.7103
 40
0.6122
  0
CIRCLE
  8
MIX
 10
-102.1836
 20
92.0514
 40
0.4075
  0
CIRCLE
  8
MIX
 10
-87.3372
 20
-53.3152
 40
0.2478
  0
CIRCLE
  8
MIX
 10
-35.5478
 20
-193.9104
 40
0.5800
  0
CIRCLE
  8
MIX
 10
-9.5137
 20
-65.6252
 40
0.9722
  0
CIRCLE
  8
MIX
 10
-196.5518
 20
-51.8140
 40
0.3476
  0
CIRCLE
  8
MIX
 10
-123.4824
 20
-94.1989
 40
0.4159
  0
CIRCLE
  8
MIX
 10
195.9058
 20
-1.7323
 40
0.9160
  0
CIRCLE
  8
MIX
 10
-227.8711
 20
-88.8299
 40
0.8586
  0
CIRCLE
  8
MIX
 10
-154.1848
 20
93.2705
 40
0.5254
  0
CIRCLE
  8
MIX
 10
284.2458
 20
31.0748
 40
0.8452
  0
CIRCLE
  8
MIX
 10
10.8414
 20
107.1560
 40
0.6464
  0
CIRCLE
  8
MIX
 10
-283.8189
 20
-105.3977
 40
0.2085
  0
CIRCLE
  8
MIX
 10
125.6523
 20
-127.8846
 40
0.8278
  0
CIRCLE
  8
MIX
 10
-100.3066
 20
62.9734
 40
0.5512
  0
CIRCLE
  8
MIX
 10
-273.1786
 20
-179.1513
 40
0.9932
  0
CIRCLE
  8
MIX
 10
65.3399
 20
31.3299
 40
0.5905
  0
CIRCLE
  8
MIX
 10
111.0889
 20
-124.3118
 40
0.7366
  0
CIRCLE
  8
MIX
 10
-153.3521
 20
135.3655
 40
0.3169
  0
CIRCLE
  8
MIX
 10
79.4880
 20
-90.8153
 40
0.3441
  0
CIRCLE
  8
MIX
 10
-255.5695
 20
-159.0765
 40
0.8827
  0
CIRCLE
  8
MIX
 10
224.7867
 20
148.8368
 40
0.6195
  0
CIRCLE
  8
MIX
 10
231.9670
 20
24.7038
 40
0.4351
  0
CIRCLE
  8
MIX
 10
-184.8983
 20
-147.8158
 40
0.3013
  0
CIRCLE
  8
MIX
 10
-208.9939
 20
-135.9175
 40
0.9638
  0
CIRCLE
  8
MIX
 10
258.6748
 20
-76.2645
 40
0.8284
  0
CIRCLE
  8
MIX
 10
173.8829
 20
-4.9903
 40
0.1556
  0
CIRCLE
  8
MIX
 10
149.8951
 20
-1.5742
 40
0.7312
  0
CIRCLE
  8
MIX
 10
59.7162
 20
-59.7543
 40
0.2703
  0
CIRCLE
  8
MIX
 10
-129.0300
 20
-36.2589
 40
0.4375
  0
CIRCLE
  8
MIX
 10
73.9203
 20
-112.9047
 40
0.7766
  0
CIRCLE
  8
MIX
 10
-36.5685
 20
-119.4463
 40
0.7365
  0
CIRCLE
  8
MIX
 10
281.3831
 20
25.5349
 40
0.5944
  0
CIRCLE
  8
MIX
 10
225.1694
 20
-172.6529
 40
0.4285
  0
CIRCLE
  8
MIX
 10
-44.1357
 20
-74.5383
 40
0.2943
  0
CIRCLE
  8
MIX
 10
108.1540
 20
110.1002
 40
0.7947
  0
CIRCLE
  8
MIX
 10
-257.2780
 20
-93.0326
 40
0.8255
  0
CIRCLE
  8
MIX
 10
225.7039
 20
106.9225
 40
0.4069
  0
CIRCLE
  8
MIX
 10
-209.7818
 20
-108.6893
 40
0.2489
  0
CIRCLE
  8
MIX
 10
112.3143
 20
-131.1870
 40
0.8841
  0
CIRCLE
  8
MIX
 10
177.6438
 20
-176.1246
 40
0.6618
  0
CIRCLE
  8
MIX
 10
-20.0612
 20
1.9232
 40
0.4560
  0
CIRCLE
  8
MIX
 10
-242.4151
 20
135.1067
 40
0.7833
  0
CIRCLE
  8
MIX
 10
-241.5325
 20
148.6732
 40
0.8934
  0
CIRCLE
  8
MIX
 10
236.0767
 20
-87.5292
 40
0.9932
  0
CIRCLE
  8
MIX
 10
221.2093
 20
-108.7355
 40
0.6116
  0
CIRCLE
  8
MIX
 10
-120.5863
 20
-92.8726
 40
0.3004
  0
CIRCLE
  8
MIX
 10
24.7207
 20
77.7927
 40
0.6830
  0
CIRCLE
  8
MIX
 10
281.2456
 20
94.4908
 40
0.9814
  0
CIRCLE
  8
MIX
 10
292.5797
 20
44.5399
 40
0.2164
  0
CIRCLE
  8
MIX
 10
-80.4535
 20
-10.5597
 40
0.3861
  0
CIRCLE
  8
MIX
 10
-59.0765
 20
-5.6222
 40
0.9954
  0
CIRCLE
  8
MIX
 10
-18.6544
 20
-114.1359
 40
0.7909
  0
CIRCLE
  8
MIX
 10
-53.9883
 20
66.7761
 40
0.6851
  0
CIRCLE
  8
MIX
 10
165.0025
 20
37.7420
 40
0.9348
  0
CIRCLE
  8
MIX
 10
-223.0133
 20
165.9468
 40
0.8846
  0
CIRCLE
  8
MIX
 10
-223.4526
 20
136.3336
 40
0.6448
  0
CIRCLE
  8
MIX
 10
-113.3692
 20
-33.5898
 40
0.3397
  0
CIRCLE
  8
MIX
 10
-140.5605
 20
-43.5014
 40
0.5930
  0
CIRCLE
  8
MIX
 10
35.5183
 20
-154.0114
 40
0.5082
  0
CIRCLE
  8
MIX
 10
-102.7271
 20
-64.0266
 40
0.9088
  0
CIRCLE
  8
MIX
 10
-173.2223
 20
31.1771
 40
0.9965
  0
CIRCLE
  8
MIX
 10
-202.2726
 20
5.8247
 40
0.2092
  0
CIRCLE
  8
MIX
 10
175.9623
 20
-4.7491
 40
0.7053
  0
CIRCLE
  8
MIX
 10
-245.3230
 20
59.5389
 40
0.6797
  0
CIRCLE
  8
MIX
 10
189.5329
 20
11.5950
 40
0.5132
  0
CIRCLE
  8
MIX
 10
-44.9269
 20
-6.4625
 40
0.6045
  0
CIRCLE
  8
MIX
 10
112.4300
 20
-70.1556
 40
0.5531
  0
CIRCLE
  8
MIX
 10
229.2742
 20
-55.4150
 40
0.4288
  0
CIRCLE
  8
MIX
 10
-263.5994
 20
-133.2652
 40
0.3292
  0
CIRCLE
  8
MIX
 10
-160.8666
 20
50.8247
 40
0.8524
  0
CIRCLE
  8
MIX
 10
152.4096
 20
193.3508
 40
0.4733
  0
CIRCLE
  8
MIX
 10
-121.3520
 20
-35.7077
 40
0.2284
  0
CIRCLE
  8
MIX
 10
-21.1592
 20
-158.0360
 40
0.5066
  0
CIRCLE
  8
MIX
 10
108.5542
 20
-165.0373
 40
0.2831
  0
CIRCLE
  8
MIX
 10
58.5422
 20
-34.8774
 40
0.1840
  0
CIRCLE
  8
MIX
 10
-19.8217
 20
-109.0625
 40
0.8119
  0
CIRCLE
  8
MIX
 10
-201.6635
 20
183.3492
 40
0.2540
  0
CIRCLE
  8
MIX
 10
166.3721
 20
-172.4760
 40
0.2001
  0
CIRCLE
  8
MIX
 10
-19.3481
 20
131.9611
 40
0.7676
  0
CIRCLE
  8
MIX
 10
-10.2727
 20
-149.0538
 40
0.6944
  0
CIRCLE
  8
MIX
 10
-15.3165
 20
-181.5931
 40
0.2426
  0
CIRCLE
  8
MIX
 10
-288.2824
 20
11.5091
 40
0.8736
  0
CIRCLE
  8
MIX
 10
-189.7828
 20
-54.6381
 40
0.9985
  0
CIRCLE
  8
MIX
 10
102.2194
 20
127.4643
 40
0.8551
  0
CIRCLE
  8
MIX
 10
-62.8098
 20
157.8896
 40
0.8956
  0
CIRCLE
  8
MIX
 10
138.2564
 20
-14.1571
 40
0.8503
  0
CIRCLE
  8
MIX
 10
294.4714
 20
-48.4868
 40
0.6029
  0
CIRCLE
  8
MIX
 10
165.0523
 20
-128.6123
 40
0.8586
  0
CIRCLE
  8
MIX
 10
-251.5246
 20
88.2940
 40
0.6099
  0
CIRCLE
  8
MIX
 10
192.8058
 20
90.6708
 40
0.9424
  0
CIRCLE
  8
MIX
 10
102.3194
 20
-103.7639
 40
0.5942
  0
CIRCLE
  8
MIX
 10
-169.7205
 20
46.7854
 40
0.4662
  0
CIRCLE
  8
MIX
 10
-54.4490
 20
9.7800
 40
0.8428
  0
CIRCLE
  8
MIX
 10
72.5654
 20
191.8941
 40
0.3867
  0
CIRCLE
  8
MIX
 10
-150.7419
 20
2.0540
 40
0.6063
  0
CIRCLE
  8
MIX
 10
-183.5022
 20
141.6554
 40
0.8136
  0
CIRCLE
  8
MIX
 10
-282.1227
 20
-180.8130
 40
0.7706
  0
CIRCLE
  8
MIX
 10
114.3980
 20
-11.6195
 40
0.2857
  0
CIRCLE
  8
MIX
 10
193.4888
 20
169.5775
 40
0.3678
  0
CIRCLE
  8
MIX
 10
-273.6194
 20
-180.0502
 40
0.5078
  0
CIRCLE
  8
MIX
 10
67.0788
 20
112.8354
 40
0.3530
  0
CIRCLE
  8
MIX
 10
-5.4011
 20
-169.7122
 40
0.9715
  0
CIRCLE
  8
MIX
 10
290.4081
 20
40.3944
 40
0.9892
  0
CIRCLE
  8
MIX
 10
-39.2068
 20
115.8068
 40
0.2674
  0
CIRCLE
  8
MIX
 10
-271.9927
 20
88.8006
 40
0.4608
  0
CIRCLE
  8
MIX
 10
-67.4093
 20
61.9393
 40
0.7559
  0
CIRCLE
  8
MIX
 10
237.6648
 20
-66.3498
 40
0.4582
  0
CIRCLE
  8
MIX
 10
225.4267
 20
135.9277
 40
0.4104
  0
CIRCLE
  8
MIX
 10
-264.1598
 20
-136.6525
 40
0.1995
  0
CIRCLE
  8
MIX
 10
-213.0180
 20
-172.3139
 40
0.5559
  0
CIRCLE
  8
MIX
 10
227.9719
 20
133.5077
 40
0.2619
  0
CIRCLE
  8
MIX
 10
-189.1099
 20
-138.9647
 40
0.5649
  0
CIRCLE
  8
MIX
 10
-231.0984
 20
-98.7873
 40
0.4861
  0
CIRCLE
  8
MIX
 10
-102.5734
 20
-15.8036
 40
0.6076
  0
CIRCLE
  8
MIX
 10
41.8589
 20
99.6736
 40
0.5337
  0
CIRCLE
  8
MIX
 10
-187.8040
 20
-57.6475
 40
0.3534
  0
CIRCLE
  8
MIX
 10
-218.1062
 20
-185.5790
 40
0.4137
  0
CIRCLE
  8
MIX
 10
150.7203
 20
137.6076
 40
0.5604
  0
CIRCLE
  8
MIX
 10
-142.4467
 20
148.1779
 40
0.6426
  0
CIRCLE
  8
MIX
 10
78.5790
 20
114.0374
 40
0.2293
  0
CIRCLE
  8
MIX
 10
89.2257
 20
149.3258
 40
0.5593
  0
CIRCLE
  8
MIX
 10
-55.4251
 20
-91.0211
 40
0.2114
  0
CIRCLE
  8
MIX
 10
110.1788
 20
154.5959
 40
0.4724
  0
CIRCLE
  8
MIX
 10
-90.4169
 20
-12.4868
 40
0.3653
  0
CIRCLE
  8
MIX
 10
-156.8729
 20
56.5589
 40
0.6199
  0
CIRCLE
  8
MIX
 10
247.5039
 20
-93.5173
 40
0.2734
  0
CIRCLE
  8
MIX
 10
197.4571
 20
166.8981
 40
0.6098
  0
CIRCLE
  8
MIX
 10
8.3568
 20
-51.3699
 40
0.1713
  0
CIRCLE
  8
MIX
 10
46.2352
 20
-76.4221
 40
0.4330
  0
CIRCLE
  8
MIX
 10
-191.7396
 20
27.7713
 40
0.4370
  0
CIRCLE
  8
MIX
 10
254.1014
 20
-179.8825
 40
0.9369
  0
CIRCLE
  8
MIX
 10
-41.9084
 20
73.5965
 40
0.5929
  0
CIRCLE
  8
MIX
 10
-166.6585
 20
-85.5009
 40
0.2650
  0
CIRCLE
  8
MIX
 10
283.2624
 20
-69.0425
 40
0.9185
  0
CIRCLE
  8
MIX
 10
-107.9116
 20
-119.9805
 40
0.9489
  0
CIRCLE
  8
MIX
 10
-57.4562
 20
-145.3822
 40
0.7176
  0
CIRCLE
  8
MIX
 10
-168.0136
 20
-13.0969
 40
0.9256
  0
CIRCLE
  8
MIX
 10
-54.5562
 20
77.6452
 40
0.5053
  0
CIRCLE
  8
MIX
 10
-101.0033
 20
77.9645
 40
0.4420
  0
CIRCLE
  8
MIX
 10
-203.4246
 20
161.1791
 40
0.1890
  0
CIRCLE
  8
MIX
 10
156.5888
 20
130.3000
 40
0.4406
  0
CIRCLE
  8
MIX
 10
182.9697
 20
-3.5510
 40
0.6906
  0
CIRCLE
  8
MIX
 10
201.6001
 20
74.1488
 40
0.4918
  0
CIRCLE
  8
MIX
 10
-22.3488
 20
87.9099
 40
0.6578
  0
CIRCLE
  8
MIX
 10
-234.2019
 20
155.9429
 40
0.5909
  0
CIRCLE
  8
MIX
 10
-268.7490
 20
-29.5609
 40
0.4085
  0
CIRCLE
  8
MIX
 10
86.9008
 20
51.4119
 40
0.8172
  0
CIRCLE
  8
MIX
 10
-95.7681
 20
-135.0305
 40
0.7685
  0
CIRCLE
  8
MIX
 10
77.7569
 20
122.6764
 40
0.5004
  0
CIRCLE
  8
MIX
 10
256.6986
 20
66.9497
 40
0.3110
  0
CIRCLE
  8
MIX
 10
-112.2077
 20
-23.2022
 40
0.2511
  0
CIRCLE
  8
MIX
 10
21.9979
 20
141.8875
 40
0.8604
  0
CIRCLE
  8
MIX
 10
102.9614
 20
-51.4929
 40
0.7815
  0
CIRCLE
  8
MIX
 10
5.6526
 20
-16.8119
 40
0.2495
  0
CIRCLE
  8
MIX
 10
95.5393
 20
-116.9425
 40
0.6618
  0
CIRCLE
  8
MIX
 10
93.8434
 20
-149.1992
 40
0.8339
  0
CIRCLE
  8
MIX
 10
149.4060
 20
72.5856
 40
0.5198
  0
CIRCLE
  8
MIX
 10
-273.0747
 20
-133.9179
 40
0.4006
  0
CIRCLE
  8
MIX
 10
56.2600
 20
-182.7191
 40
0.6472
  0
CIRCLE
  8
MIX
 10
74.5776
 20
120.0209
 40
0.5574
  0
CIRCLE
  8
MIX
 10
179.7018
 20
157.2846
 40
0.4064
  0
CIRCLE
  8
MIX
 10
-58.6057
 20
119.8033
 40
0.7499
  0
CIRCLE
  8
MIX
 10
-116.3987
 20
-141.1554
 40
0.5948
  0
CIRCLE
  8
MIX
 10
196.2698
 20
63.8723
 40
0.7192
  0
CIRCLE
  8
MIX
 10
-155.1458
 20
35.0634
 40
0.2507
  0
CIRCLE
  8
MIX
 10
197.0845
 20
-30.5964
 40
0.8728
  0
CIRCLE
  8
MIX
 10
74.7919
 20
23.8641
 40
0.3301
  0
CIRCLE
  8
MIX
 10
135.1768
 20
109.7366
 40
0.7474
  0
CIRCLE
  8
MIX
 10
-155.6108
 20
-110.1958
 40
0.7814
  0
CIRCLE
  8
MIX
 10
33.1757
 20
-185.9980
 40
0.6769
  0
CIRCLE
  8
MIX
 10
102.2622
 20
68.3364
 40
0.7476
  0
CIRCLE
  8
MIX
 10
-213.8097
 20
-141.7580
 40
0.2026
  0
CIRCLE
  8
MIX
 10
-162.4864
 20
-22.6904
 40
0.5187
  0
CIRCLE
  8
MIX
 10
-98.6264
 20
117.9609
 40
0.6443
  0
CIRCLE
  8
MIX
 10
-91.9815
 20
177.1632
 40
0.8441
  0
CIRCLE
  8
MIX
 10
-254.2591
 20
-102.4654
 40
0.2677
  0
CIRCLE
  8
MIX
 10
224.9993
 20
-5.3539
 40
0.1745
  0
CIRCLE
  8
MIX
 10
-1.9191
 20
-76.5131
 40
0.5387
  0
CIRCLE
  8
MIX
 10
262.9576
 20
-178.7614
 40
0.7013
  0
CIRCLE
  8
MIX
 10
-100.9038
 20
27.5689
 40
0.6877
  0
CIRCLE
  8
MIX
 10
76.4763
 20
-36.9755
 40
0.2653
  0
CIRCLE
  8
MIX
 10
-24.1923
 20
-176.9047
 40
0.2151
  0
CIRCLE
  8
MIX
 10
18.3112
 20
59.7923
 40
0.9865
  0
CIRCLE
  8
MIX
 10
112.9922
 20
-194.6443
 40
0.6854
  0
CIRCLE
  8
MIX
 10
292.8245
 20
3.9020
 40
0.9938
  0
CIRCLE
  8
MIX
 10
-152.7427
 20
-4.6240
 40
0.6485
  0
CIRCLE
  8
MIX
 10
-218.5936
 20
-59.8268
 40
0.1673
  0
CIRCLE
  8
MIX
 10
249.5326
 20
107.1047
 40
0.9043
  0
CIRCLE
  8
MIX
 10
148.3502
 20
92.9945
 40
0.2829
  0
CIRCLE
  8
MIX
 10
-259.4756
 20
92.4966
 40
0.3171
  0
CIRCLE
  8
MIX
 10
12.9300
 20
72.2622
 40
0.4106
  0
CIRCLE
  8
MIX
 10
-37.7034
 20
-81.8014
 40
0.4566
  0
CIRCLE
  8
MIX
 10
-157.5651
 20
-98.1132
 40
0.7199
  0
CIRCLE
  8
MIX
 10
-1.1541
 20
162.8823
 40
0.3579
  0
CIRCLE
  8
MIX
 10
127.8844
 20
129.7019
 40
0.4115
  0
CIRCLE
  8
MIX
 10
210.5906
 20
-83.0633
 40
0.5764
  0
CIRCLE
  8
MIX
 10
155.3450
 20
-188.0719
 40
0.8937
  0
CIRCLE
  8
MIX
 10
-126.6620
 20
37.5083
 40
0.8813
  0
CIRCLE
  8
MIX
 10
167.4224
 20
-154.8710
 40
0.5715
  0
CIRCLE
  8
MIX
 10
-127.2187
 20
42.9867
 40
0.4550
  0
CIRCLE
  8
MIX
 10
37.8888
 20
90.0993
 40
0.5822
  0
CIRCLE
  8
MIX
 10
-157.8392
 20
-126.7565
 40
0.1587
  0
CIRCLE
  8
MIX
 10
-176.2521
 20
1.5996
 40
0.4726
  0
CIRCLE
  8
MIX
 10
14.6499
 20
-113.5207
 40
0.1609
  0
CIRCLE
  8
MIX
 10
-250.3917
 20
91.5419
 40
0.3733
  0
CIRCLE
  8
MIX
 10
-95.4552
 20
61.6822
 40
0.3244
  0
CIRCLE
  8
MIX
 10
-74.7285
 20
117.3922
 40
0.4664
  0
CIRCLE
  8
MIX
 10
-246.2986
 20
8.6861
 40
0.4690
  0
CIRCLE
  8
MIX
 10
-244.8057
 20
-61.5671
 40
0.5280
  0
CIRCLE
  8
MIX
 10
63.1189
 20
76.9016
 40
0.7029
  0
CIRCLE
  8
MIX
 10
-15.7933
 20
-143.6223
 40
0.9241
  0
CIRCLE
  8
MIX
 10
-184.6295
 20
160.2165
 40
0.9033
  0
CIRCLE
  8
MIX
 10
43.8111
 20
-90.1036
 40
0.9164
  0
CIRCLE
  8
MIX
 10
62.9771
 20
-69.4171
 40
0.2532
  0
CIRCLE
  8
MIX
 10
-136.2051
 20
81.1434
 40
0.7682
  0
CIRCLE
  8
MIX
 10
82.0575
 20
-82.3281
 40
0.2671
  0
CIRCLE
  8
MIX
 10
111.0196
 20
-7.3633
 40
0.8866
  0
CIRCLE
  8
MIX
 10
-119.0804
 20
-92.0674
 40
0.4424
  0
CIRCLE
  8
MIX
 10
-242.6521
 20
51.0577
 40
0.7298
  0
CIRCLE
  8
MIX
 10
150.9352
 20
44.6941
 40
0.9634
  0
CIRCLE
  8
MIX
 10
137.9844
 20
-103.0178
 40
0.8979
  0
CIRCLE
  8
MIX
 10
-196.6914
 20
-87.1572
 40
0.2886
  0
CIRCLE
  8
MIX
 10
46.2927
 20
-57.5352
 40
0.2034
  0
CIRCLE
  8
MIX
 10
-178.5375
 20
-41.6539
 40
0.9829
  0
CIRCLE
  8
MIX
 10
67.6546
 20
38.0266
 40
0.5263
  0
CIRCLE
  8
MIX
 10
-184.0258
 20
-54.2736
 40
0.3869
  0
CIRCLE
  8
MIX
 10
-50.5907
 20
123.1945
 40
0.7933
  0
CIRCLE
  8
MIX
 10
268.5418
 20
136.7621
 40
0.3589
  0
CIRCLE
  8
MIX
 10
62.6044
 20
-113.4444
 40
0.6264
  0
CIRCLE
  8
MIX
 10
94.6086
 20
-77.5335
 40
0.8577
  0
CIRCLE
  8
MIX
 10
70.4462
 20
118.5774
 40
0.3229
  0
CIRCLE
  8
MIX
 10
-127.7406
 20
169.0045
 40
0.8684
  0
CIRCLE
  8
MIX
 10
224.2211
 20
39.4460
 40
0.8551
  0
CIRCLE
  8
MIX
 10
-40.9138
 20
-32.0840
 40
0.6807
  0
CIRCLE
  8
MIX
 10
86.3028
 20
11.1499
 40
0.6011
  0
CIRCLE
  8
MIX
 10
210.1450
 20
113.0662
 40
0.2783
  0
CIRCLE
  8
MIX
 10
107.9289
 20
124.2249
 40
0.3424
  0
CIRCLE
  8
MIX
 10
30.1469
 20
172.3857
 40
0.3551
  0
CIRCLE
  8
MIX
 10
222.9660
 20
191.2396
 40
0.8175
  0
CIRCLE
  8
MIX
 10
252.8879
 20
152.9537
 40
0.7157
  0
CIRCLE
  8
MIX
 10
44.1344
 20
57.4768
 40
0.3657
  0
CIRCLE
  8
MIX
 10
231.8803
 20
164.5578
 40
0.8980
  0
CIRCLE
  8
MIX
 10
121.3877
 20
-139.3841
 40
0.7098
  0
CIRCLE
  8
MIX
 10
169.4487
 20
-19.2093
 40
0.1620
  0
CIRCLE
  8
MIX
 10
79.5833
 20
-108.2142
 40
0.6601
  0
CIRCLE
  8
MIX
 10
148.4483
 20
-170.7364
 40
0.2726
  0
CIRCLE
  8
MIX
 10
200.4911
 20
-43.6045
 40
0.6763
  0
CIRCLE
  8
MIX
 10
-137.4981
 20
-85.1215
 40
0.2483
  0
CIRCLE
  8
MIX
 10
-271.1862
 20
-79.0996
 40
0.9742
  0
CIRCLE
  8
MIX
 10
278.4828
 20
-36.4392
 40
0.6575
  0
CIRCLE
  8
MIX
 10
-290.5058
 20
-22.6116
 40
0.8761
  0
CIRCLE
  8
MIX
 10
70.1486
 20
109.6505
 40
0.2032
  0
CIRCLE
  8
MIX
 10
250.3961
 20
177.8081
 40
0.3521
  0
CIRCLE
  8
MIX
 10
75.5976
 20
-90.4500
 40
0.4482
  0
CIRCLE
  8
MIX
 10
116.7364
 20
-159.9264
 40
0.9395
  0
CIRCLE
  8
MIX
 10
4.8365
 20
-131.5407
 40
0.7803
  0
CIRCLE
  8
MIX
 10
247.6437
 20
-174.5914
 40
0.6517
  0
CIRCLE
  8
MIX
 10
168.4506
 20
-72.6335
 40
0.5549
  0
CIRCLE
  8
MIX
 10
-232.8030
 20
146.3905
 40
0.6322
  0
CIRCLE
  8
MIX
 10
-44.5763
 20
45.1330
 40
0.7660
  0
CIRCLE
  8
MIX
 10
-121.5146
 20
-135.5290
 40
0.8292
  0
CIRCLE
  8
MIX
 10
-71.2060
 20
-113.2144
 40
0.5832
  0
CIRCLE
  8
MIX
 10
255.8921
 20
-99.4651
 40
0.5448
  0
CIRCLE
  8
MIX
 10
-126.6747
 20
15.2387
 40
0.5449
  0
CIRCLE
  8
MIX
 10
-245.8154
 20
-91.4355
 40
0.4009
  0
CIRCLE
  8
MIX
 10
140.9513
 20
90.8785
 40
0.8653
  0
CIRCLE
  8
MIX
 10
-170.6614
 20
-123.0541
 40
0.6028
  0
CIRCLE
  8
MIX
 10
8.6790
 20
2.9905
 40
0.4238
  0
CIRCLE
  8
MIX
 10
-218.4058
 20
-139.3509
 40
0.3126
  0
CIRCLE
  8
MIX
 10
171.1559
 20
100.1569
 40
0.3781
  0
CIRCLE
  8
MIX
 10
162.2715
 20
146.6717
 40
0.5668
  0
CIRCLE
  8
MIX
 10
-72.5322
 20
-145.2607
 40
0.5414
  0
CIRCLE
  8
MIX
 10
-41.3662
 20
-28.9864
 40
0.9255
  0
CIRCLE
  8
MIX
 10
-19.8073
 20
-189.3575
 40
0.5632
  0
CIRCLE
  8
MIX
 10
51.8029
 20
-35.6977
 40
0.3182
  0
CIRCLE
  8
MIX
 10
205.5375
 20
-25.0174
 40
0.2652
  0
CIRCLE
  8
MIX
 10
117.6770
 20
-28.7511
 40
0.6512
  0
CIRCLE
  8
MIX
 10
-82.2244
 20
-175.6990
 40
0.8381
  0
CIRCLE
  8
MIX
 10
16.2096
 20
-167.3445
 40
0.7017
  0
CIRCLE
  8
MIX
 10
180.4460
 20
-194.1694
 40
0.5013
  0
CIRCLE
  8
MIX
 10
36.5367
 20
123.9444
 40
0.8938
  0
CIRCLE
  8
MIX
 10
-207.8972
 20
-94.7245
 40
0.9120
  0
CIRCLE
  8
MIX
 10
190.5381
 20
-92.5950
 40
0.1690
  0
CIRCLE
  8
MIX
 10
187.0823
 20
-44.1321
 40
0.8698
  0
CIRCLE
  8
MIX
 10
-138.2648
 20
-187.2060
 40
0.4314
  0
CIRCLE
  8
MIX
 10
183.0239
 20
-29.6402
 40
0.7962
  0
CIRCLE
  8
MIX
 10
166.2117
 20
18.8362
 40
0.7442
  0
CIRCLE
  8
MIX
 10
-112.0078
 20
-150.6540
 40
0.2722
  0
CIRCLE
  8
MIX
 10
-96.2526
 20
22.7998
 40
0.1956
  0
CIRCLE
  8
MIX
 10
-177.7411
 20
67.1457
 40
0.8719
  0
CIRCLE
  8
MIX
 10
276.8309
 20
152.9202
 40
0.7061
  0
CIRCLE
  8
MIX
 10
-55.6509
 20
121.6466
 40
0.4513
  0
CIRCLE
  8
MIX
 10
-251.0965
 20
-124.7386
 40
0.7313
  0
CIRCLE
  8
MIX
 10
269.1049
 20
-111.7147
 40
0.5559
  0
CIRCLE
  8
MIX
 10
-2.6485
 20
38.8898
 40
0.2587
  0
CIRCLE
  8
MIX
 10
-181.4941
 20
71.9505
 40
0.6718
  0
CIRCLE
  8
MIX
 10
-122.3601
 20
-192.7624
 40
0.5439
  0
CIRCLE
  8
MIX
 10
-94.9319
 20
125.3024
 40
0.4768
  0
CIRCLE
  8
MIX
 10
38.8295
 20
-194.4915
 40
0.9835
  0
CIRCLE
  8
MIX
 10
134.0679
 20
179.0525
 40
0.9712
  0
CIRCLE
  8
MIX
 10
-166.2147
 20
0.1677
 40
0.5688
  0
CIRCLE
  8
MIX
 10
275.8606
 20
-29.6062
 40
0.7522
  0
CIRCLE
  8
MIX
 10
265.9199
 20
-36.7827
 40
0.6951
  0
CIRCLE
  8
MIX
 10
24.4210
 20
-8.7426
 40
0.4097
  0
CIRCLE
  8
MIX
 10
264.5688
 20
17.3416
 40
0.8687
  0
CIRCLE
  8
MIX
 10
-275.8039
 20
89.6553
 40
0.2796
  0
CIRCLE
  8
MIX
 10
19.3170
 20
-55.6516
 40
0.1955
  0
CIRCLE
  8
MIX
 10
255.6558
 20
-163.7046
 40
0.9692
  0
CIRCLE
  8
MIX
 10
-73.9609
 20
-45.0957
 40
0.7430
  0
CIRCLE
  8
MIX
 10
291.8257
 20
-83.8289
 40
0.6814
  0
CIRCLE
  8
MIX
 10
50.3233
 20
88.5929
 40
0.5967
  0
CIRCLE
  8
MIX
 10
194.8230
 20
172.1956
 40
0.9782
  0
CIRCLE
  8
MIX
 10
283.5803
 20
96.0828
 40
0.2564
  0
CIRCLE
  8
MIX
 10
-115.7524
 20
146.4045
 40
0.2666
  0
CIRCLE
  8
MIX
 10
259.7350
 20
65.9096
 40
0.9072
  0
CIRCLE
  8
MIX
 10
-0.5415
 20
5.0528
 40
0.6144
  0
CIRCLE
  8
MIX
 10
-47.7858
 20
153.3241
 40
0.7697
  0
CIRCLE
  8
MIX
 10
-193.4679
 20
68.3264
 40
0.3498
  0
CIRCLE
  8
MIX
 10
118.2318
 20
184.0627
 40
0.9032
  0
CIRCLE
  8
MIX
 10
229.3161
 20
-105.3730
 40
0.8119
  0
CIRCLE
  8
MIX
 10
-133.6265
 20
158.0298
 40
0.7812
  0
CIRCLE
  8
MIX
 10
253.6956
 20
-175.2800
 40
0.7904
  0
CIRCLE
  8
MIX
 10
90.4571
 20
132.9764
 40
0.2790
  0
CIRCLE
  8
MIX
 10
226.2432
 20
53.7126
 40
0.2735
  0
CIRCLE
  8
MIX
 10
243.8368
 20
182.5770
 40
0.8101
  0
CIRCLE
  8
MIX
 10
294.0640
 20
-29.9020
 40
0.2914
  0
CIRCLE
  8
MIX
 10
-270.0219
 20
53.0927
 40
0.7972
  0
CIRCLE
  8
MIX
 10
-146.8594
 20
-157.7863
 40
0.8160
  0
CIRCLE
  8
MIX
 10
203.5105
 20
174.3104
 40
0.8816
  0
CIRCLE
  8
MIX
 10
-290.9388
 20
-155.3285
 40
0.4220
  0
CIRCLE
  8
MIX
 10
207.3120
 20
39.9213
 40
0.7347
  0
CIRCLE
  8
MIX
 10
37.9401
 20
81.8651
 40
0.2489
  0
CIRCLE
  8
MIX
 10
-18.2542
 20
-183.8040
 40
0.9443
  0
CIRCLE
  8
MIX
 10
-242.1382
 20
-6.1931
 40
0.8534
  0
CIRCLE
  8
MIX
 10
-141.7944
 20
-148.0322
 40
0.2436
  0
CIRCLE
  8
MIX
 10
223.5401
 20
62.5346
 40
0.8635
  0
CIRCLE
  8
MIX
 10
86.8784
 20
83.8217
 40
0.5301
  0
CIRCLE
  8
MIX
 10
230.3433
 20
16.4081
 40
0.9207
  0
CIRCLE
  8
MIX
 10
-45.6427
 20
4.2285
 40
0.9734
  0
CIRCLE
  8
MIX
 10
-30.3648
 20
26.0451
 40
0.8348
  0
CIRCLE
  8
MIX
 10
286.6787
 20
173.4331
 40
0.3373
  0
CIRCLE
  8
MIX
 10
-113.2223
 20
190.6625
 40
0.9516
  0
CIRCLE
  8
MIX
 10
-156.2331
 20
164.4397
 40
0.7240
  0
CIRCLE
  8
MIX
 10
-142.6217
 20
-171.5465
 40
0.8608
  0
CIRCLE
  8
MIX
 10
-151.6006
 20
50.6920
 40
0.3463
  0
CIRCLE
  8
MIX
 10
7.6982
 20
-179.4122
 40
0.6239
  0
CIRCLE
  8
MIX
 10
-157.0972
 20
-65.7329
 40
0.4753
  0
CIRCLE
  8
MIX
 10
92.8120
 20
-113.2757
 40
0.9929
  0
CIRCLE
  8
MIX
 10
156.1078
 20
-45.1548
 40
0.5497
  0
CIRCLE
  8
MIX
 10
-137.6203
 20
-128.1833
 40
0.5437
  0
CIRCLE
  8
MIX
 10
-122.1276
 20
-117.3744
 40
0.7637
  0
CIRCLE
  8
MIX
 10
220.0067
 20
180.7354
 40
0.4324
  0
CIRCLE
  8
MIX
 10
-85.0080
 20
87.9908
 40
0.6047
  0
CIRCLE
  8
MIX
 10
-250.6304
 20
110.0575
 40
0.9050
  0
CIRCLE
  8
MIX
 10
-133.2160
 20
113.3145
 40
0.5008
  0
CIRCLE
  8
MIX
 10
109.8439
 20
-93.4469
 40
0.7457
  0
CIRCLE
  8
MIX
 10
-2.6742
 20
14.1300
 40
0.2417
  0
CIRCLE
  8
MIX
 10
-172.4932
 20
-129.3316
 40
0.8722
  0
CIRCLE
  8
MIX
 10
-129.5117
 20
84.1569
 40
0.7037
  0
CIRCLE
  8
MIX
 10
-264.6188
 20
181.9144
 40
0.6242
  0
CIRCLE
  8
MIX
 10
-120.2178
 20
-172.3094
 40
0.9851
  0
CIRCLE
  8
MIX
 10
-229.1324
 20
82.7822
 40
0.1997
  0
CIRCLE
  8
MIX
 10
103.8852
 20
79.8303
 40
0.7341
  0
CIRCLE
  8
MIX
 10
259.7366
 20
-80.1466
 40
0.4900
  0
CIRCLE
  8
MIX
 10
-223.2181
 20
-113.7878
 40
0.8209
  0
CIRCLE
  8
MIX
 10
-143.9268
 20
76.4191
 40
0.7748
  0
CIRCLE
  8
MIX
 10
14.9856
 20
-134.4231
 40
0.5649
  0
CIRCLE
  8
MIX
 10
-182.5700
 20
141.4105
 40
0.8257
  0
CIRCLE
  8
MIX
 10
-140.4359
 20
-3.1228
 40
0.2177
  0
CIRCLE
  8
MIX
 10
255.3993
 20
56.0255
 40
0.2522
  0
CIRCLE
  8
MIX
 10
63.9136
 20
-6.0208
 40
0.9199
  0
CIRCLE
  8
MIX
 10
85.1198
 20
-176.6398
 40
0.6275
  0
CIRCLE
  8
MIX
 10
45.6678
 20
-78.4210
 40
0.9341
  0
CIRCLE
  8
MIX
 10
-265.8766
 20
38.8764
 40
0.9649
  0
CIRCLE
  8
MIX
 10
99.0383
 20
121.9901
 40
0.3576
  0
CIRCLE
  8
MIX
 10
-87.3298
 20
111.8967
 40
0.2605
  0
CIRCLE
  8
MIX
 10
8.5108
 20
140.2109
 40
0.7214
  0
CIRCLE
  8
MIX
 10
-34.4522
 20
-98.2218
 40
0.7790
  0
CIRCLE
  8
MIX
 10
-267.5781
 20
-189.5953
 40
0.6938
  0
CIRCLE
  8
MIX
 10
-219.5102
 20
-1.7861
 40
0.6655
  0
CIRCLE
  8
MIX
 10
-58.2464
 20
56.8665
 40
0.2024
  0
CIRCLE
  8
MIX
 10
142.1365
 20
-85.4904
 40
0.9797
  0
CIRCLE
  8
MIX
 10
-78.2284
 20
62.9600
 40
0.2835
  0
CIRCLE
  8
MIX
 10
-155.9247
 20
-103.0833
 40
0.6462
  0
CIRCLE
  8
MIX
 10
-41.8642
 20
-1.3627
 40
0.3862
  0
CIRCLE
  8
MIX
 10
-103.7979
 20
163.4389
 40
0.4022
  0
CIRCLE
  8
MIX
 10
-48.9174
 20
157.2525
 40
0.1572
  0
CIRCLE
  8
MIX
 10
-8.2985
 20
123.2029
 40
0.3358
  0
CIRCLE
  8
MIX
 10
-162.5265
 20
-98.3047
 40
0.3003
  0
CIRCLE
  8
MIX
 10
-71.4186
 20
193.7541
 40
0.6982
  0
CIRCLE
  8
MIX
 10
227.1608
 20
114.6579
 40
0.8325
  0
CIRCLE
  8
MIX
 10
16.1921
 20
179.7515
 40
0.6725
  0
CIRCLE
  8
MIX
 10
-46.4966
 20
-135.6514
 40
0.3989
  0
CIRCLE
  8
MIX
 10
68.7368
 20
3.7435
 40
0.4508
  0
CIRCLE
  8
MIX
 10
-225.7891
 20
-148.5561
 40
0.3453
  0
CIRCLE
  8
MIX
 10
66.7106
 20
-110.7446
 40
0.1824
  0
CIRCLE
  8
MIX
 10
-215.7377
 20
141.7567
 40
0.8289
  0
CIRCLE
  8
MIX
 10
94.7209
 20
-180.4342
 40
0.4769
  0
CIRCLE
  8
MIX
 10
23.6793
 20
-101.7390
 40
0.2222
  0
CIRCLE
  8
MIX
 10
71.5082
 20
93.5368
 40
0.9986
  0
CIRCLE
  8
MIX
 10
145.6898
 20
-88.0060
 40
0.2132
  0
CIRCLE
  8
MIX
 10
86.4419
 20
173.9444
 40
0.5818
  0
CIRCLE
  8
MIX
 10
241.5380
 20
190.1995
 40
0.1886
  0
CIRCLE
  8
MIX
 10
67.5660
 20
55.1815
 40
0.7675
  0
CIRCLE
  8
MIX
 10
243.1406
 20
188.1482
 40
0.1822
  0
CIRCLE
  8
MIX
 10
-259.3331
 20
107.2262
 40
0.7547
  0
CIRCLE
  8
MIX
 10
-269.8027
 20
-135.3987
 40
0.2323
  0
CIRCLE
  8
MIX
 10
128.0693
 20
-187.3696
 40
0.2184
  0
CIRCLE
  8
MIX
 10
-189.5057
 20
66.1410
 40
0.9128
  0
CIRCLE
  8
MIX
 10
-88.7979
 20
84.2407
 40
0.6690
  0
CIRCLE
  8
MIX
 10
-182.7649
 20
28.8121
 40
0.1693
  0
CIRCLE
  8
MIX
 10
53.6516
 20
-55.3343
 40
0.4976
  0
CIRCLE
  8
MIX
 10
-208.4487
 20
-127.0401
 40
0.5572
  0
CIRCLE
  8
MIX
 10
-97.3152
 20
35.3970
 40
0.2767
  0
CIRCLE
  8
MIX
 10
118.1302
 20
-44.9365
 40
0.8814
  0
CIRCLE
  8
MIX
 10
-121.6544
 20
-24.7709
 40
0.4956
  0
CIRCLE
  8
MIX
 10
33.4001
 20
14.9864
 40
0.8189
  0
CIRCLE
  8
MIX
 10
271.4271
 20
-104.5423
 40
0.4611
  0
CIRCLE
  8
MIX
 10
-214.8135
 20
-25.3294
 40
0.7701
  0
CIRCLE
  8
MIX
 10
176.1787
 20
-35.4909
 40
0.5664
  0
CIRCLE
  8
MIX
 10
-163.5545
 20
121.1105
 40
0.9589
  0
CIRCLE
  8
MIX
 10
-58.2519
 20
68.4246
 40
0.5865
  0
CIRCLE
  8
MIX
 10
-0.1630
 20
-31.2660
 40
0.9489
  0
CIRCLE
  8
MIX
 10
269.3501
 20
-112.7639
 40
0.7671
  0
CIRCLE
  8
MIX
 10
-169.2152
 20
150.3169
 40
0.3409
  0
CIRCLE
  8
MIX
 10
-248.7692
 20
-168.0234
 40
0.4088
  0
CIRCLE
  8
MIX
 10
130.5130
 20
97.5332
 40
0.8176
  0
CIRCLE
  8
MIX
 10
-186.0718
 20
174.1212
 40
0.8685
  0
CIRCLE
  8
MIX
 10
-186.3820
 20
-131.5674
 40
0.2970
  0
CIRCLE
  8
MIX
 10
53.3435
 20
79.8949
 40
0.6372
  0
CIRCLE
  8
MIX
 10
-256.7314
 20
75.7988
 40
0.9399
  0
CIRCLE
  8
MIX
 10
94.0048
 20
-32.6221
 40
0.4644
  0
CIRCLE
  8
MIX
 10
-132.6180
 20
-76.2797
 40
0.7717
  0
CIRCLE
  8
MIX
 10
-229.1390
 20
-164.0856
 40
0.2597
  0
CIRCLE
  8
MIX
 10
67.3454
 20
126.0511
 40
0.8194
  0
CIRCLE
  8
MIX
 10
-119.7570
 20
-23.7376
 40
0.4799
  0
CIRCLE
  8
MIX
 10
-16.7062
 20
146.0092
 40
0.3784
  0
CIRCLE
  8
MIX
 10
-131.4749
 20
-42.5619
 40
0.2217
  0
CIRCLE
  8
MIX
 10
-7.1334
 20
-82.8075
 40
0.8438
  0
CIRCLE
  8
MIX
 10
-116.2415
 20
-146.4281
 40
0.1553
  0
CIRCLE
  8
MIX
 10
199.9920
 20
-140.9536
 40
0.4252
  0
CIRCLE
  8
MIX
 10
-241.6206
 20
-47.4471
 40
0.5231
  0
CIRCLE
  8
MIX
 10
262.8479
 20
180.5416
 40
0.2442
  0
CIRCLE
  8
MIX
 10
41.2696
 20
99.0363
 40
0.1589
  0
CIRCLE
  8
MIX
 10
21.9635
 20
120.7597
 40
0.2922
  0
CIRCLE
  8
MIX
 10
226.2194
 20
158.7831
 40
0.3208
  0
CIRCLE
  8
MIX
 10
-273.2886
 20
190.4961
 40
0.3371
  0
CIRCLE
  8
MIX
 10
122.4539
 20
-29.4569
 40
0.8027
  0
CIRCLE
  8
MIX
 10
-282.5575
 20
-188.8823
 40
0.8696
  0
CIRCLE
  8
MIX
 10
212.5911
 20
-112.9806
 40
0.8528
  0
CIRCLE
  8
MIX
 10
267.4917
 20
92.0117
 40
0.6470
  0
CIRCLE
  8
MIX
 10
285.4508
 20
-150.8687
 40
0.9148
  0
CIRCLE
  8
MIX
 10
-99.5302
 20
-87.7247
 40
0.8886
  0
CIRCLE
  8
MIX
 10
-143.2201
 20
-120.9375
 40
0.3710
  0
CIRCLE
  8
MIX
 10
139.9206
 20
92.0858
 40
0.5792
  0
CIRCLE
  8
MIX
 10
271.4445
 20
-71.3081
 40
0.7934
  0
CIRCLE
  8
MIX
 10
226.7998
 20
100.6909
 40
0.3026
  0
CIRCLE
  8
MIX
 10
87.2241
 20
72.2156
 40
0.4488
  0
CIRCLE
  8
MIX
 10
1.5783
 20
37.4316
 40
0.1866
  0
CIRCLE
  8
MIX
 10
-235.7322
 20
166.3137
 40
0.3455
  0
CIRCLE
  8
MIX
 10
98.3428
 20
45.9054
 40
0.6522
  0
CIRCLE
  8
MIX
 10
-43.2081
 20
-150.6330
 40
0.9504
  0
CIRCLE
  8
MIX
 10
194.2980
 20
-24.4682
 40
0.8032
  0
CIRCLE
  8
MIX
 10
-214.0379
 20
-5.7893
 40
0.9350
  0
CIRCLE
  8
MIX
 10
-154.1703
 20
65.6671
 40
0.4215
  0
CIRCLE
  8
MIX
 10
-293.6405
 20
-42.0026
 40
0.4779
  0
CIRCLE
  8
MIX
 10
-11.9871
 20
151.2581
 40
0.7878
  0
CIRCLE
  8
MIX
 10
-15.7678
 20
-0.8310
 40
0.3440
  0
CIRCLE
  8
MIX
 10
-25.6133
 20
-117.9066
 40
0.8183
  0
CIRCLE
  8
MIX
 10
135.1269
 20
16.5506
 40
0.8336
  0
CIRCLE
  8
MIX
 10
-235.7688
 20
-133.7542
 40
0.7490
  0
CIRCLE
  8
MIX
 10
-57.2663
 20
170.4512
 40
0.4217
  0
CIRCLE
  8
MIX
 10
-108.2916
 20
-121.4466
 40
0.4366
  0
CIRCLE
  8
MIX
 10
-228.8895
 20
151.6051
 40
0.8628
  0
CIRCLE
  8
MIX
 10
-258.6720
 20
-106.7921
 40
0.7469
  0
CIRCLE
  8
MIX
 10
-39.8715
 20
42.0946
 40
0.6739
  0
CIRCLE
  8
MIX
 10
193.5150
 20
91.9625
 40
0.1834
  0
CIRCLE
  8
MIX
 10
-109.7524
 20
-95.7155
 40
0.3154
  0
CIRCLE
  8
MIX
 10
-241.1593
 20
72.3803
 40
0.4413
  0
CIRCLE
  8
MIX
 10
-11.1510
 20
10.5420
 40
0.7691
  0
CIRCLE
  8
MIX
 10
-104.0167
 20
170.1733
 40
0.3285
  0
CIRCLE
  8
MIX
 10
-2.4472
 20
-170.6575
 40
0.7905
  0
CIRCLE
  8
MIX
 10
212.9566
 20
-97.7187
 40
0.8316
  0
CIRCLE
  8
MIX
 10
-150.4943
 20
183.5418
 40
0.5128
  0
CIRCLE
  8
MIX
 10
-230.1632
 20
-180.8479
 40
0.8591
  0
CIRCLE
  8
MIX
 10
-281.2377
 20
95.3624
 40
0.6034
  0
CIRCLE
  8
MIX
 10
-189.6219
 20
-8.0234
 40
0.7105
  0
CIRCLE
  8
MIX
 10
1.8773
 20
-58.7447
 40
0.7169
  0
CIRCLE
  8
MIX
 10
215.7843
 20
-150.3718
 40
0.5986
  0
CIRCLE
  8
MIX
 10
-254.0962
 20
-50.4933
 40
0.3886
  0
CIRCLE
  8
MIX
 10
262.7558
 20
97.0352
 40
0.9235
  0
CIRCLE
  8
MIX
 10
88.4203
 20
25.5082
 40
0.3152
  0
CIRCLE
  8
MIX
 10
115.9929
 20
-162.0969
 40
0.3201
  0
CIRCLE
  8
MIX
 10
85.2299
 20
155.2550
 40
0.9784
  0
CIRCLE
  8
MIX
 10
18.8744
 20
186.3636
 40
0.2081
  0
CIRCLE
  8
MIX
 10
-158.7649
 20
-191.8756
 40
0.8019
  0
CIRCLE
  8
MIX
 10
-148.7157
 20
-79.4923
 40
0.2147
  0
CIRCLE
  8
MIX
 10
50.9523
 20
176.5681
 40
0.1709
  0
CIRCLE
  8
MIX
 10
136.7804
 20
-127.8928
 40
0.8054
  0
CIRCLE
  8
MIX
 10
158.4278
 20
134.2795
 40
0.5944
  0
CIRCLE
  8
MIX
 10
168.7412
 20
7.3942
 40
0.3459
  0
CIRCLE
  8
MIX
 10
23.2143
 20
16.9148
 40
0.5254
  0
CIRCLE
  8
MIX
 10
263.0387
 20
-80.1945
 40
0.8154
  0
CIRCLE
  8
MIX
 10
90.8027
 20
101.8108
 40
0.5979
  0
CIRCLE
  8
MIX
 10
89.4105
 20
33.3510
 40
0.3987
  0
CIRCLE
  8
MIX
 10
-26.2614
 20
46.5999
 40
0.8019
  0
CIRCLE
  8
MIX
 10
151.3058
 20
0.9884
 40
0.8418
  0
CIRCLE
  8
MIX
 10
-65.1746
 20
122.4222
 40
0.1719
  0
CIRCLE
  8
MIX
 10
290.7932
 20
-7.6722
 40
0.5559
  0
CIRCLE
  8
MIX
 10
87.5893
 20
146.8304
 40
0.1811
  0
CIRCLE
  8
MIX
 10
27.4065
 20
-84.5988
 40
0.1956
  0
CIRCLE
  8
MIX
 10
272.7919
 20
15.7212
 40
0.5261
  0
CIRCLE
  8
MIX
 10
-186.1948
 20
-135.6422
 40
0.6592
  0
CIRCLE
  8
MIX
 10
254.4837
 20
83.9575
 40
0.6298
  0
CIRCLE
  8
MIX
 10
-106.8978
 20
5.0471
 40
0.8535
  0
CIRCLE
  8
MIX
 10
76.1436
 20
192.0252
 40
0.6971
  0
CIRCLE
  8
MIX
 10
198.8997
 20
129.7660
 40
0.3386
  0
CIRCLE
  8
MIX
 10
218.0932
 20
102.3317
 40
0.8520
  0
CIRCLE
  8
MIX
 10
-74.2619
 20
187.2321
 40
0.3910
  0
CIRCLE
  8
MIX
 10
232.8628
 20
134.8749
 40
0.5826
  0
CIRCLE
  8
MIX
 10
181.0366
 20
-139.6510
 40
0.6673
  0
CIRCLE
  8
MIX
 10
106.7693
 20
139.2089
 40
0.3378
  0
CIRCLE
  8
MIX
 10
-294.0428
 20
-41.1976
 40
0.5857
  0
CIRCLE
  8
MIX
 10
274.8890
 20
-100.8076
 40
0.4343
  0
CIRCLE
  8
MIX
 10
-231.8133
 20
102.2163
 40
0.6747
  0
CIRCLE
  8
MIX
 10
184.1334
 20
160.1444
 40
0.1505
  0
CIRCLE
  8
MIX
 10
200.6672
 20
-31.2395
 40
0.1619
  0
CIRCLE
  8
MIX
 10
-23.5086
 20
6.0211
 40
0.2362
  0
CIRCLE
  8
MIX
 10
-216.9402
 20
179.9779
 40
0.3266
  0
CIRCLE
  8
MIX
 10
132.9672
 20
18.3134
 40
0.2652
  0
CIRCLE
  8
MIX
 10
-256.5500
 20
101.4474
 40
0.9198
  0
CIRCLE
  8
MIX
 10
89.5363
 20
-10.2150
 40
0.2699
  0
CIRCLE
  8
MIX
 10
-237.2586
 20
96.9679
 40
0.7534
  0
CIRCLE
  8
MIX
 10
250.8413
 20
166.1943
 40
0.4992
  0
CIRCLE
  8
MIX
 10
-260.4009
 20
127.4787
 40
0.8215
  0
CIRCLE
  8
MIX
 10
-273.4136
 20
-50.9943
 40
0.3437
  0
CIRCLE
  8
MIX
 10
-234.0719
 20
171.1907
 40
0.5863
  0
CIRCLE
  8
MIX
 10
150.9195
 20
63.0523
 40
0.5962
  0
CIRCLE
  8
MIX
 10
127.9743
 20
-185.3774
 40
0.7290
  0
CIRCLE
  8
MIX
 10
-2.2300
 20
-103.5869
 40
0.6868
  0
CIRCLE
  8
MIX
 10
132.4480
 20
161.6772
 40
0.4326
  0
CIRCLE
  8
MIX
 10
-293.6232
 20
-103.3374
 40
0.5554
  0
CIRCLE
  8
MIX
 10
-263.1407
 20
-124.1935
 40
0.9127
  0
CIRCLE
  8
MIX
 10
202.3565
 20
89.3888
 40
0.2848
  0
CIRCLE
  8
MIX
 10
24.7534
 20
-55.0617
 40
0.7488
  0
CIRCLE
  8
MIX
 10
191.8676
 20
122.7079
 40
0.1683
  0
CIRCLE
  8
MIX
 10
-143.9880
 20
-133.5604
 40
0.4281
  0
CIRCLE
  8
MIX
 10
-279.0227
 20
-133.3214
 40
0.7590
  0
CIRCLE
  8
MIX
 10
6.0740
 20
96.2042
 40
0.8937
  0
CIRCLE
  8
MIX
 10
-259.5170
 20
150.2903
 40
0.5527
  0
CIRCLE
  8
MIX
 10
202.0921
 20
-131.7597
 40
0.9796
  0
CIRCLE
  8
MIX
 10
169.4279
 20
122.3120
 40
0.5152
  0
CIRCLE
  8
MIX
 10
44.9175
 20
145.1361
 40
0.7703
  0
CIRCLE
  8
MIX
 10
-50.3674
 20
36.9935
 40
0.6985
  0
CIRCLE
  8
MIX
 10
-240.3434
 20
121.7543
 40
0.3164
  0
CIRCLE
  8
MIX
 10
-280.0100
 20
-77.3333
 40
0.8640
  0
CIRCLE
  8
MIX
 10
-29.3944
 20
-119.3020
 40
0.9385
  0
CIRCLE
  8
MIX
 10
54.2910
 20
-108.0670
 40
0.3127
  0
CIRCLE
  8
MIX
 10
-65.0916
 20
-15.2485
 40
0.5825
  0
CIRCLE
  8
MIX
 10
111.2109
 20
-192.3851
 40
0.3389
  0
CIRCLE
  8
MIX
 10
259.5327
 20
-85.1240
 40
0.9059
  0
CIRCLE
  8
MIX
 10
221.0443
 20
70.2328
 40
0.2797
  0
CIRCLE
  8
MIX
 10
84.3865
 20
128.6904
 40
0.5144
  0
CIRCLE
  8
MIX
 10
-37.9234
 20
-58.3112
 40
0.6142
  0
CIRCLE
  8
MIX
 10
146.8342
 20
-140.0669
 40
0.8316
  0
CIRCLE
  8
MIX
 10
-178.6254
 20
-22.6349
 40
0.9745
  0
CIRCLE
  8
MIX
 10
-34.2150
 20
-9.5653
 40
0.3070
  0
CIRCLE
  8
MIX
 10
221.5177
 20
-193.7967
 40
0.2486
  0
CIRCLE
  8
MIX
 10
-206.8468
 20
78.8865
 40
0.3979
  0
CIRCLE
  8
MIX
 10
-152.3786
 20
126.7901
 40
0.7938
  0
CIRCLE
  8
MIX
 10
-236.9113
 20
-148.5871
 40
0.7948
  0
CIRCLE
  8
MIX
 10
89.1844
 20
78.2740
 40
0.5071
  0
CIRCLE
  8
MIX
 10
-38.8081
 20
-96.1049
 40
0.9354
  0
CIRCLE
  8
MIX
 10
50.0549
 20
-190.6648
 40
0.2434
  0
CIRCLE
  8
MIX
 10
-156.7875
 20
-48.5940
 40
0.2660
  0
CIRCLE
  8
MIX
 10
-201.5710
 20
127.6656
 40
0.3360
  0
CIRCLE
  8
MIX
 10
31.7357
 20
-157.7557
 40
0.3078
  0
CIRCLE
  8
MIX
 10
-41.4990
 20
87.7494
 40
0.3458
  0
CIRCLE
  8
MIX
 10
-253.6680
 20
159.1516
 40
0.3069
  0
CIRCLE
  8
MIX
 10
-192.5678
 20
-32.5883
 40
0.4946
  0
CIRCLE
  8
MIX
 10
203.8377
 20
-115.3833
 40
0.2392
  0
CIRCLE
  8
MIX
 10
266.9547
 20
184.8705
 40
0.7085
  0
CIRCLE
  8
MIX
 10
-252.9063
 20
16.9521
 40
0.1964
  0
CIRCLE
  8
MIX
 10
-190.5882
 20
89.1402
 40
0.7192
  0
CIRCLE
  8
MIX
 10
-141.1496
 20
-124.6653
 40
0.2928
  0
CIRCLE
  8
MIX
 10
174.6183
 20
98.8444
 40
0.4649
  0
CIRCLE
  8
MIX
 10
-231.1095
 20
-48.5258
 40
0.5947
  0
CIRCLE
  8
MIX
 10
87.8517
 20
-170.9561
 40
0.5702
  0
CIRCLE
  8
MIX
 10
292.9932
 20
-90.7363
 40
0.7322
  0
CIRCLE
  8
MIX
 10
141.8039
 20
-146.1687
 40
0.6287
  0
CIRCLE
  8
MIX
 10
168.3924
 20
-42.0722
 40
0.2990
  0
CIRCLE
  8
MIX
 10
-222.3139
 20
175.4329
 40
0.5905
  0
CIRCLE
  8
MIX
 10
258.1419
 20
85.0629
 40
0.3750
  0
CIRCLE
  8
MIX
 10
-245.8638
 20
29.6384
 40
0.8752
  0
CIRCLE
  8
MIX
 10
-237.4828
 20
59.8102
 40
0.8586
  0
CIRCLE
  8
MIX
 10
-131.6196
 20
-36.1932
 40
0.8256
  0
CIRCLE
  8
MIX
 10
185.5289
 20
-80.5290
 40
0.6198
  0
CIRCLE
  8
MIX
 10
153.4936
 20
-171.2842
 40
0.3376
  0
CIRCLE
  8
MIX
 10
-254.9685
 20
21.4054
 40
0.2722
  0
CIRCLE
  8
MIX
 10
199.8422
 20
-49.6163
 40
0.9820
  0
CIRCLE
  8
MIX
 10
-7.9596
 20
-127.6852
 40
0.9052
  0
CIRCLE
  8
MIX
 10
139.1251
 20
53.9533
 40
0.5349
  0
CIRCLE
  8
MIX
 10
14.9670
 20
-114.7760
 40
0.7613
  0
CIRCLE
  8
MIX
 10
57.1034
 20
-189.9763
 40
0.9762
  0
CIRCLE
  8
MIX
 10
-146.2003
 20
-173.0719
 40
0.1842
  0
CIRCLE
  8
MIX
 10
117.3809
 20
-154.2850
 40
0.4670
  0
CIRCLE
  8
MIX
 10
104.0416
 20
-18.4275
 40
0.7899
  0
CIRCLE
  8
MIX
 10
-125.2918
 20
-180.5154
 40
0.2000
  0
CIRCLE
  8
MIX
 10
56.7222
 20
95.6679
 40
0.7202
  0
CIRCLE
  8
MIX
 10
53.4927
 20
11.5501
 40
0.6944
  0
CIRCLE
  8
MIX
 10
75.2708
 20
32.4385
 40
0.5773
  0
CIRCLE
  8
MIX
 10
86.7459
 20
71.9468
 40
0.2045
  0
CIRCLE
  8
MIX
 10
-131.2688
 20
185.2159
 40
0.7388
  0
CIRCLE
  8
MIX
 10
293.8438
 20
-152.9829
 40
0.4894
  0
CIRCLE
  8
MIX
 10
9.9594
 20
-103.1195
 40
0.6223
  0
CIRCLE
  8
MIX
 10
-56.5335
 20
13.7459
 40
0.6285
  0
CIRCLE
  8
MIX
 10
-196.6789
 20
111.3524
 40
0.2932
  0
CIRCLE
  8
MIX
 10
262.1634
 20
-108.9419
 40
0.6232
  0
CIRCLE
  8
MIX
 10
-54.7417
 20
20.1083
 40
0.3858
  0
CIRCLE
  8
MIX
 10
0.4148
 20
119.2492
 40
0.7234
  0
CIRCLE
  8
MIX
 10
139.1555
 20
-112.1085
 40
0.9252
  0
CIRCLE
  8
MIX
 10
-231.9144
 20
-145.6377
 40
0.9792
  0
CIRCLE
  8
MIX
 10
59.4761
 20
-156.5568
 40
0.4511
  0
CIRCLE
  8
MIX
 10
-108.9780
 20
-85.1857
 40
0.5513
  0
CIRCLE
  8
MIX
 10
65.3889
 20
29.4619
 40
0.5294
  0
CIRCLE
  8
MIX
 10
291.5080
 20
-125.8455
 40
0.4549
  0
CIRCLE
  8
MIX
 10
17.3318
 20
37.3436
 40
0.8577
  0
CIRCLE
  8
MIX
 10
-191.4083
 20
17.7675
 40
0.6072
  0
CIRCLE
  8
MIX
 10
-242.6029
 20
-137.1748
 40
0.5555
  0
CIRCLE
  8
MIX
 10
-228.8102
 20
183.8475
 40
0.2424
  0
CIRCLE
  8
MIX
 10
222.3360
 20
184.6854
 40
0.6286
  0
CIRCLE
  8
MIX
 10
258.6182
 20
61.3394
 40
0.7427
  0
CIRCLE
  8
MIX
 10
-277.3933
 20
-3.5854
 40
0.6037
  0
CIRCLE
  8
MIX
 10
91.0239
 20
-59.0054
 40
0.9519
  0
CIRCLE
  8
MIX
 10
-241.5104
 20
116.4832
 40
0.5365
  0
CIRCLE
  8
MIX
 10
247.3742
 20
171.4940
 40
0.5419
  0
CIRCLE
  8
MIX
 10
-278.8912
 20
-107.2143
 40
0.9477
  0
CIRCLE
  8
MIX
 10
142.4247
 20
51.9811
 40
0.6156
  0
CIRCLE
  8
MIX
 10
258.4848
 20
37.2409
 40
0.5298
  0
CIRCLE
  8
MIX
 10
267.7051
 20
-183.4087
 40
0.3270
  0
CIRCLE
  8
MIX
 10
-139.2543
 20
13.6638
 40
0.7933
  0
CIRCLE
  8
MIX
 10
146.2641
 20
-183.1090
 40
0.1884
  0
CIRCLE
  8
MIX
 10
-139.4007
 20
-157.8818
 40
0.6624
  0
CIRCLE
  8
MIX
 10
217.9688
 20
135.8184
 40
0.6942
  0
CIRCLE
  8
MIX
 10
271.3577
 20
-127.7234
 40
0.9042
  0
CIRCLE
  8
MIX
 10
142.7981
 20
32.9874
 40
0.6327
  0
CIRCLE
  8
MIX
 10
61.4678
 20
173.1012
 40
0.3491
  0
CIRCLE
  8
MIX
 10
-204.9436
 20
57.3277
 40
0.6071
  0
CIRCLE
  8
MIX
 10
187.8779
 20
-97.3404
 40
0.9537
  0
CIRCLE
  8
MIX
 10
43.0173
 20
40.2434
 40
0.7520
  0
CIRCLE
  8
MIX
 10
186.9213
 20
156.3651
 40
0.5406
  0
CIRCLE
  8
MIX
 10
-242.5670
 20
112.0204
 40
0.4492
  0
CIRCLE
  8
MIX
 10
-73.0386
 20
40.6218
 40
0.2352
  0
CIRCLE
  8
MIX
 10
79.8621
 20
177.3614
 40
0.2619
  0
CIRCLE
  8
MIX
 10
-71.9210
 20
-171.9859
 40
0.2398
  0
CIRCLE
  8
MIX
 10
-200.8640
 20
-36.0891
 40
0.7113
  0
CIRCLE
  8
MIX
 10
96.8376
 20
-193.9410
 40
0.5883
  0
CIRCLE
  8
MIX
 10
202.7375
 20
-138.2816
 40
0.2641
  0
CIRCLE
  8
MIX
 10
4.8825
 20
-149.6103
 40
0.4531
  0
CIRCLE
  8
MIX
 10
280.6670
 20
53.0118
 40
0.1668
  0
CIRCLE
  8
MIX
 10
-244.9267
 20
191.3018
 40
0.6250
  0
CIRCLE
  8
MIX
 10
203.7674
 20
31.6738
 40
0.5098
  0
CIRCLE
  8
MIX
 10
164.2588
 20
-103.8685
 40
0.1984
  0
CIRCLE
  8
MIX
 10
17.7161
 20
1.6752
 40
0.3593
  0
CIRCLE
  8
MIX
 10
243.9318
 20
55.1873
 40
0.5119
  0
CIRCLE
  8
MIX
 10
-290.7764
 20
164.6792
 40
0.9195
  0
CIRCLE
  8
MIX
 10
-84.9008
 20
2.1802
 40
0.2146
  0
CIRCLE
  8
MIX
 10
-266.3438
 20
-109.6712
 40
0.7070
  0
CIRCLE
  8
MIX
 10
-101.9809
 20
-192.4604
 40
0.4427
  0
CIRCLE
  8
MIX
 10
-175.4314
 20
169.6253
 40
0.7956
  0
CIRCLE
  8
MIX
 10
27.2428
 20
30.9089
 40
0.6921
  0
CIRCLE
  8
MIX
 10
-163.2563
 20
173.5440
 40
0.3968
  0
CIRCLE
  8
MIX
 10
-76.0987
 20
13.7491
 40
0.1580
  0
CIRCLE
  8
MIX
 10
256.5492
 20
96.8652
 40
0.6441
  0
CIRCLE
  8
MIX
 10
166.6509
 20
-19.4290
 40
0.1717
  0
CIRCLE
  8
MIX
 10
-232.0362
 20
102.3737
 40
0.7236
  0
CIRCLE
  8
MIX
 10
156.3827
 20
-95.8637
 40
0.4957
  0
CIRCLE
  8
MIX
 10
190.7782
 20
164.3512
 40
0.8931
  0
CIRCLE
  8
MIX
 10
133.9605
 20
182.2526
 40
0.6296
  0
CIRCLE
  8
MIX
 10
-29.5418
 20
173.8969
 40
0.2483
  0
CIRCLE
  8
MIX
 10
271.1318
 20
187.7889
 40
0.7296
  0
CIRCLE
  8
MIX
 10
288.2422
 20
-106.6784
 40
0.7220
  0
CIRCLE
  8
MIX
 10
78.6039
 20
-164.4846
 40
0.3962
  0
CIRCLE
  8
MIX
 10
156.4721
 20
-106.0921
 40
0.2273
  0
CIRCLE
  8
MIX
 10
-91.6582
 20
-54.4423
 40
0.3283
  0
CIRCLE
  8
MIX
 10
-80.8280
 20
21.9766
 40
0.6420
  0
CIRCLE
  8
MIX
 10
75.6830
 20
-60.0809
 40
0.3268
  0
CIRCLE
  8
MIX
 10
232.7582
 20
-116.3128
 40
0.7901
  0
CIRCLE
  8
MIX
 10
-282.8854
 20
191.9023
 40
0.5942
  0
CIRCLE
  8
MIX
 10
-22.2853
 20
140.5794
 40
0.9903
  0
CIRCLE
  8
MIX
 10
-252.2159
 20
104.6100
 40
0.6219
  0
CIRCLE
  8
MIX
 10
-79.6247
 20
6.7932
 40
0.2167
  0
CIRCLE
  8
MIX
 10
-274.7459
 20
-19.7304
 40
0.3627
  0
CIRCLE
  8
MIX
 10
85.8432
 20
6.4208
 40
0.8279
  0
CIRCLE
  8
MIX
 10
88.9222
 20
-26.8368
 40
0.9650
  0
CIRCLE
  8
MIX
 10
-110.1809
 20
-183.1912
 40
0.7403
  0
CIRCLE
  8
MIX
 10
-5.8422
 20
-18.3031
 40
0.7721
  0
CIRCLE
  8
MIX
 10
-60.0577
 20
-177.9153
 40
0.4545
  0
CIRCLE
  8
MIX
 10
-87.1987
 20
-184.1327
 40
0.9253
  0
CIRCLE
  8
MIX
 10
-142.5781
 20
21.9846
 40
0.9287
  0
CIRCLE
  8
MIX
 10
-36.5069
 20
191.3240
 40
0.5346
  0
CIRCLE
  8
MIX
 10
98.5073
 20
25.4517
 40
0.9807
  0
CIRCLE
  8
MIX
 10
292.5789
 20
106.6364
 40
0.5439
  0
CIRCLE
  8
MIX
 10
3.9601
 20
-42.2868
 40
0.1688
  0
CIRCLE
  8
MIX
 10
265.3468
 20
62.5032
 40
0.9685
  0
CIRCLE
  8
MIX
 10
164.3942
 20
164.8785
 40
0.7702
  0
CIRCLE
  8
MIX
 10
-25.6782
 20
96.7398
 40
0.6002
  0
CIRCLE
  8
MIX
 10
-18.5940
 20
-97.2275
 40
0.4076
  0
CIRCLE
  8
MIX
 10
-127.4658
 20
-186.8050
 40
0.5222
  0
CIRCLE
  8
MIX
 10
280.0570
 20
137.9909
 40
0.8921
  0
CIRCLE
  8
MIX
 10
-148.6590
 20
-117.4649
 40
0.7777
  0
CIRCLE
  8
MIX
 10
98.7613
 20
110.2773
 40
0.9254
  0
CIRCLE
  8
MIX
 10
30.7560
 20
-105.6645
 40
0.5998
  0
CIRCLE
  8
MIX
 10
-240.7875
 20
-142.4732
 40
0.6960
  0
CIRCLE
  8
MIX
 10
71.5925
 20
129.3929
 40
0.3254
  0
CIRCLE
  8
MIX
 10
132.9104
 20
-70.7256
 40
0.1925
  0
CIRCLE
  8
MIX
 10
169.2905
 20
94.8648
 40
0.7193
  0
CIRCLE
  8
MIX
 10
-46.6335
 20
-157.3316
 40
0.7517
  0
CIRCLE
  8
MIX
 10
195.3325
 20
48.9997
 40
0.2849
  0
CIRCLE
  8
MIX
 10
-234.5690
 20
-192.0799
 40
0.5870
  0
CIRCLE
  8
MIX
 10
189.9088
 20
-46.8972
 40
0.5631
  0
CIRCLE
  8
MIX
 10
-133.3578
 20
-30.7004
 40
0.2133
  0
CIRCLE
  8
MIX
 10
135.2139
 20
-117.7714
 40
0.8272
  0
CIRCLE
  8
MIX
 10
221.2983
 20
194.1774
 40
0.2740
  0
CIRCLE
  8
MIX
 10
228.6989
 20
-0.8403
 40
0.5517
  0
CIRCLE
  8
MIX
 10
-122.6536
 20
47.6269
 40
0.7519
  0
CIRCLE
  8
MIX
 10
-93.9885
 20
-95.2376
 40
0.4225
  0
CIRCLE
  8
MIX
 10
-99.5772
 20
124.9700
 40
0.3235
  0
CIRCLE
  8
MIX
 10
-99.5109
 20
38.0699
 40
0.6498
  0
CIRCLE
  8
MIX
 10
-280.2891
 20
-149.3989
 40
0.7158
  0
CIRCLE
  8
MIX
 10
46.1638
 20
-132.3408
 40
0.5847
  0
CIRCLE
  8
MIX
 10
97.9557
 20
49.7306
 40
0.3191
  0
CIRCLE
  8
MIX
 10
-79.4444
 20
-151.6643
 40
0.9373
  0
CIRCLE
  8
MIX
 10
184.2484
 20
-78.4230
 40
0.1616
  0
CIRCLE
  8
MIX
 10
148.3186
 20
-139.9540
 40
0.8135
  0
CIRCLE
  8
MIX
 10
34.3030
 20
-20.7180
 40
0.3322
  0
CIRCLE
  8
MIX
 10
-146.6975
 20
65.5684
 40
0.2525
  0
CIRCLE
  8
MIX
 10
0.1580
 20
4.6492
 40
0.4175
  0
CIRCLE
  8
MIX
 10
-278.9296
 20
-123.8700
 40
0.2291
  0
CIRCLE
  8
MIX
 10
240.7833
 20
-154.0132
 40
0.3656
  0
CIRCLE
  8
MIX
 10
192.6027
 20
45.9149
 40
0.6908
  0
CIRCLE
  8
MIX
 10
-281.7800
 20
-63.8987
 40
0.9686
  0
CIRCLE
  8
MIX
 10
-0.9242
 20
-146.2879
 40
0.7178
  0
CIRCLE
  8
MIX
 10
11.8676
 20
186.1050
 40
0.6911
  0
CIRCLE
  8
MIX
 10
163.4863
 20
-161.0429
 40
0.6666
  0
CIRCLE
  8
MIX
 10
-72.3848
 20
-159.5948
 40
0.2793
  0
CIRCLE
  8
MIX
 10
-286.2636
 20
-193.6066
 40
0.8872
  0
CIRCLE
  8
MIX
 10
-290.0610
 20
-109.7048
 40
0.9842
  0
CIRCLE
  8
MIX
 10
39.8637
 20
-55.2290
 40
0.4712
  0
CIRCLE
  8
MIX
 10
-274.8910
 20
179.2096
 40
0.7903
  0
CIRCLE
  8
MIX
 10
-38.3655
 20
-133.3403
 40
0.2976
  0
CIRCLE
  8
MIX
 10
123.5093
 20
53.1987
 40
0.8311
  0
CIRCLE
  8
MIX
 10
-42.0284
 20
134.8337
 40
0.4844
  0
CIRCLE
  8
MIX
 10
-119.9647
 20
56.7535
 40
0.9050
  0
CIRCLE
  8
MIX
 10
-27.0884
 20
-137.9677
 40
0.7183
  0
CIRCLE
  8
MIX
 10
224.8300
 20
138.0430
 40
0.3605
  0
CIRCLE
  8
MIX
 10
-109.7706
 20
-18.5343
 40
0.6732
  0
CIRCLE
  8
MIX
 10
93.5186
 20
180.1434
 40
0.5543
  0
CIRCLE
  8
MIX
 10
96.7741
 20
191.4736
 40
0.9261
  0
CIRCLE
  8
MIX
 10
277.8353
 20
167.2013
 40
0.1768
  0
CIRCLE
  8
MIX
 10
-160.8069
 20
35.4953
 40
0.2340
  0
CIRCLE
  8
MIX
 10
105.3726
 20
-92.0688
 40
0.6047
  0
CIRCLE
  8
MIX
 10
-293.6831
 20
114.2331
 40
0.6944
  0
CIRCLE
  8
MIX
 10
-157.6451
 20
-165.3518
 40
0.1950
  0
CIRCLE
  8
MIX
 10
196.2941
 20
56.8340
 40
0.9130
  0
CIRCLE
  8
MIX
 10
-52.8885
 20
-144.5695
 40
0.5965
  0
CIRCLE
  8
MIX
 10
-150.1498
 20
-101.6771
 40
0.2900
  0
CIRCLE
  8
MIX
 10
-14.4663
 20
61.2460
 40
0.8059
  0
CIRCLE
  8
MIX
 10
145.0509
 20
-132.3509
 40
0.9612
  0
CIRCLE
  8
MIX
 10
244.5122
 20
-119.7919
 40
0.5789
  0
CIRCLE
  8
MIX
 10
120.9177
 20
-179.1906
 40
0.9254
  0
CIRCLE
  8
MIX
 10
-163.6040
 20
-161.1986
 40
0.8717
  0
CIRCLE
  8
MIX
 10
-46.5587
 20
12.8210
 40
0.2572
  0
CIRCLE
  8
MIX
 10
228.1650
 20
16.1897
 40
0.4787
  0
CIRCLE
  8
MIX
 10
164.1937
 20
127.1092
 40
0.9858
  0
CIRCLE
  8
MIX
 10
-255.5086
 20
123.8287
 40
0.2280
  0
CIRCLE
  8
MIX
 10
-274.8788
 20
-2.6260
 40
0.1558
  0
CIRCLE
  8
MIX
 10
255.4498
 20
29.8158
 40
0.2191
  0
CIRCLE
  8
MIX
 10
9.4471
 20
11.4756
 40
0.2763
  0
CIRCLE
  8
MIX
 10
-1.4388
 20
-173.0419
 40
0.3464
  0
CIRCLE
  8
MIX
 10
-135.8201
 20
-134.4331
 40
0.7454
  0
CIRCLE
  8
MIX
 10
12.3757
 20
96.6858
 40
0.8246
  0
CIRCLE
  8
MIX
 10
210.7584
 20
115.8653
 40
0.3097
  0
CIRCLE
  8
MIX
 10
286.1608
 20
-51.0749
 40
0.6310
  0
CIRCLE
  8
MIX
 10
-46.8830
 20
161.3310
 40
0.3210
  0
CIRCLE
  8
MIX
 10
-211.2785
 20
-167.8719
 40
0.3793
  0
CIRCLE
  8
MIX
 10
113.1794
 20
-20.6299
 40
0.9800
  0
CIRCLE
  8
MIX
 10
60.1769
 20
129.0808
 40
0.1528
  0
CIRCLE
  8
MIX
 10
118.7299
 20
184.7437
 40
0.6072
  0
CIRCLE
  8
MIX
 10
124.9140
 20
124.1337
 40
0.3748
  0
CIRCLE
  8
MIX
 10
-55.9799
 20
5.4036
 40
0.3419
  0
CIRCLE
  8
MIX
 10
273.1772
 20
147.3578
 40
0.5973
  0
CIRCLE
  8
MIX
 10
-184.4009
 20
114.2244
 40
0.4373
  0
CIRCLE
  8
MIX
 10
144.0831
 20
-67.9099
 40
0.1646
  0
CIRCLE
  8
MIX
 10
-259.0463
 20
158.8288
 40
0.3924
  0
CIRCLE
  8
MIX
 10
155.5292
 20
5.6315
 40
0.6776
  0
CIRCLE
  8
MIX
 10
-128.1417
 20
-110.8592
 40
0.9725
  0
CIRCLE
  8
MIX
 10
-102.2711
 20
-90.2462
 40
0.1605
  0
CIRCLE
  8
MIX
 10
224.1244
 20
-109.7856
 40
0.9234
  0
CIRCLE
  8
MIX
 10
118.2259
 20
-180.5867
 40
0.7385
  0
CIRCLE
  8
MIX
 10
-223.0626
 20
32.5125
 40
0.9191
  0
CIRCLE
  8
MIX
 10
-41.5595
 20
-54.1017
 40
0.8395
  0
CIRCLE
  8
MIX
 10
-195.5528
 20
79.4085
 40
0.4921
  0
CIRCLE
  8
MIX
 10
-263.6432
 20
165.8133
 40
0.1547
  0
CIRCLE
  8
MIX
 10
185.9654
 20
38.5007
 40
0.5753
  0
CIRCLE
  8
MIX
 10
48.1026
 20
141.0759
 40
0.3457
  0
CIRCLE
  8
MIX
 10
-84.7140
 20
185.6145
 40
0.1780
  0
CIRCLE
  8
MIX
 10
124.1596
 20
-171.2902
 40
0.2984
  0
CIRCLE
  8
MIX
 10
260.5215
 20
-105.6311
 40
0.8165
  0
CIRCLE
  8
MIX
 10
-34.9716
 20
113.9299
 40
0.7048
  0
CIRCLE
  8
MIX
 10
-120.3013
 20
-23.8396
 40
0.2734
  0
CIRCLE
  8
MIX
 10
247.5931
 20
167.0634
 40
0.7779
  0
CIRCLE
  8
MIX
 10
-179.5796
 20
-28.3945
 40
0.5518
  0
CIRCLE
  8
MIX
 10
-121.5448
 20
-84.5052
 40
0.7883
  0
CIRCLE
  8
MIX
 10
-9.5638
 20
191.1454
 40
0.8766
  0
CIRCLE
  8
MIX
 10
25.3653
 20
177.3136
 40
0.8751
  0
CIRCLE
  8
MIX
 10
56.2215
 20
175.8930
 40
0.8592
  0
CIRCLE
  8
MIX
 10
-286.1591
 20
174.9229
 40
0.4925
  0
CIRCLE
  8
MIX
 10
-85.1180
 20
-183.8464
 40
0.7833
  0
CIRCLE
  8
MIX
 10
-235.6420
 20
55.7943
 40
0.6819
  0
CIRCLE
  8
MIX
 10
-202.8528
 20
-169.3875
 40
0.6320
  0
CIRCLE
  8
MIX
 10
7.3995
 20
75.0740
 40
0.2203
  0
CIRCLE
  8
MIX
 10
-107.8780
 20
-79.7780
 40
0.5468
  0
CIRCLE
  8
MIX
 10
-69.6184
 20
62.1069
 40
0.2623
  0
CIRCLE
  8
MIX
 10
-35.9006
 20
-36.4287
 40
0.4455
  0
CIRCLE
  8
MIX
 10
-176.6891
 20
141.4054
 40
0.5809
  0
CIRCLE
  8
MIX
 10
94.3294
 20
31.2485
 40
0.7022
  0
CIRCLE
  8
MIX
 10
240.2006
 20
9.3870
 40
0.6931
  0
CIRCLE
  8
MIX
 10
222.4609
 20
111.6401
 40
0.3249
  0
CIRCLE
  8
MIX
 10
12.0456
 20
-137.3989
 40
0.8461
  0
CIRCLE
  8
MIX
 10
-280.3457
 20
126.0308
 40
0.1748
  0
CIRCLE
  8
MIX
 10
-284.2341
 20
-167.5954
 40
0.2081
  0
CIRCLE
  8
MIX
 10
-125.6303
 20
-107.0117
 40
0.4743
  0
CIRCLE
  8
MIX
 10
-266.7607
 20
-143.6243
 40
0.2269
  0
CIRCLE
  8
MIX
 10
38.8049
 20
57.1200
 40
0.3182
  0
CIRCLE
  8
MIX
 10
226.5911
 20
-70.5676
 40
0.3483
  0
CIRCLE
  8
MIX
 10
-14.8468
 20
191.6039
 40
0.8478
  0
CIRCLE
  8
MIX
 10
-168.4444
 20
158.8923
 40
0.5100
  0
CIRCLE
  8
MIX
 10
-17.4936
 20
133.6788
 40
0.9020
  0
CIRCLE
  8
MIX
 10
-178.7884
 20
168.8219
 40
0.8940
  0
CIRCLE
  8
MIX
 10
-96.3896
 20
163.7870
 40
0.9714
  0
CIRCLE
  8
MIX
 10
-191.0246
 20
61.2314
 40
0.5181
  0
CIRCLE
  8
MIX
 10
292.0280
 20
138.5313
 40
0.2952
  0
CIRCLE
  8
MIX
 10
203.6628
 20
156.2239
 40
0.1820
  0
CIRCLE
  8
MIX
 10
-79.1713
 20
121.3024
 40
0.9989
  0
CIRCLE
  8
MIX
 10
211.9484
 20
41.3471
 40
0.4824
  0
CIRCLE
  8
MIX
 10
99.9622
 20
108.5912
 40
0.6148
  0
CIRCLE
  8
MIX
 10
-94.0846
 20
43.3910
 40
0.8316
  0
CIRCLE
  8
MIX
 10
277.2240
 20
-129.1195
 40
0.3086
  0
CIRCLE
  8
MIX
 10
126.8463
 20
-95.0501
 40
0.8432
  0
CIRCLE
  8
MIX
 10
193.4468
 20
160.8570
 40
0.3352
  0
CIRCLE
  8
MIX
 10
-127.7951
 20
184.4994
 40
0.9337
  0
CIRCLE
  8
MIX
 10
2.4905
 20
-165.2468
 40
0.5742
  0
CIRCLE
  8
MIX
 10
-167.8460
 20
-76.2473
 40
0.8147
  0
CIRCLE
  8
MIX
 10
-222.9850
 20
-38.8395
 40
0.6289
  0
CIRCLE
  8
MIX
 10
86.1941
 20
90.9285
 40
0.4784
  0
CIRCLE
  8
MIX
 10
-41.8516
 20
-8.0875
 40
0.2679
  0
CIRCLE
  8
MIX
 10
70.8365
 20
-135.4827
 40
0.7815
  0
CIRCLE
  8
MIX
 10
-192.7381
 20
187.8570
 40
0.2835
  0
CIRCLE
  8
MIX
 10
-203.0960
 20
60.4338
 40
0.5223
  0
CIRCLE
  8
MIX
 10
-2.6235
 20
64.7790
 40
0.2777
  0
CIRCLE
  8
MIX
 10
-268.6812
 20
-32.6608
 40
0.2627
  0
CIRCLE
  8
MIX
 10
-283.4843
 20
-42.3554
 40
0.3661
  0
CIRCLE
  8
MIX
 10
34.3523
 20
81.6529
 40
0.2228
  0
CIRCLE
  8
MIX
 10
-78.1821
 20
-109.0317
 40
0.7982
  0
CIRCLE
  8
MIX
 10
-79.4825
 20
-63.3915
 40
0.6104
  0
CIRCLE
  8
MIX
 10
7.6992
 20
-24.3006
 40
0.2784
  0
CIRCLE
  8
MIX
 10
-269.1634
 20
169.8807
 40
0.6904
  0
CIRCLE
  8
MIX
 10
50.0451
 20
-105.1570
 40
0.6754
  0
CIRCLE
  8
MIX
 10
287.3596
 20
3.0837
 40
0.7792
  0
CIRCLE
  8
MIX
 10
-102.4287
 20
-82.6847
 40
0.4262
  0
CIRCLE
  8
MIX
 10
68.7992
 20
-144.9488
 40
0.3866
  0
CIRCLE
  8
MIX
 10
-132.6262
 20
-181.4640
 40
0.6164
  0
CIRCLE
  8
MIX
 10
-289.7721
 20
120.5168
 40
0.4328
  0
CIRCLE
  8
MIX
 10
130.5339
 20
193.2343
 40
0.7943
  0
CIRCLE
  8
MIX
 10
111.2115
 20
-192.1351
 40
0.3670
  0
CIRCLE
  8
MIX
 10
11.7111
 20
-82.8645
 40
0.1934
  0
CIRCLE
  8
MIX
 10
186.7690
 20
185.2657
 40
0.4251
  0
CIRCLE
  8
MIX
 10
140.1934
 20
115.8567
 40
0.4517
  0
CIRCLE
  8
MIX
 10
105.4159
 20
-185.0034
 40
0.6982
  0
CIRCLE
  8
MIX
 10
165.1261
 20
47.7168
 40
0.2525
  0
CIRCLE
  8
MIX
 10
79.5028
 20
72.3337
 40
0.4719
  0
CIRCLE
  8
MIX
 10
270.8635
 20
-111.4831
 40
0.8785
  0
CIRCLE
  8
MIX
 10
236.3616
 20
-10.6754
 40
0.3988
  0
CIRCLE
  8
MIX
 10
-124.1683
 20
76.9095
 40
0.6591
  0
CIRCLE
  8
MIX
 10
-254.3305
 20
36.2711
 40
0.1993
  0
CIRCLE
  8
MIX
 10
6.1965
 20
-4.9862
 40
0.2869
  0
CIRCLE
  8
MIX
 10
10.1728
 20
-183.8847
 40
0.9322
  0
CIRCLE
  8
MIX
 10
190.2634
 20
156.6869
 40
0.7374
  0
CIRCLE
  8
MIX
 10
-195.2468
 20
-119.6216
 40
0.8362
  0
CIRCLE
  8
MIX
 10
-32.8684
 20
-48.4184
 40
0.5319
  0
CIRCLE
  8
MIX
 10
203.9863
 20
-28.8966
 40
0.9506
  0
CIRCLE
  8
MIX
 10
139.9428
 20
3.0665
 40
0.8371
  0
CIRCLE
  8
MIX
 10
-267.8816
 20
172.6472
 40
0.9872
  0
CIRCLE
  8
MIX
 10
-193.6534
 20
138.4908
 40
0.1801
  0
CIRCLE
  8
MIX
 10
172.9964
 20
-48.5961
 40
0.1700
  0
CIRCLE
  8
MIX
 10
122.8148
 20
17.4074
 40
0.4856
  0
CIRCLE
  8
MIX
 10
42.1965
 20
11.8775
 40
0.7519
  0
CIRCLE
  8
MIX
 10
-238.5987
 20
93.4646
 40
0.4337
  0
CIRCLE
  8
MIX
 10
120.6437
 20
-34.8071
 40
0.9241
  0
CIRCLE
  8
MIX
 10
-266.2558
 20
-125.0071
 40
0.9078
  0
CIRCLE
  8
MIX
 10
-180.3375
 20
82.4075
 40
0.8282
  0
CIRCLE
  8
MIX
 10
-236.2405
 20
104.0995
 40
0.8799
  0
CIRCLE
  8
MIX
 10
-57.1133
 20
121.0966
 40
0.6274
  0
CIRCLE
  8
MIX
 10
-276.1398
 20
150.5861
 40
0.5712
  0
CIRCLE
  8
MIX
 10
-57.9646
 20
40.8949
 40
0.6649
  0
CIRCLE
  8
MIX
 10
-264.1219
 20
-128.5222
 40
0.7092
  0
CIRCLE
  8
MIX
 10
122.4925
 20
-96.7758
 40
0.2456
  0
CIRCLE
  8
MIX
 10
-226.5639
 20
-124.3546
 40
0.8905
  0
CIRCLE
  8
MIX
 10
212.1431
 20
143.5861
 40
0.1518
  0
CIRCLE
  8
MIX
 10
283.5493
 20
-87.8420
 40
0.2257
  0
CIRCLE
  8
MIX
 10
-175.7155
 20
-57.2176
 40
0.7522
  0
CIRCLE
  8
MIX
 10
-12.0084
 20
-113.1121
 40
0.5474
  0
CIRCLE
  8
MIX
 10
153.8879
 20
57.5112
 40
0.4115
  0
CIRCLE
  8
MIX
 10
-254.3157
 20
-139.2676
 40
0.4419
  0
CIRCLE
  8
MIX
 10
27.2848
 20
102.2106
 40
0.7724
  0
CIRCLE
  8
MIX
 10
162.3050
 20
180.8874
 40
0.6602
  0
CIRCLE
  8
MIX
 10
-50.2501
 20
84.0426
 40
0.5325
  0
CIRCLE
  8
MIX
 10
-211.2733
 20
120.1386
 40
0.6808
  0
CIRCLE
  8
MIX
 10
-235.3116
 20
172.7721
 40
0.5397
  0
CIRCLE
  8
MIX
 10
2.0238
 20
-35.6041
 40
0.9601
  0
CIRCLE
  8
MIX
 10
63.4669
 20
78.2538
 40
0.2572
  0
CIRCLE
  8
MIX
 10
167.8815
 20
-148.0881
 40
0.4789
  0
CIRCLE
  8
MIX
 10
-202.3925
 20
-68.4601
 40
0.7182
  0
CIRCLE
  8
MIX
 10
247.5594
 20
-74.9255
 40
0.7073
  0
CIRCLE
  8
MIX
 10
156.3266
 20
122.5168
 40
0.3635
  0
CIRCLE
  8
MIX
 10
152.3479
 20
93.5670
 40
0.6106
  0
CIRCLE
  8
MIX
 10
23.5219
 20
178.7156
 40
0.3671
  0
CIRCLE
  8
MIX
 10
219.9555
 20
-187.6775
 40
0.6549
  0
CIRCLE
  8
MIX
 10
-29.4897
 20
187.7759
 40
0.5552
  0
CIRCLE
  8
MIX
 10
216.7445
 20
-74.7042
 40
0.1808
  0
CIRCLE
  8
MIX
 10
225.3751
 20
-58.7838
 40
0.4469
  0
CIRCLE
  8
MIX
 10
-6.5841
 20
-177.1090
 40
0.2425
  0
CIRCLE
  8
MIX
 10
-162.0752
 20
110.9333
 40
0.1989
  0
CIRCLE
  8
MIX
 10
255.9123
 20
-66.8302
 40
0.7535
  0
CIRCLE
  8
MIX
 10
-97.7489
 20
43.4692
 40
0.9974
  0
CIRCLE
  8
MIX
 10
-235.8198
 20
50.9700
 40
0.7786
  0
CIRCLE
  8
MIX
 10
-52.0401
 20
-148.2130
 40
0.8728
  0
CIRCLE
  8
MIX
 10
-274.7152
 20
111.0330
 40
0.8645
  0
CIRCLE
  8
MIX
 10
-292.4282
 20
41.3520
 40
0.9353
  0
CIRCLE
  8
MIX
 10
-99.5650
 20
-132.5649
 40
0.2940
  0
CIRCLE
  8
MIX
 10
162.6092
 20
187.9561
 40
0.7650
  0
CIRCLE
  8
MIX
 10
94.0117
 20
-181.7260
 40
0.3859
  0
CIRCLE
  8
MIX
 10
235.7511
 20
-109.7873
 40
0.5010
  0
CIRCLE
  8
MIX
 10
142.9470
 20
67.9419
 40
0.1735
  0
CIRCLE
  8
MIX
 10
102.3918
 20
-88.7680
 40
0.2870
  0
CIRCLE
  8
MIX
 10
263.0239
 20
-194.3348
 40
0.6401
  0
CIRCLE
  8
MIX
 10
93.2433
 20
-27.0890
 40
0.8544
  0
CIRCLE
  8
MIX
 10
261.1072
 20
-95.4444
 40
0.7495
  0
CIRCLE
  8
MIX
 10
111.5122
 20
-176.2066
 40
0.4400
  0
CIRCLE
  8
MIX
 10
85.2281
 20
-113.5454
 40
0.1813
  0
CIRCLE
  8
MIX
 10
204.9239
 20
-61.1836
 40
0.8467
  0
CIRCLE
  8
MIX
 10
44.0718
 20
30.6035
 40
0.8657
  0
CIRCLE
  8
MIX
 10
-124.3042
 20
-152.2789
 40
0.5489
  0
CIRCLE
  8
MIX
 10
280.0167
 20
64.9003
 40
0.1919
  0
CIRCLE
  8
MIX
 10
-228.2606
 20
119.6998
 40
0.7700
  0
CIRCLE
  8
MIX
 10
-248.3110
 20
-36.5627
 40
0.6914
  0
CIRCLE
  8
MIX
 10
21.1383
 20
-63.7477
 40
0.7028
  0
CIRCLE
  8
MIX
 10
-280.7174
 20
-130.5668
 40
0.7125
  0
CIRCLE
  8
MIX
 10
270.5651
 20
123.4587
 40
0.3611
  0
CIRCLE
  8
MIX
 10
84.8979
 20
-75.2068
 40
0.6979
  0
CIRCLE
  8
MIX
 10
-71.9949
 20
70.2095
 40
0.2165
  0
CIRCLE
  8
MIX
 10
207.1249
 20
192.6360
 40
0.8023
  0
CIRCLE
  8
MIX
 10
-37.7939
 20
-68.3898
 40
0.8611
  0
CIRCLE
  8
MIX
 10
-149.7116
 20
-46.5628
 40
0.3260
  0
CIRCLE
  8
MIX
 10
36.9193
 20
-111.9564
 40
0.8506
  0
CIRCLE
  8
MIX
 10
260.4335
 20
45.2268
 40
0.8482
  0
CIRCLE
  8
MIX
 10
18.4816
 20
51.4928
 40
0.9572
  0
CIRCLE
  8
MIX
 10
-181.4927
 20
-90.2170
 40
0.3051
  0
CIRCLE
  8
MIX
 10
111.8759
 20
-137.0729
 40
0.1567
  0
CIRCLE
  8
MIX
 10
-187.4594
 20
-63.7668
 40
0.5704
  0
CIRCLE
  8
MIX
 10
14.3277
 20
-190.8888
 40
0.6583
  0
CIRCLE
  8
MIX
 10
-258.7986
 20
-102.8298
 40
0.2560
  0
CIRCLE
  8
MIX
 10
-31.9816
 20
-104.6638
 40
0.6844
  0
CIRCLE
  8
MIX
 10
-292.8749
 20
-3.4539
 40
0.2927
  0
CIRCLE
  8
MIX
 10
-234.1419
 20
83.5643
 40
0.3813
  0
CIRCLE
  8
MIX
 10
-23.8186
 20
39.4898
 40
0.6341
  0
CIRCLE
  8
MIX
 10
27.7172
 20
-35.4419
 40
0.8655
  0
CIRCLE
  8
MIX
 10
204.5597
 20
-121.9608
 40
0.7239
  0
CIRCLE
  8
MIX
 10
10.3188
 20
-181.0083
 40
0.7994
  0
CIRCLE
  8
MIX
 10
-4.5024
 20
-80.1546
 40
0.6476
  0
CIRCLE
  8
MIX
 10
-46.6146
 20
-122.4381
 40
0.9644
  0
CIRCLE
  8
MIX
 10
67.8857
 20
-144.5566
 40
0.3201
  0
CIRCLE
  8
MIX
 10
28.8749
 20
24.9782
 40
0.9287
  0
CIRCLE
  8
MIX
 10
-83.8880
 20
129.9363
 40
0.3573
  0
CIRCLE
  8
MIX
 10
-199.5293
 20
28.6706
 40
0.9576
  0
CIRCLE
  8
MIX
 10
-139.3947
 20
23.1614
 40
0.7743
  0
CIRCLE
  8
MIX
 10
48.1670
 20
-78.6478
 40
0.8553
  0
CIRCLE
  8
MIX
 10
277.8562
 20
-5.1483
 40
0.2907
  0
CIRCLE
  8
MIX
 10
169.0609
 20
-181.5297
 40
0.7835
  0
CIRCLE
  8
MIX
 10
-186.5235
 20
134.2120
 40
0.1514
  0
CIRCLE
  8
MIX
 10
31.5747
 20
108.3162
 40
0.6286
  0
CIRCLE
  8
MIX
 10
-281.6379
 20
162.9617
 40
0.8298
  0
CIRCLE
  8
MIX
 10
-102.4601
 20
-64.6034
 40
0.2240
  0
CIRCLE
  8
MIX
 10
22.5009
 20
93.4906
 40
0.3668
  0
CIRCLE
  8
MIX
 10
-253.8754
 20
147.8471
 40
0.8736
  0
CIRCLE
  8
MIX
 10
-70.3479
 20
-164.4061
 40
0.6528
  0
CIRCLE
  8
MIX
 10
166.7316
 20
78.4332
 40
0.3596
  0
CIRCLE
  8
MIX
 10
-174.7105
 20
142.5337
 40
0.8761
  0
CIRCLE
  8
MIX
 10
-24.0199
 20
-22.6965
 40
0.8972
  0
CIRCLE
  8
MIX
 10
-153.9227
 20
56.1828
 40
0.7403
  0
CIRCLE
  8
MIX
 10
-12.0296
 20
-115.6384
 40
0.4593
  0
CIRCLE
  8
MIX
 10
-12.0055
 20
-32.0254
 40
0.1734
  0
CIRCLE
  8
MIX
 10
-261.5489
 20
-48.8229
 40
0.6914
  0
CIRCLE
  8
MIX
 10
248.2914
 20
103.5786
 40
0.4769
  0
CIRCLE
  8
MIX
 10
203.5343
 20
97.9994
 40
0.7469
  0
CIRCLE
  8
MIX
 10
-170.0035
 20
60.8779
 40
0.7672
  0
CIRCLE
  8
MIX
 10
-6.5395
 20
-38.0734
 40
0.9096
  0
CIRCLE
  8
MIX
 10
142.9462
 20
-30.7950
 40
0.8562
  0
CIRCLE
  8
MIX
 10
-207.1208
 20
48.8639
 40
0.6565
  0
CIRCLE
  8
MIX
 10
-1.4687
 20
-120.8587
 40
0.9797
  0
CIRCLE
  8
MIX
 10
-147.5947
 20
-154.1689
 40
0.4167
  0
CIRCLE
  8
MIX
 10
202.7979
 20
-137.2497
 40
0.4733
  0
CIRCLE
  8
MIX
 10
-156.8888
 20
172.6994
 40
0.4657
  0
CIRCLE
  8
MIX
 10
70.4472
 20
40.1497
 40
0.6898
  0
CIRCLE
  8
MIX
 10
-92.6505
 20
-35.1999
 40
0.7910
  0
CIRCLE
  8
MIX
 10
-63.0886
 20
-23.9169
 40
0.1614
  0
CIRCLE
  8
MIX
 10
157.1347
 20
181.3048
 40
0.1721
  0
CIRCLE
  8
MIX
 10
-76.7225
 20
-24.1274
 40
0.9654
  0
CIRCLE
  8
MIX
 10
-133.5128
 20
-119.9215
 40
0.3785
  0
CIRCLE
  8
MIX
 10
-254.3513
 20
30.0769
 40
0.2549
  0
CIRCLE
  8
MIX
 10
-272.0859
 20
59.1001
 40
0.9509
  0
CIRCLE
  8
MIX
 10
-47.1823
 20
-162.4115
 40
0.9039
  0
CIRCLE
  8
MIX
 10
-193.1881
 20
-141.2162
 40
0.8761
  0
CIRCLE
  8
MIX
 10
-159.8691
 20
-115.9676
 40
0.3891
  0
CIRCLE
  8
MIX
 10
212.2860
 20
-50.1320
 40
0.5083
  0
CIRCLE
  8
MIX
 10
229.3937
 20
32.4274
 40
0.5289
  0
CIRCLE
  8
MIX
 10
-100.0692
 20
9.2116
 40
0.5461
  0
CIRCLE
  8
MIX
 10
100.8601
 20
-47.6140
 40
0.2661
  0
CIRCLE
  8
MIX
 10
32.7595
 20
-127.8906
 40
0.4195
  0
CIRCLE
  8
MIX
 10
160.0090
 20
158.9162
 40
0.3104
  0
CIRCLE
  8
MIX
 10
251.9610
 20
-164.1498
 40
0.4374
  0
CIRCLE
  8
MIX
 10
-64.8114
 20
-21.6105
 40
0.2476
  0
CIRCLE
  8
MIX
 10
70.7429
 20
6.4493
 40
0.6153
  0
CIRCLE
  8
MIX
 10
-71.4417
 20
83.7155
 40
0.2058
  0
CIRCLE
  8
MIX
 10
-156.5544
 20
30.0374
 40
0.2663
  0
CIRCLE
  8
MIX
 10
-151.6763
 20
-20.5490
 40
0.2058
  0
CIRCLE
  8
MIX
 10
-270.3671
 20
153.5311
 40
0.8068
  0
CIRCLE
  8
MIX
 10
-28.7048
 20
-143.2641
 40
0.6915
  0
CIRCLE
  8
MIX
 10
-249.7741
 20
-72.7985
 40
0.9821
  0
CIRCLE
  8
MIX
 10
247.5552
 20
-36.1769
 40
0.5901
  0
CIRCLE
  8
MIX
 10
201.2055
 20
-114.1634
 40
0.1616
  0
CIRCLE
  8
MIX
 10
-240.2590
 20
36.8204
 40
0.1801
  0
CIRCLE
  8
MIX
 10
191.2093
 20
-143.3799
 40
0.8702
  0
CIRCLE
  8
MIX
 10
-215.6076
 20
-106.6735
 40
0.7440
  0
CIRCLE
  8
MIX
 10
203.7439
 20
-58.1307
 40
0.5712
  0
CIRCLE
  8
MIX
 10
-181.7775
 20
-94.8196
 40
0.6441
  0
CIRCLE
  8
MIX
 10
123.9684
 20
-135.3631
 40
0.5184
  0
CIRCLE
  8
MIX
 10
-35.7004
 20
1.7955
 40
0.9779
  0
CIRCLE
  8
MIX
 10
-154.6563
 20
146.1389
 40
0.5733
  0
CIRCLE
  8
MIX
 10
-11.7737
 20
-181.2265
 40
0.5404
  0
CIRCLE
  8
MIX
 10
144.1099
 20
137.2729
 40
0.9484
  0
CIRCLE
  8
MIX
 10
38.7162
 20
-176.0654
 40
0.8823
  0
CIRCLE
  8
MIX
 10
240.8303
 20
-136.6168
 40
0.5679
  0
CIRCLE
  8
MIX
 10
226.7569
 20
110.8102
 40
0.4576
  0
CIRCLE
  8
MIX
 10
-290.6495
 20
63.1695
 40
0.8895
  0
CIRCLE
  8
MIX
 10
119.0494
 20
-55.7274
 40
0.3880
  0
CIRCLE
  8
MIX
 10
-214.2726
 20
170.4668
 40
0.4420
  0
CIRCLE
  8
MIX
 10
-99.1134
 20
60.5768
 40
0.5792
  0
CIRCLE
  8
MIX
 10
64.2375
 20
92.8009
 40
0.4448
  0
CIRCLE
  8
MIX
 10
67.3278
 20
140.9010
 40
0.3075
  0
CIRCLE
  8
MIX
 10
85.7136
 20
104.3921
 40
0.8910
  0
CIRCLE
  8
MIX
 10
95.6833
 20
-130.2376
 40
0.9352
  0
CIRCLE
  8
MIX
 10
-243.5488
 20
-175.1060
 40
0.9775
  0
CIRCLE
  8
MIX
 10
-286.7981
 20
-116.3141
 40
0.3637
  0
CIRCLE
  8
MIX
 10
25.0055
 20
-180.1383
 40
0.6017
  0
CIRCLE
  8
MIX
 10
177.7060
 20
-192.5231
 40
0.5358
  0
CIRCLE
  8
MIX
 10
20.6270
 20
-14.0075
 40
0.8191
  0
CIRCLE
  8
MIX
 10
-248.0205
 20
-68.3597
 40
0.7901
  0
CIRCLE
  8
MIX
 10
-177.8971
 20
-105.1707
 40
0.5852
  0
CIRCLE
  8
MIX
 10
211.2533
 20
-148.8512
 40
0.4086
  0
CIRCLE
  8
MIX
 10
-159.3658
 20
174.1033
 40
0.4248
  0
CIRCLE
  8
MIX
 10
23.3851
 20
69.1427
 40
0.4097
  0
CIRCLE
  8
MIX
 10
46.3361
 20
-132.5245
 40
0.1745
  0
CIRCLE
  8
MIX
 10
-120.4464
 20
-164.5117
 40
0.6836
  0
CIRCLE
  8
MIX
 10
-263.7500
 20
32.3620
 40
0.4287
  0
CIRCLE
  8
MIX
 10
-164.2720
 20
-84.3074
 40
0.6755
  0
CIRCLE
  8
MIX
 10
-256.3499
 20
63.0477
 40
0.2252
  0
CIRCLE
  8
MIX
 10
198.0843
 20
-73.2952
 40
0.9974
  0
CIRCLE
  8
MIX
 10
-14.8353
 20
13.6561
 40
0.2754
  0
CIRCLE
  8
MIX
 10
-14.8312
 20
188.8873
 40
0.9304
  0
CIRCLE
  8
MIX
 10
-114.9340
 20
44.0005
 40
0.5841
  0
CIRCLE
  8
MIX
 10
-147.7930
 20
-125.8336
 40
0.3107
  0
CIRCLE
  8
MIX
 10
-63.7429
 20
42.1419
 40
0.4287
  0
CIRCLE
  8
MIX
 10
-75.2289
 20
45.3093
 40
0.3194
  0
CIRCLE
  8
MIX
 10
-233.7457
 20
81.8741
 40
0.5643
  0
CIRCLE
  8
MIX
 10
116.3074
 20
-23.3129
 40
0.3110
  0
CIRCLE
  8
MIX
 10
55.0766
 20
32.5941
 40
0.5347
  0
CIRCLE
  8
MIX
 10
-236.9746
 20
-30.9882
 40
0.9620
  0
CIRCLE
  8
MIX
 10
241.6604
 20
154.3489
 40
0.5399
  0
CIRCLE
  8
MIX
 10
156.6256
 20
-124.3684
 40
0.8439
  0
CIRCLE
  8
MIX
 10
-212.5300
 20
183.5246
 40
0.7907
  0
CIRCLE
  8
MIX
 10
-43.4665
 20
-17.7114
 40
0.6170
  0
CIRCLE
  8
MIX
 10
241.6168
 20
135.9134
 40
0.6521
  0
CIRCLE
  8
MIX
 10
214.9662
 20
62.0230
 40
0.8953
  0
CIRCLE
  8
MIX
 10
-37.7100
 20
-64.9913
 40
0.5969
  0
CIRCLE
  8
MIX
 10
116.5406
 20
-81.5827
 40
0.8986
  0
CIRCLE
  8
MIX
 10
-134.1174
 20
-24.4174
 40
0.6877
  0
CIRCLE
  8
MIX
 10
-214.5258
 20
-130.1575
 40
0.3675
  0
CIRCLE
  8
MIX
 10
-130.8763
 20
137.1551
 40
0.8908
  0
CIRCLE
  8
MIX
 10
-175.9976
 20
111.0620
 40
0.5757
  0
CIRCLE
  8
MIX
 10
42.0453
 20
20.1044
 40
0.5207
  0
CIRCLE
  8
MIX
 10
21.6651
 20
-37.2920
 40
0.8725
  0
CIRCLE
  8
MIX
 10
91.9779
 20
-89.8412
 40
0.8431
  0
CIRCLE
  8
MIX
 10
-77.1253
 20
-119.9755
 40
0.8622
  0
CIRCLE
  8
MIX
 10
242.2237
 20
-113.9072
 40
0.9311
  0
CIRCLE
  8
MIX
 10
-154.1037
 20
-33.8811
 40
0.7846
  0
CIRCLE
  8
MIX
 10
54.8588
 20
151.8730
 40
0.4155
  0
CIRCLE
  8
MIX
 10
106.3138
 20
-31.9701
 40
0.7320
  0
CIRCLE
  8
MIX
 10
176.5091
 20
-60.4767
 40
0.7891
  0
CIRCLE
  8
MIX
 10
-281.5325
 20
32.4549
 40
0.6252
  0
CIRCLE
  8
MIX
 10
180.1839
 20
103.8378
 40
0.3064
  0
CIRCLE
  8
MIX
 10
115.4735
 20
68.2351
 40
0.6655
  0
CIRCLE
  8
MIX
 10
-123.4178
 20
-113.9702
 40
0.6200
  0
CIRCLE
  8
MIX
 10
178.5375
 20
110.9161
 40
0.4233
  0
CIRCLE
  8
MIX
 10
-24.0365
 20
101.7045
 40
0.5876
  0
CIRCLE
  8
MIX
 10
-224.4116
 20
-62.8524
 40
0.5114
  0
CIRCLE
  8
MIX
 10
-42.0565
 20
90.4392
 40
0.8872
  0
CIRCLE
  8
MIX
 10
264.0447
 20
-140.4080
 40
0.8735
  0
CIRCLE
  8
MIX
 10
182.6890
 20
40.9905
 40
0.6069
  0
CIRCLE
  8
MIX
 10
-120.9710
 20
-87.3580
 40
0.5200
  0
CIRCLE
  8
MIX
 10
14.1939
 20
128.9825
 40
0.7591
  0
CIRCLE
  8
MIX
 10
32.8193
 20
-8.1527
 40
0.9856
  0
CIRCLE
  8
MIX
 10
-294.1340
 20
54.1049
 40
0.6097
  0
CIRCLE
  8
MIX
 10
-269.9826
 20
-28.2386
 40
0.5830
  0
CIRCLE
  8
MIX
 10
-118.1955
 20
192.6184
 40
0.9980
  0
CIRCLE
  8
MIX
 10
-97.9259
 20
194.2112
 40
0.6467
  0
CIRCLE
  8
MIX
 10
185.1291
 20
-50.4195
 40
0.8548
  0
CIRCLE
  8
MIX
 10
-149.3095
 20
167.9912
 40
0.7860
  0
CIRCLE
  8
MIX
 10
-41.1887
 20
-155.0916
 40
0.5846
  0
CIRCLE
  8
MIX
 10
-151.5379
 20
-132.0419
 40
0.7910
  0
CIRCLE
  8
MIX
 10
75.8766
 20
9.4506
 40
0.3769
  0
CIRCLE
  8
MIX
 10
-236.8015
 20
22.6942
 40
0.8569
  0
CIRCLE
  8
MIX
 10
5.8736
 20
142.8794
 40
0.9190
  0
CIRCLE
  8
MIX
 10
35.8875
 20
-48.4328
 40
0.2481
  0
CIRCLE
  8
MIX
 10
-55.6381
 20
85.7075
 40
0.5224
  0
CIRCLE
  8
MIX
 10
-62.4744
 20
100.3919
 40
0.7682
  0
CIRCLE
  8
MIX
 10
283.1334
 20
114.3129
 40
0.4096
  0
CIRCLE
  8
MIX
 10
13.2588
 20
-13.7509
 40
0.6634
  0
CIRCLE
  8
MIX
 10
262.1797
 20
-18.2187
 40
0.9586
  0
CIRCLE
  8
MIX
 10
179.7217
 20
-167.4181
 40
0.9261
  0
CIRCLE
  8
MIX
 10
-268.6875
 20
-160.1030
 40
0.9418
  0
CIRCLE
  8
MIX
 10
-180.6302
 20
-8.2748
 40
0.7138
  0
CIRCLE
  8
MIX
 10
-168.9158
 20
9.9744
 40
0.9352
  0
CIRCLE
  8
MIX
 10
10.2308
 20
-110.2222
 40
0.8037
  0
CIRCLE
  8
MIX
 10
-229.5143
 20
-36.3207
 40
0.5382
  0
CIRCLE
  8
MIX
 10
137.0982
 20
144.4497
 40
0.3612
  0
CIRCLE
  8
MIX
 10
-275.9237
 20
30.7922
 40
0.2980
  0
CIRCLE
  8
MIX
 10
-202.9945
 20
46.4589
 40
0.4018
  0
CIRCLE
  8
MIX
 10
164.9675
 20
130.2578
 40
0.5008
  0
CIRCLE
  8
MIX
 10
114.1072
 20
25.4597
 40
0.6155
  0
CIRCLE
  8
MIX
 10
223.6990
 20
155.1044
 40
0.2814
  0
CIRCLE
  8
MIX
 10
-66.9069
 20
58.6180
 40
0.8444
  0
CIRCLE
  8
MIX
 10
247.7493
 20
-177.8516
 40
0.4989
  0
CIRCLE
  8
MIX
 10
22.2387
 20
180.0417
 40
0.8524
  0
CIRCLE
  8
MIX
 10
-226.5240
 20
-144.9236
 40
0.2820
  0
CIRCLE
  8
MIX
 10
-226.6172
 20
-41.4058
 40
0.8423
  0
CIRCLE
  8
MIX
 10
212.9247
 20
-194.2357
 40
0.5409
  0
CIRCLE
  8
MIX
 10
292.7858
 20
-43.5972
 40
0.4063
  0
CIRCLE
  8
MIX
 10
-56.5669
 20
-165.1919
 40
0.8398
  0
CIRCLE
  8
MIX
 10
110.2001
 20
-123.1220
 40
0.6327
  0
CIRCLE
  8
MIX
 10
-160.4590
 20
-140.5520
 40
0.2960
  0
CIRCLE
  8
MIX
 10
-30.1687
 20
-174.4677
 40
0.5325
  0
CIRCLE
  8
MIX
 10
55.6392
 20
-103.3834
 40
0.5279
  0
CIRCLE
  8
MIX
 10
282.4365
 20
85.5774
 40
0.7763
  0
CIRCLE
  8
MIX
 10
-24.6860
 20
-38.0104
 40
0.2528
  0
CIRCLE
  8
MIX
 10
278.8401
 20
-190.5572
 40
0.7112
  0
CIRCLE
  8
MIX
 10
220.7038
 20
-116.0988
 40
0.3776
  0
CIRCLE
  8
MIX
 10
187.9016
 20
-186.7693
 40
0.6218
  0
CIRCLE
  8
MIX
 10
13.6430
 20
-164.9272
 40
0.2803
  0
CIRCLE
  8
MIX
 10
-167.3067
 20
-120.0222
 40
0.6862
  0
CIRCLE
  8
MIX
 10
-28.8306
 20
56.5278
 40
0.9907
  0
CIRCLE
  8
MIX
 10
63.5859
 20
-184.3452
 40
0.8189
  0
CIRCLE
  8
MIX
 10
232.3646
 20
118.0825
 40
0.9291
  0
CIRCLE
  8
MIX
 10
152.3512
 20
-194.6274
 40
0.5106
  0
CIRCLE
  8
MIX
 10
32.7361
 20
179.6709
 40
0.8656
  0
CIRCLE
  8
MIX
 10
43.5204
 20
-157.4832
 40
0.2385
  0
CIRCLE
  8
MIX
 10
-132.3178
 20
68.7143
 40
0.4884
  0
CIRCLE
  8
MIX
 10
-235.6681
 20
16.7571
 40
0.6435
  0
CIRCLE
  8
MIX
 10
-270.7448
 20
-77.9508
 40
0.6377
  0
CIRCLE
  8
MIX
 10
28.9223
 20
-115.6852
 40
0.1825
  0
CIRCLE
  8
MIX
 10
-208.2911
 20
137.8217
 40
0.7868
  0
CIRCLE
  8
MIX
 10
272.1954
 20
191.7878
 40
0.3182
  0
CIRCLE
  8
MIX
 10
-77.5697
 20
-155.5061
 40
0.5129
  0
CIRCLE
  8
MIX
 10
110.3127
 20
-150.5433
 40
0.2910
  0
CIRCLE
  8
MIX
 10
77.0605
 20
21.9398
 40
0.3006
  0
CIRCLE
  8
MIX
 10
-285.7828
 20
-142.4049
 40
0.4787
  0
CIRCLE
  8
MIX
 10
-147.8373
 20
114.7864
 40
0.6927
  0
CIRCLE
  8
MIX
 10
-283.7050
 20
-73.8756
 40
0.7304
  0
CIRCLE
  8
MIX
 10
136.9378
 20
151.9209
 40
0.3103
  0
CIRCLE
  8
MIX
 10
144.4425
 20
50.2358
 40
0.1518
  0
CIRCLE
  8
MIX
 10
138.4788
 20
129.7028
 40
0.5706
  0
CIRCLE
  8
MIX
 10
-141.3199
 20
178.6104
 40
0.1693
  0
CIRCLE
  8
MIX
 10
-15.8661
 20
-48.8773
 40
0.9675
  0
CIRCLE
  8
MIX
 10
29.3059
 20
192.8360
 40
0.2038
  0
CIRCLE
  8
MIX
 10
-279.0226
 20
80.2036
 40
0.5487
  0
CIRCLE
  8
MIX
 10
158.6476
 20
72.8147
 40
0.7253
  0
CIRCLE
  8
MIX
 10
267.4050
 20
41.5832
 40
0.2624
  0
CIRCLE
  8
MIX
 10
167.0047
 20
149.6135
 40
0.7986
  0
CIRCLE
  8
MIX
 10
176.7335
 20
-159.2958
 40
0.5534
  0
CIRCLE
  8
MIX
 10
-256.3707
 20
-9.4108
 40
0.8906
  0
CIRCLE
  8
MIX
 10
218.6424
 20
171.6221
 40
0.8058
  0
CIRCLE
  8
MIX
 10
211.8148
 20
57.9667
 40
0.5553
  0
CIRCLE
  8
MIX
 10
-117.4032
 20
118.3661
 40
0.7993
  0
CIRCLE
  8
MIX
 10
189.6032
 20
-32.3827
 40
0.3701
  0
CIRCLE
  8
MIX
 10
19.2820
 20
43.3058
 40
0.8642
  0
CIRCLE
  8
MIX
 10
-239.4658
 20
95.8164
 40
0.7240
  0
CIRCLE
  8
MIX
 10
-277.1772
 20
73.3448
 40
0.5807
  0
CIRCLE
  8
MIX
 10
128.4842
 20
54.5163
 40
0.3872
  0
CIRCLE
  8
MIX
 10
229.3900
 20
-116.7877
 40
0.9125
  0
CIRCLE
  8
MIX
 10
-36.7559
 20
-193.6095
 40
0.2751
  0
CIRCLE
  8
MIX
 10
-142.0277
 20
-144.0681
 40
0.6389
  0
CIRCLE
  8
MIX
 10
-244.6989
 20
-124.1502
 40
0.4439
  0
CIRCLE
  8
MIX
 10
67.8623
 20
134.9351
 40
0.4436
  0
CIRCLE
  8
MIX
 10
145.5725
 20
-82.3635
 40
0.5241
  0
CIRCLE
  8
MIX
 10
-183.9810
 20
-68.4704
 40
0.6359
  0
CIRCLE
  8
MIX
 10
134.8457
 20
-163.2623
 40
0.5891
  0
CIRCLE
  8
MIX
 10
167.1739
 20
-153.2375
 40
0.9978
  0
CIRCLE
  8
MIX
 10
154.6508
 20
38.4505
 40
0.9345
  0
CIRCLE
  8
MIX
 10
-288.3987
 20
179.3944
 40
0.6816
  0
CIRCLE
  8
MIX
 10
202.4822
 20
-8.2481
 40
0.8310
  0
CIRCLE
  8
MIX
 10
-208.8832
 20
152.9706
 40
0.3529
  0
CIRCLE
  8
MIX
 10
-34.0518
 20
-151.0890
 40
0.4720
  0
CIRCLE
  8
MIX
 10
104.3555
 20
-3.9116
 40
0.9952
  0
CIRCLE
  8
MIX
 10
-41.1962
 20
-194.2165
 40
0.7997
  0
CIRCLE
  8
MIX
 10
38.9643
 20
-57.8334
 40
0.6370
  0
CIRCLE
  8
MIX
 10
183.1725
 20
-103.2972
 40
0.6028
  0
CIRCLE
  8
MIX
 10
72.2696
 20
49.5743
 40
0.9990
  0
CIRCLE
  8
MIX
 10
-227.1746
 20
-108.4285
 40
0.6433
  0
CIRCLE
  8
MIX
 10
74.4977
 20
-138.8795
 40
0.8548
  0
CIRCLE
  8
MIX
 10
278.4258
 20
-133.0792
 40
0.5080
  0
CIRCLE
  8
MIX
 10
-139.0065
 20
-105.1067
 40
0.4241
  0
CIRCLE
  8
MIX
 10
163.3977
 20
-16.4217
 40
0.3156
  0
CIRCLE
  8
MIX
 10
263.3345
 20
187.5228
 40
0.8407
  0
CIRCLE
  8
MIX
 10
-25.1997
 20
187.4399
 40
0.1588
  0
CIRCLE
  8
MIX
 10
15.0436
 20
-102.6380
 40
0.3265
  0
CIRCLE
  8
MIX
 10
233.5329
 20
82.9005
 40
0.7875
  0
CIRCLE
  8
MIX
 10
-153.0061
 20
140.1056
 40
0.7272
  0
CIRCLE
  8
MIX
 10
28.6040
 20
157.0387
 40
0.9729
  0
CIRCLE
  8
MIX
 10
-188.1601
 20
114.2260
 40
0.6435
  0
CIRCLE
  8
MIX
 10
-282.6732
 20
-187.0975
 40
0.9404
  0
CIRCLE
  8
MIX
 10
87.1399
 20
149.5635
 40
0.8444
  0
CIRCLE
  8
MIX
 10
143.4025
 20
18.4647
 40
0.9969
  0
CIRCLE
  8
MIX
 10
-115.4877
 20
-99.2906
 40
0.6887
  0
CIRCLE
  8
MIX
 10
-135.8331
 20
190.2605
 40
0.4749
  0
CIRCLE
  8
MIX
 10
-81.5648
 20
-161.2855
 40
0.5871
  0
CIRCLE
  8
MIX
 10
-286.9358
 20
163.6282
 40
0.6862
  0
CIRCLE
  8
MIX
 10
54.4140
 20
-138.6054
 40
0.9146
  0
CIRCLE
  8
MIX
 10
-140.0877
 20
121.1033
 40
0.8914
  0
CIRCLE
  8
MIX
 10
-236.5517
 20
-134.6653
 40
0.3164
  0
CIRCLE
  8
MIX
 10
-284.0019
 20
-176.8868
 40
0.9261
  0
CIRCLE
  8
MIX
 10
209.2797
 20
162.8727
 40
0.4432
  0
CIRCLE
  8
MIX
 10
-60.2651
 20
16.9392
 40
0.4262
  0
CIRCLE
  8
MIX
 10
-41.9529
 20
-13.8919
 40
0.5827
  0
CIRCLE
  8
MIX
 10
247.7690
 20
127.1915
 40
0.8667
  0
CIRCLE
  8
MIX
 10
-32.0350
 20
-51.3991
 40
0.5914
  0
CIRCLE
  8
MIX
 10
222.3072
 20
160.0551
 40
0.5010
  0
CIRCLE
  8
MIX
 10
0.7194
 20
-64.8741
 40
0.1846
  0
CIRCLE
  8
MIX
 10
274.2803
 20
-149.4714
 40
0.1635
  0
CIRCLE
  8
MIX
 10
247.7067
 20
61.9040
 40
0.3931
  0
CIRCLE
  8
MIX
 10
-69.9740
 20
-26.9240
 40
0.8685
  0
CIRCLE
  8
MIX
 10
-175.7443
 20
155.3744
 40
0.9546
  0
CIRCLE
  8
MIX
 10
-7.2897
 20
37.7683
 40
0.4481
  0
CIRCLE
  8
MIX
 10
114.8388
 20
168.0581
 40
0.2936
  0
CIRCLE
  8
MIX
 10
184.9581
 20
-137.6286
 40
0.1612
  0
CIRCLE
  8
MIX
 10
-136.7658
 20
6.6494
 40
0.3819
  0
CIRCLE
  8
MIX
 10
-7.6104
 20
-27.8159
 40
0.4209
  0
CIRCLE
  8
MIX
 10
294.9037
 20
-108.6062
 40
0.8691
  0
CIRCLE
  8
MIX
 10
-294.8032
 20
89.9980
 40
0.2775
  0
CIRCLE
  8
MIX
 10
-64.2579
 20
-151.6672
 40
0.3658
  0
CIRCLE
  8
MIX
 10
-37.1919
 20
-95.4161
 40
0.6377
  0
CIRCLE
  8
MIX
 10
233.0955
 20
128.3571
 40
0.8469
  0
CIRCLE
  8
MIX
 10
161.3155
 20
-96.1354
 40
0.7120
  0
CIRCLE
  8
MIX
 10
202.7750
 20
-59.5294
 40
0.4603
  0
CIRCLE
  8
MIX
 10
-9.0625
 20
24.6568
 40
0.4858
  0
CIRCLE
  8
MIX
 10
80.9724
 20
112.4632
 40
0.8288
  0
CIRCLE
  8
MIX
 10
-102.3930
 20
-39.1938
 40
0.8128
  0
CIRCLE
  8
MIX
 10
93.7473
 20
-168.4107
 40
0.5004
  0
CIRCLE
  8
MIX
 10
115.0588
 20
171.9481
 40
0.8686
  0
CIRCLE
  8
MIX
 10
-189.6235
 20
42.0845
 40
0.8428
  0
CIRCLE
  8
MIX
 10
-142.2049
 20
-37.7422
 40
0.3240
  0
CIRCLE
  8
MIX
 10
231.5552
 20
146.6873
 40
0.5244
  0
CIRCLE
  8
MIX
 10
-2.7200
 20
-91.3489
 40
0.1955
  0
CIRCLE
  8
MIX
 10
-249.5019
 20
167.0059
 40
0.6765
  0
CIRCLE
  8
MIX
 10
-170.0940
 20
-2.7889
 40
0.8967
  0
CIRCLE
  8
MIX
 10
-294.3732
 20
-86.1591
 40
0.7806
  0
CIRCLE
  8
MIX
 10
281.9338
 20
-58.5969
 40
0.5962
  0
CIRCLE
  8
MIX
 10
59.0218
 20
-95.3108
 40
0.4669
  0
CIRCLE
  8
MIX
 10
-0.0115
 20
-147.8546
 40
0.6241
  0
CIRCLE
  8
MIX
 10
216.3985
 20
-77.1405
 40
0.7827
  0
CIRCLE
  8
MIX
 10
-167.9591
 20
-165.7280
 40
0.9056
  0
CIRCLE
  8
MIX
 10
-116.7079
 20
-27.8195
 40
0.3002
  0
CIRCLE
  8
MIX
 10
89.3682
 20
102.6185
 40
0.4373
  0
CIRCLE
  8
MIX
 10
-0.3449
 20
184.4304
 40
0.2033
  0
CIRCLE
  8
MIX
 10
-148.9724
 20
20.1224
 40
0.9885
  0
CIRCLE
  8
MIX
 10
212.4368
 20
184.6002
 40
0.5458
  0
CIRCLE
  8
MIX
 10
-144.8754
 20
26.2042
 40
0.8151
  0
CIRCLE
  8
MIX
 10
264.1692
 20
33.1888
 40
0.5685
  0
CIRCLE
  8
MIX
 10
231.8850
 20
-67.4517
 40
0.7515
  0
CIRCLE
  8
MIX
 10
-33.6163
 20
-193.8473
 40
0.8285
  0
CIRCLE
  8
MIX
 10
-281.5209
 20
51.4661
 40
0.8450
  0
CIRCLE
  8
MIX
 10
-28.9192
 20
-136.8490
 40
0.3445
  0
CIRCLE
  8
MIX
 10
-269.0435
 20
-124.4411
 40
0.5594
  0
CIRCLE
  8
MIX
 10
-57.2899
 20
124.5930
 40
0.2132
  0
CIRCLE
  8
MIX
 10
-9.2203
 20
-117.3462
 40
0.1895
  0
CIRCLE
  8
MIX
 10
-81.5488
 20
168.9487
 40
0.2285
  0
CIRCLE
  8
MIX
 10
58.5421
 20
13.2067
 40
0.8544
  0
CIRCLE
  8
MIX
 10
37.2621
 20
145.0875
 40
0.7556
  0
CIRCLE
  8
MIX
 10
-178.2285
 20
14.8088
 40
0.6931
  0
CIRCLE
  8
MIX
 10
219.4310
 20
1.3011
 40
0.1836
  0
CIRCLE
  8
MIX
 10
113.5069
 20
-193.6564
 40
0.8964
  0
CIRCLE
  8
MIX
 10
229.4801
 20
-105.5926
 40
0.8442
  0
CIRCLE
  8
MIX
 10
239.8393
 20
118.9685
 40
0.5366
  0
CIRCLE
  8
MIX
 10
-252.5216
 20
-129.8365
 40
0.7818
  0
CIRCLE
  8
MIX
 10
-75.9199
 20
-141.3054
 40
0.3707
  0
CIRCLE
  8
MIX
 10
188.3694
 20
-108.6088
 40
0.8854
  0
CIRCLE
  8
MIX
 10
18.9112
 20
62.1550
 40
0.6215
  0
CIRCLE
  8
MIX
 10
-72.9339
 20
-106.0113
 40
0.5949
  0
CIRCLE
  8
MIX
 10
-67.9661
 20
139.4339
 40
0.3824
  0
CIRCLE
  8
MIX
 10
-269.9474
 20
-35.3854
 40
0.9588
  0
CIRCLE
  8
MIX
 10
-48.2913
 20
161.8372
 40
0.7932
  0
CIRCLE
  8
MIX
 10
203.3139
 20
178.5388
 40
0.4957
  0
CIRCLE
  8
MIX
 10
-157.5717
 20
54.4539
 40
0.7848
  0
CIRCLE
  8
MIX
 10
292.8418
 20
13.2041
 40
0.2438
  0
CIRCLE
  8
MIX
 10
134.0330
 20
-190.4478
 40
0.4846
  0
CIRCLE
  8
MIX
 10
-41.0157
 20
73.6865
 40
0.6597
  0
CIRCLE
  8
MIX
 10
-213.8903
 20
183.5119
 40
0.5597
  0
CIRCLE
  8
MIX
 10
220.7676
 20
41.7341
 40
0.7940
  0
CIRCLE
  8
MIX
 10
-60.2264
 20
33.3751
 40
0.9388
  0
CIRCLE
  8
MIX
 10
112.2797
 20
171.6407
 40
0.2817
  0
CIRCLE
  8
MIX
 10
-242.8488
 20
-154.5558
 40
0.7465
  0
CIRCLE
  8
MIX
 10
-48.4974
 20
115.1419
 40
0.8108
  0
CIRCLE
  8
MIX
 10
41.3266
 20
163.9234
 40
0.6434
  0
CIRCLE
  8
MIX
 10
283.8766
 20
185.0364
 40
0.2453
  0
CIRCLE
  8
MIX
 10
72.4218
 20
58.6332
 40
0.4899
  0
CIRCLE
  8
MIX
 10
-130.3830
 20
-95.3989
 40
0.3943
  0
CIRCLE
  8
MIX
 10
225.1116
 20
23.5843
 40
0.6839
  0
CIRCLE
  8
MIX
 10
106.6368
 20
78.3253
 40
0.9098
  0
CIRCLE
  8
MIX
 10
-4.5284
 20
-181.0835
 40
0.1515
  0
CIRCLE
  8
MIX
 10
-158.8962
 20
30.2886
 40
0.6701
  0
CIRCLE
  8
MIX
 10
26.8726
 20
143.6525
 40
0.6002
  0
CIRCLE
  8
MIX
 10
-23.5689
 20
-69.0959
 40
0.3541
  0
CIRCLE
  8
MIX
 10
221.9216
 20
-57.8751
 40
0.3557
  0
CIRCLE
  8
MIX
 10
-289.8888
 20
191.9839
 40
0.5718
  0
CIRCLE
  8
MIX
 10
66.4528
 20
119.0648
 40
0.6020
  0
CIRCLE
  8
MIX
 10
-212.4857
 20
55.4190
 40
0.5411
  0
CIRCLE
  8
MIX
 10
-121.4557
 20
53.4365
 40
0.7155
  0
CIRCLE
  8
MIX
 10
-256.1812
 20
193.4383
 40
0.2283
  0
CIRCLE
  8
MIX
 10
-103.2716
 20
85.4208
 40
0.9281
  0
CIRCLE
  8
MIX
 10
-199.1119
 20
-30.3162
 40
0.3912
  0
CIRCLE
  8
MIX
 10
223.2232
 20
-149.2654
 40
0.7075
  0
CIRCLE
  8
MIX
 10
-283.6031
 20
21.4506
 40
0.7840
  0
CIRCLE
  8
MIX
 10
276.3909
 20
-32.0245
 40
0.6058
  0
CIRCLE
  8
MIX
 10
-170.9102
 20
85.6478
 40
0.2302
  0
CIRCLE
  8
MIX
 10
-202.0207
 20
-25.8422
 40
0.4928
  0
CIRCLE
  8
MIX
 10
-252.0158
 20
15.5876
 40
0.2526
  0
CIRCLE
  8
MIX
 10
-218.7359
 20
-72.7074
 40
0.8439
  0
CIRCLE
  8
MIX
 10
-294.1554
 20
33.8531
 40
0.8499
  0
CIRCLE
  8
MIX
 10
-287.7490
 20
-40.9719
 40
0.7532
  0
CIRCLE
  8
MIX
 10
-180.3764
 20
19.4865
 40
0.7312
  0
CIRCLE
  8
MIX
 10
153.8440
 20
161.2450
 40
0.8670
  0
CIRCLE
  8
MIX
 10
174.0183
 20
-173.1831
 40
0.3951
  0
CIRCLE
  8
MIX
 10
268.6155
 20
-85.6541
 40
0.1880
  0
CIRCLE
  8
MIX
 10
-99.9080
 20
109.6774
 40
0.2271
  0
CIRCLE
  8
MIX
 10
275.7486
 20
-21.9491
 40
0.7742
  0
CIRCLE
  8
MIX
 10
80.3087
 20
119.7775
 40
0.3670
  0
CIRCLE
  8
MIX
 10
-61.8610
 20
-105.9614
 40
0.7923
  0
CIRCLE
  8
MIX
 10
-34.4384
 20
-157.1384
 40
0.5722
  0
CIRCLE
  8
MIX
 10
242.7657
 20
150.0325
 40
0.9295
  0
CIRCLE
  8
MIX
 10
220.1124
 20
-27.7593
 40
0.1566
  0
CIRCLE
  8
MIX
 10
-272.4562
 20
93.1511
 40
0.8617
  0
CIRCLE
  8
MIX
 10
78.0321
 20
177.5857
 40
0.4282
  0
CIRCLE
  8
MIX
 10
147.1853
 20
-117.2159
 40
0.5665
  0
CIRCLE
  8
MIX
 10
281.0049
 20
68.7650
 40
0.7466
  0
CIRCLE
  8
MIX
 10
-244.6213
 20
126.1646
 40
0.2934
  0
CIRCLE
  8
MIX
 10
-196.5316
 20
-58.7528
 40
0.6087
  0
CIRCLE
  8
MIX
 10
-292.8943
 20
-180.5610
 40
0.4168
  0
CIRCLE
  8
MIX
 10
-181.7281
 20
52.4222
 40
0.3968
  0
CIRCLE
  8
MIX
 10
-70.6189
 20
129.6322
 40
0.6799
  0
CIRCLE
  8
MIX
 10
85.5842
 20
-31.6307
 40
0.9186
  0
CIRCLE
  8
MIX
 10
-132.6018
 20
74.7210
 40
0.9926
  0
CIRCLE
  8
MIX
 10
-259.0717
 20
-120.6289
 40
0.4019
  0
CIRCLE
  8
MIX
 10
-197.7822
 20
-3.6816
 40
0.9650
  0
CIRCLE
  8
MIX
 10
-223.7936
 20
151.0836
 40
0.4392
  0
CIRCLE
  8
MIX
 10
122.0211
 20
38.4682
 40
0.4831
  0
CIRCLE
  8
MIX
 10
-98.3366
 20
87.9828
 40
0.3351
  0
CIRCLE
  8
MIX
 10
57.7929
 20
-126.9702
 40
0.9072
  0
CIRCLE
  8
MIX
 10
-31.8399
 20
187.7562
 40
0.8595
  0
CIRCLE
  8
MIX
 10
-237.6322
 20
-136.6824
 40
0.8969
  0
CIRCLE
  8
MIX
 10
-110.8506
 20
-29.0468
 40
0.8669
  0
CIRCLE
  8
MIX
 10
115.3084
 20
179.3249
 40
0.3713
  0
CIRCLE
  8
MIX
 10
71.6099
 20
190.6970
 40
0.9803
  0
CIRCLE
  8
MIX
 10
-248.6625
 20
-153.7629
 40
0.9078
  0
CIRCLE
  8
MIX
 10
-203.8499
 20
-146.1579
 40
0.3741
  0
CIRCLE
  8
MIX
 10
203.2675
 20
-10.7100
 40
0.7437
  0
CIRCLE
  8
MIX
 10
-40.2041
 20
-151.1124
 40
0.6927
  0
CIRCLE
  8
MIX
 10
-142.1831
 20
-41.4075
 40
0.1877
  0
CIRCLE
  8
MIX
 10
-198.1311
 20
-161.5246
 40
0.8761
  0
CIRCLE
  8
MIX
 10
30.6058
 20
-166.4303
 40
0.7405
  0
CIRCLE
  8
MIX
 10
-204.8978
 20
106.6668
 40
0.8581
  0
CIRCLE
  8
MIX
 10
141.2591
 20
24.4373
 40
0.4839
  0
CIRCLE
  8
MIX
 10
61.9714
 20
44.6475
 40
0.1641
  0
CIRCLE
  8
MIX
 10
47.1392
 20
-36.1624
 40
0.5556
  0
CIRCLE
  8
MIX
 10
61.3941
 20
-185.6896
 40
0.3903
  0
CIRCLE
  8
MIX
 10
241.0470
 20
71.7128
 40
0.1731
  0
CIRCLE
  8
MIX
 10
-255.2777
 20
168.5631
 40
0.9627
  0
CIRCLE
  8
MIX
 10
-219.4836
 20
136.8975
 40
0.6672
  0
CIRCLE
  8
MIX
 10
-96.4370
 20
-108.5572
 40
0.7675
  0
CIRCLE
  8
MIX
 10
250.3306
 20
186.0456
 40
0.7008
  0
CIRCLE
  8
MIX
 10
246.6724
 20
-118.5463
 40
0.3856
  0
CIRCLE
  8
MIX
 10
-168.1385
 20
150.5995
 40
0.7497
  0
CIRCLE
  8
MIX
 10
-159.7842
 20
49.2190
 40
0.5740
  0
CIRCLE
  8
MIX
 10
169.0236
 20
171.8305
 40
0.3892
  0
CIRCLE
  8
MIX
 10
216.3345
 20
-163.1921
 40
0.7270
  0
CIRCLE
  8
MIX
 10
247.2967
 20
168.7609
 40
0.3093
  0
CIRCLE
  8
MIX
 10
-129.5544
 20
-167.7877
 40
0.5006
  0
CIRCLE
  8
MIX
 10
-54.3523
 20
-89.7145
 40
0.8195
  0
CIRCLE
  8
MIX
 10
-190.7158
 20
129.6527
 40
0.6013
  0
CIRCLE
  8
MIX
 10
77.5308
 20
67.2783
 40
0.5415
  0
CIRCLE
  8
MIX
 10
220.6231
 20
-54.0522
 40
0.5524
  0
CIRCLE
  8
MIX
 10
52.7125
 20
-60.8321
 40
0.4238
  0
CIRCLE
  8
MIX
 10
33.1248
 20
-123.6778
 40
0.6713
  0
CIRCLE
  8
MIX
 10
282.7015
 20
-41.3815
 40
0.5275
  0
CIRCLE
  8
MIX
 10
-117.8562
 20
31.0173
 40
0.5437
  0
CIRCLE
  8
MIX
 10
-114.6822
 20
23.8374
 40
0.4927
  0
CIRCLE
  8
MIX
 10
-144.2472
 20
-171.8467
 40
0.8268
  0
CIRCLE
  8
MIX
 10
44.6597
 20
-43.1243
 40
0.8674
  0
CIRCLE
  8
MIX
 10
186.0709
 20
159.7134
 40
0.9280
  0
CIRCLE
  8
MIX
 10
-172.3342
 20
-75.6459
 40
0.7825
  0
CIRCLE
  8
MIX
 10
-54.6387
 20
-12.4564
 40
0.9558
  0
CIRCLE
  8
MIX
 10
-146.1179
 20
170.5833
 40
0.2192
  0
CIRCLE
  8
MIX
 10
-284.3907
 20
-123.8782
 40
0.5933
  0
CIRCLE
  8
MIX
 10
147.1714
 20
128.3002
 40
0.5786
  0
CIRCLE
  8
MIX
 10
-214.3806
 20
-10.1892
 40
0.8694
  0
CIRCLE
  8
MIX
 10
253.2006
 20
155.4659
 40
0.3896
  0
CIRCLE
  8
MIX
 10
192.3495
 20
105.6065
 40
0.5716
  0
CIRCLE
  8
MIX
 10
200.8576
 20
124.0104
 40
0.2494
  0
CIRCLE
  8
MIX
 10
-15.5345
 20
69.2900
 40
0.4715
  0
CIRCLE
  8
MIX
 10
165.5353
 20
-15.6786
 40
0.3461
  0
CIRCLE
  8
MIX
 10
197.2188
 20
194.6288
 40
0.9404
  0
CIRCLE
  8
MIX
 10
-36.2771
 20
173.9017
 40
0.4474
  0
CIRCLE
  8
MIX
 10
59.9498
 20
-156.8932
 40
0.8365
  0
CIRCLE
  8
MIX
 10
207.8190
 20
-173.7811
 40
0.7466
  0
CIRCLE
  8
MIX
 10
-97.9236
 20
86.8343
 40
0.7172
  0
CIRCLE
  8
MIX
 10
283.7701
 20
-127.4135
 40
0.7908
  0
CIRCLE
  8
MIX
 10
-18.4327
 20
141.0641
 40
0.4833
  0
CIRCLE
  8
MIX
 10
168.3011
 20
192.2004
 40
0.2057
  0
CIRCLE
  8
MIX
 10
162.8913
 20
-103.6521
 40
0.7741
  0
CIRCLE
  8
MIX
 10
-256.6186
 20
-160.5400
 40
0.2829
  0
CIRCLE
  8
MIX
 10
-119.4858
 20
45.0788
 40
0.2622
  0
CIRCLE
  8
MIX
 10
179.4170
 20
129.6744
 40
0.6453
  0
CIRCLE
  8
MIX
 10
270.4389
 20
-135.7873
 40
0.8739
  0
CIRCLE
  8
MIX
 10
-128.2705
 20
-169.5535
 40
0.4533
  0
CIRCLE
  8
MIX
 10
-282.6905
 20
-173.3920
 40
0.9405
  0
CIRCLE
  8
MIX
 10
73.4120
 20
-187.3123
 40
0.3960
  0
CIRCLE
  8
MIX
 10
129.4554
 20
-21.0883
 40
0.2035
  0
CIRCLE
  8
MIX
 10
67.9115
 20
8.5941
 40
0.7270
  0
CIRCLE
  8
MIX
 10
-189.7835
 20
-4.5002
 40
0.9530
  0
CIRCLE
  8
MIX
 10
-37.0934
 20
130.2646
 40
0.8987
  0
CIRCLE
  8
MIX
 10
-47.8140
 20
-93.0917
 40
0.1577
  0
CIRCLE
  8
MIX
 10
-120.5080
 20
-171.7954
 40
0.6056
  0
CIRCLE
  8
MIX
 10
-117.0974
 20
128.7082
 40
0.5067
  0
CIRCLE
  8
MIX
 10
73.5906
 20
-130.0012
 40
0.5742
  0
CIRCLE
  8
MIX
 10
287.2659
 20
74.1439
 40
0.8985
  0
CIRCLE
  8
MIX
 10
26.1448
 20
102.1851
 40
0.7180
  0
CIRCLE
  8
MIX
 10
-105.2251
 20
172.3082
 40
0.8017
  0
CIRCLE
  8
MIX
 10
-78.7666
 20
-130.9119
 40
0.8563
  0
CIRCLE
  8
MIX
 10
189.8704
 20
-135.5692
 40
0.6419
  0
CIRCLE
  8
MIX
 10
-246.9205
 20
-22.6887
 40
0.3233
  0
CIRCLE
  8
MIX
 10
-277.5706
 20
85.2499
 40
0.3091
  0
CIRCLE
  8
MIX
 10
170.1986
 20
-90.0037
 40
0.5098
  0
CIRCLE
  8
MIX
 10
-105.9282
 20
15.6759
 40
0.2495
  0
CIRCLE
  8
MIX
 10
193.9403
 20
-152.9132
 40
0.3233
  0
CIRCLE
  8
MIX
 10
-224.3495
 20
128.2873
 40
0.6705
  0
CIRCLE
  8
MIX
 10
185.6497
 20
72.9332
 40
0.6782
  0
CIRCLE
  8
MIX
 10
-106.6586
 20
109.8751
 40
0.8253
  0
CIRCLE
  8
MIX
 10
117.8658
 20
-23.1109
 40
0.8686
  0
CIRCLE
  8
MIX
 10
206.3995
 20
6.5218
 40
0.3552
  0
CIRCLE
  8
MIX
 10
-73.3651
 20
122.3376
 40
0.1805
  0
CIRCLE
  8
MIX
 10
-159.8671
 20
187.8141
 40
0.2955
  0
CIRCLE
  8
MIX
 10
230.3955
 20
21.0870
 40
0.9148
  0
CIRCLE
  8
MIX
 10
204.2278
 20
-51.0049
 40
0.5432
  0
CIRCLE
  8
MIX
 10
-217.7617
 20
59.5514
 40
0.9538
  0
CIRCLE
  8
MIX
 10
-209.5138
 20
114.4136
 40
0.4710
  0
CIRCLE
  8
MIX
 10
42.9125
 20
126.8188
 40
0.7126
  0
CIRCLE
  8
MIX
 10
-243.4455
 20
-16.2288
 40
0.5192
  0
CIRCLE
  8
MIX
 10
-82.0155
 20
98.8739
 40
0.6119
  0
CIRCLE
  8
MIX
 10
124.5871
 20
-124.3428
 40
0.8216
  0
CIRCLE
  8
MIX
 10
-59.6925
 20
-165.8818
 40
0.9890
  0
CIRCLE
  8
MIX
 10
57.2439
 20
101.9439
 40
0.2450
  0
CIRCLE
  8
MIX
 10
-185.3144
 20
79.1807
 40
0.5135
  0
CIRCLE
  8
MIX
 10
-280.7773
 20
-106.9619
 40
0.6617
  0
CIRCLE
  8
MIX
 10
131.5548
 20
147.0750
 40
0.6524
  0
CIRCLE
  8
MIX
 10
221.9221
 20
-90.9922
 40
0.9968
  0
CIRCLE
  8
MIX
 10
156.9163
 20
78.2983
 40
0.3623
  0
CIRCLE
  8
MIX
 10
-86.9322
 20
-143.5367
 40
0.4243
  0
CIRCLE
  8
MIX
 10
262.8837
 20
-84.2814
 40
0.3804
  0
CIRCLE
  8
MIX
 10
63.4685
 20
67.0300
 40
0.4825
  0
CIRCLE
  8
MIX
 10
83.3054
 20
-97.6810
 40
0.9340
  0
CIRCLE
  8
MIX
 10
270.7416
 20
-158.4478
 40
0.7756
  0
CIRCLE
  8
MIX
 10
228.2375
 20
93.3121
 40
0.3212
  0
CIRCLE
  8
MIX
 10
96.1213
 20
-163.9405
 40
0.5289
  0
CIRCLE
  8
MIX
 10
215.8319
 20
-2.9553
 40
0.3990
  0
CIRCLE
  8
MIX
 10
176.5710
 20
-127.7329
 40
0.4463
  0
CIRCLE
  8
MIX
 10
56.7029
 20
-11.2569
 40
0.9687
  0
CIRCLE
  8
MIX
 10
261.6334
 20
38.2135
 40
0.8010
  0
CIRCLE
  8
MIX
 10
-239.6881
 20
-106.2522
 40
0.7383
  0
CIRCLE
  8
MIX
 10
-66.0016
 20
134.8136
 40
0.8805
  0
CIRCLE
  8
MIX
 10
1.6011
 20
-141.2993
 40
0.5423
  0
CIRCLE
  8
MIX
 10
-244.0833
 20
-97.1239
 40
0.8940
  0
CIRCLE
  8
MIX
 10
-134.7356
 20
-143.5645
 40
0.3707
  0
CIRCLE
  8
MIX
 10
61.5722
 20
-46.2528
 40
0.7301
  0
CIRCLE
  8
MIX
 10
-109.0740
 20
-190.6758
 40
0.4799
  0
CIRCLE
  8
MIX
 10
39.6122
 20
-153.5520
 40
0.4117
  0
CIRCLE
  8
MIX
 10
-238.6564
 20
-107.1945
 40
0.5386
  0
CIRCLE
  8
MIX
 10
131.4556
 20
76.2259
 40
0.1956
  0
CIRCLE
  8
MIX
 10
43.8175
 20
-7.9870
 40
0.4772
  0
CIRCLE
  8
MIX
 10
-158.9767
 20
-184.9154
 40
0.6694
  0
CIRCLE
  8
MIX
 10
228.5258
 20
-153.9192
 40
0.7216
  0
CIRCLE
  8
MIX
 10
-28.6060
 20
135.3431
 40
0.7894
  0
CIRCLE
  8
MIX
 10
-137.2426
 20
-136.9171
 40
0.6306
  0
CIRCLE
  8
MIX
 10
164.8501
 20
173.8599
 40
0.1872
  0
CIRCLE
  8
MIX
 10
-266.7636
 20
189.9107
 40
0.4231
  0
CIRCLE
  8
MIX
 10
-143.9248
 20
128.4813
 40
0.9740
  0
CIRCLE
  8
MIX
 10
-53.8241
 20
-68.0411
 40
0.6170
  0
CIRCLE
  8
MIX
 10
-144.8386
 20
-159.2065
 40
0.3608
  0
CIRCLE
  8
MIX
 10
142.6067
 20
-166.4738
 40
0.4510
  0
CIRCLE
  8
MIX
 10
148.8231
 20
121.6224
 40
0.4508
  0
CIRCLE
  8
MIX
 10
291.1554
 20
-132.4104
 40
0.7172
  0
CIRCLE
  8
MIX
 10
-273.9565
 20
-180.8213
 40
0.7255
  0
CIRCLE
  8
MIX
 10
278.0470
 20
-80.6641
 40
0.6369
  0
CIRCLE
  8
MIX
 10
-30.4397
 20
-4.4477
 40
0.8021
  0
CIRCLE
  8
MIX
 10
-159.0808
 20
-102.2278
 40
0.5678
  0
CIRCLE
  8
MIX
 10
-61.6389
 20
-193.3520
 40
0.2012
  0
CIRCLE
  8
MIX
 10
115.3236
 20
170.1517
 40
0.7153
  0
CIRCLE
  8
MIX
 10
69.9774
 20
74.8981
 40
0.8124
  0
CIRCLE
  8
MIX
 10
-23.2065
 20
151.0752
 40
0.4473
  0
CIRCLE
  8
MIX
 10
-213.9302
 20
-65.5839
 40
0.7334
  0
CIRCLE
  8
MIX
 10
-206.6732
 20
-111.7694
 40
0.4563
  0
CIRCLE
  8
MIX
 10
51.8479
 20
165.9342
 40
0.5192
  0
CIRCLE
  8
MIX
 10
99.3292
 20
-193.9539
 40
0.9801
  0
CIRCLE
  8
MIX
 10
-89.4833
 20
-4.8658
 40
0.8183
  0
CIRCLE
  8
MIX
 10
-281.2817
 20
-86.6800
 40
0.6744
  0
CIRCLE
  8
MIX
 10
-170.5765
 20
184.0959
 40
0.4229
  0
CIRCLE
  8
MIX
 10
288.2712
 20
57.3919
 40
0.9665
  0
CIRCLE
  8
MIX
 10
176.1667
 20
22.7963
 40
0.8276
  0
CIRCLE
  8
MIX
 10
88.6448
 20
91.8951
 40
0.3568
  0
CIRCLE
  8
MIX
 10
191.8508
 20
-102.8627
 40
0.5543
  0
CIRCLE
  8
MIX
 10
-223.9368
 20
-106.1805
 40
0.2710
  0
CIRCLE
  8
MIX
 10
-283.8079
 20
43.1337
 40
0.8202
  0
CIRCLE
  8
MIX
 10
218.7055
 20
-125.2252
 40
0.8820
  0
CIRCLE
  8
MIX
 10
-23.4565
 20
184.8712
 40
0.2783
  0
CIRCLE
  8
MIX
 10
-265.4250
 20
7.2241
 40
0.6773
  0
CIRCLE
  8
MIX
 10
51.3627
 20
127.9349
 40
0.8561
  0
CIRCLE
  8
MIX
 10
128.3612
 20
105.3038
 40
0.6752
  0
CIRCLE
  8
MIX
 10
49.4498
 20
-168.5712
 40
0.9837
  0
CIRCLE
  8
MIX
 10
289.7398
 20
-72.0874
 40
0.5915
  0
CIRCLE
  8
MIX
 10
90.6748
 20
131.7289
 40
0.6511
  0
CIRCLE
  8
MIX
 10
50.9719
 20
-34.7107
 40
0.6190
  0
CIRCLE
  8
MIX
 10
-196.8478
 20
0.9761
 40
0.6379
  0
CIRCLE
  8
MIX
 10
263.7893
 20
-194.4504
 40
0.3033
  0
CIRCLE
  8
MIX
 10
-152.8443
 20
-145.7306
 40
0.9367
  0
CIRCLE
  8
MIX
 10
-269.3488
 20
10.8784
 40
0.1655
  0
CIRCLE
  8
MIX
 10
-91.2641
 20
-117.1749
 40
0.2053
  0
CIRCLE
  8
MIX
 10
179.7743
 20
120.5133
 40
0.9364
  0
CIRCLE
  8
MIX
 10
-92.7190
 20
177.2572
 40
0.8140
  0
CIRCLE
  8
MIX
 10
253.1243
 20
-194.4351
 40
0.2212
  0
CIRCLE
  8
MIX
 10
-17.6351
 20
-53.1230
 40
0.7086
  0
CIRCLE
  8
MIX
 10
-81.9427
 20
-174.6499
 40
0.1961
  0
CIRCLE
  8
MIX
 10
-82.5564
 20
68.7384
 40
0.2653
  0
CIRCLE
  8
MIX
 10
242.7778
 20
-87.4881
 40
0.3978
  0
CIRCLE
  8
MIX
 10
182.5025
 20
-194.6656
 40
0.7327
  0
CIRCLE
  8
MIX
 10
-180.5345
 20
-148.9872
 40
0.3485
  0
CIRCLE
  8
MIX
 10
235.9101
 20
143.6158
 40
0.4137
  0
CIRCLE
  8
MIX
 10
-206.9121
 20
-126.6209
 40
0.7509
  0
CIRCLE
  8
MIX
 10
118.7138
 20
101.6215
 40
0.3486
  0
CIRCLE
  8
MIX
 10
164.7919
 20
-2.4274
 40
0.9362
  0
CIRCLE
  8
MIX
 10
-16.2965
 20
-126.2886
 40
0.4929
  0
CIRCLE
  8
MIX
 10
-167.3843
 20
-14.1588
 40
0.7017
  0
CIRCLE
  8
MIX
 10
-42.0124
 20
102.4482
 40
0.8584
  0
CIRCLE
  8
MIX
 10
155.3309
 20
44.0913
 40
0.1666
  0
CIRCLE
  8
MIX
 10
-227.1506
 20
-84.1836
 40
0.2680
  0
CIRCLE
  8
MIX
 10
263.7554
 20
66.9846
 40
0.1612
  0
CIRCLE
  8
MIX
 10
59.5155
 20
23.9559
 40
0.3890
  0
CIRCLE
  8
MIX
 10
174.1369
 20
117.3401
 40
0.4278
  0
CIRCLE
  8
MIX
 10
-14.5782
 20
161.1684
 40
0.9205
  0
CIRCLE
  8
MIX
 10
-83.5752
 20
-105.2285
 40
0.6533
  0
CIRCLE
  8
MIX
 10
-106.1342
 20
157.8839
 40
0.2346
  0
CIRCLE
  8
MIX
 10
192.6930
 20
-155.9453
 40
0.2169
  0
CIRCLE
  8
MIX
 10
-68.1711
 20
-95.2100
 40
0.3869
  0
CIRCLE
  8
MIX
 10
-116.1155
 20
-25.2429
 40
0.4057
  0
CIRCLE
  8
MIX
 10
247.4885
 20
-21.3081
 40
0.7252
  0
CIRCLE
  8
MIX
 10
-127.3224
 20
-93.5875
 40
0.2373
  0
CIRCLE
  8
MIX
 10
-28.2268
 20
98.1299
 40
0.8140
  0
CIRCLE
  8
MIX
 10
-287.1269
 20
-85.7511
 40
0.7559
  0
CIRCLE
  8
MIX
 10
28.4909
 20
-172.4228
 40
0.6736
  0
CIRCLE
  8
MIX
 10
-282.4846
 20
65.4198
 40
0.8485
  0
CIRCLE
  8
MIX
 10
126.3259
 20
43.4412
 40
0.3219
  0
CIRCLE
  8
MIX
 10
-184.7530
 20
71.0942
 40
0.8403
  0
CIRCLE
  8
MIX
 10
-65.3803
 20
164.3243
 40
0.4258
  0
CIRCLE
  8
MIX
 10
-26.5980
 20
1.8974
 40
0.7757
  0
CIRCLE
  8
MIX
 10
214.5512
 20
193.3361
 40
0.3368
  0
CIRCLE
  8
MIX
 10
163.3108
 20
-140.7155
 40
0.4641
  0
CIRCLE
  8
MIX
 10
169.3877
 20
-187.0764
 40
0.4672
  0
CIRCLE
  8
MIX
 10
174.4881
 20
159.7506
 40
0.6125
  0
CIRCLE
  8
MIX
 10
-236.8803
 20
-96.0466
 40
0.6834
  0
CIRCLE
  8
MIX
 10
-213.9728
 20
-61.4364
 40
0.8699
  0
CIRCLE
  8
MIX
 10
-252.7177
 20
-108.1024
 40
0.7116
  0
CIRCLE
  8
MIX
 10
161.9114
 20
-28.7882
 40
0.6242
  0
CIRCLE
  8
MIX
 10
-227.6529
 20
-144.8228
 40
0.9517
  0
CIRCLE
  8
MIX
 10
108.2932
 20
110.2273
 40
0.3524
  0
CIRCLE
  8
MIX
 10
-86.0057
 20
35.2712
 40
0.9237
  0
CIRCLE
  8
MIX
 10
161.3641
 20
8.7441
 40
0.6346
  0
CIRCLE
  8
MIX
 10
-132.9038
 20
-63.6567
 40
0.7261
  0
CIRCLE
  8
MIX
 10
130.4700
 20
146.3017
 40
0.7882
  0
CIRCLE
  8
MIX
 10
-247.3973
 20
-164.8759
 40
0.6022
  0
CIRCLE
  8
MIX
 10
158.8820
 20
-16.7082
 40
0.8543
  0
CIRCLE
  8
MIX
 10
-4.0199
 20
-29.1276
 40
0.1914
  0
CIRCLE
  8
MIX
 10
60.3544
 20
54.2880
 40
0.7766
  0
CIRCLE
  8
MIX
 10
71.6545
 20
-88.3372
 40
0.4748
  0
CIRCLE
  8
MIX
 10
289.5450
 20
-86.4337
 40
0.3822
  0
CIRCLE
  8
MIX
 10
207.3029
 20
-71.7347
 40
0.5047
  0
CIRCLE
  8
MIX
 10
214.7795
 20
-15.3384
 40
0.8117
  0
CIRCLE
  8
MIX
 10
106.0773
 20
-58.2501
 40
0.5319
  0
CIRCLE
  8
MIX
 10
118.7748
 20
-103.9453
 40
0.7409
  0
CIRCLE
  8
MIX
 10
-4.8230
 20
-23.0999
 40
0.3477
  0
CIRCLE
  8
MIX
 10
3.0309
 20
183.3122
 40
0.4301
  0
CIRCLE
  8
MIX
 10
176.8597
 20
141.8276
 40
0.1505
  0
CIRCLE
  8
MIX
 10
-289.0828
 20
-49.5616
 40
0.9743
  0
CIRCLE
  8
MIX
 10
184.2531
 20
146.0667
 40
0.7972
  0
CIRCLE
  8
MIX
 10
-260.7323
 20
26.1124
 40
0.8570
  0
CIRCLE
  8
MIX
 10
150.4404
 20
26.1731
 40
0.3344
  0
CIRCLE
  8
MIX
 10
-225.2022
 20
50.1093
 40
0.1699
  0
CIRCLE
  8
MIX
 10
-3.4985
 20
-49.3225
 40
0.4797
  0
CIRCLE
  8
MIX
 10
66.1345
 20
47.8040
 40
0.7427
  0
CIRCLE
  8
MIX
 10
-236.2589
 20
156.4241
 40
0.8733
  0
CIRCLE
  8
MIX
 10
240.9374
 20
-137.5281
 40
0.7355
  0
CIRCLE
  8
MIX
 10
-61.5190
 20
87.0918
 40
0.7973
  0
CIRCLE
  8
MIX
 10
-33.2476
 20
152.3867
 40
0.2125
  0
CIRCLE
  8
MIX
 10
95.7810
 20
-76.6894
 40
0.9461
  0
CIRCLE
  8
MIX
 10
-129.8843
 20
-131.2831
 40
0.2390
  0
CIRCLE
  8
MIX
 10
202.5344
 20
-76.5099
 40
0.6403
  0
CIRCLE
  8
MIX
 10
-52.7237
 20
-132.8006
 40
0.8240
  0
CIRCLE
  8
MIX
 10
-138.1880
 20
-193.4682
 40
0.2210
  0
CIRCLE
  8
MIX
 10
-212.0311
 20
-122.2443
 40
0.8446
  0
CIRCLE
  8
MIX
 10
-89.6537
 20
-86.7628
 40
0.3753
  0
CIRCLE
  8
MIX
 10
157.2062
 20
67.8797
 40
0.5028
  0
CIRCLE
  8
MIX
 10
-29.0902
 20
-16.2850
 40
0.4781
  0
CIRCLE
  8
MIX
 10
-24.6883
 20
114.0025
 40
0.3524
  0
CIRCLE
  8
MIX
 10
-127.6972
 20
-75.3286
 40
0.4718
  0
CIRCLE
  8
MIX
 10
29.6399
 20
-53.6102
 40
0.8006
  0
CIRCLE
  8
MIX
 10
-7.0398
 20
-165.6064
 40
0.5575
  0
CIRCLE
  8
MIX
 10
-131.1325
 20
113.6912
 40
0.6753
  0
CIRCLE
  8
MIX
 10
31.0886
 20
-114.2439
 40
0.9584
  0
CIRCLE
  8
MIX
 10
-171.3455
 20
-40.7028
 40
0.8982
  0
CIRCLE
  8
MIX
 10
-24.0231
 20
-40.0575
 40
0.8070
  0
CIRCLE
  8
MIX
 10
-227.9019
 20
-170.5846
 40
0.3094
  0
CIRCLE
  8
MIX
 10
162.9602
 20
-22.9671
 40
0.6703
  0
CIRCLE
  8
MIX
 10
66.0047
 20
-151.5047
 40
0.7963
  0
CIRCLE
  8
MIX
 10
109.6896
 20
-44.5922
 40
0.4838
  0
CIRCLE
  8
MIX
 10
70.8173
 20
127.5783
 40
0.6822
  0
CIRCLE
  8
MIX
 10
-274.8675
 20
141.3129
 40
0.7792
  0
CIRCLE
  8
MIX
 10
-235.6757
 20
131.5544
 40
0.8667
  0
CIRCLE
  8
MIX
 10
-123.6616
 20
184.1692
 40
0.8845
  0
CIRCLE
  8
MIX
 10
263.2774
 20
58.4403
 40
0.5862
  0
CIRCLE
  8
MIX
 10
112.7159
 20
43.5434
 40
0.5184
  0
CIRCLE
  8
MIX
 10
149.0197
 20
53.8881
 40
0.6568
  0
CIRCLE
  8
MIX
 10
-195.3869
 20
11.3705
 40
0.2064
  0
CIRCLE
  8
MIX
 10
109.4166
 20
173.4518
 40
0.9295
  0
CIRCLE
  8
MIX
 10
-96.3579
 20
29.2883
 40
0.6428
  0
CIRCLE
  8
MIX
 10
-3.9578
 20
9.9240
 40
0.2704
  0
CIRCLE
  8
MIX
 10
-202.3258
 20
-32.9410
 40
0.5658
  0
CIRCLE
  8
MIX
 10
188.9529
 20
-90.4416
 40
0.8127
  0
CIRCLE
  8
MIX
 10
-74.9851
 20
-74.7410
 40
0.8373
  0
CIRCLE
  8
MIX
 10
-162.2734
 20
-134.5340
 40
0.4177
  0
CIRCLE
  8
MIX
 10
101.1941
 20
-95.0323
 40
0.4254
  0
CIRCLE
  8
MIX
 10
43.0141
 20
-124.8331
 40
0.3641
  0
CIRCLE
  8
MIX
 10
-130.6745
 20
130.3337
 40
0.6634
  0
CIRCLE
  8
MIX
 10
73.8834
 20
18.4350
 40
0.2060
  0
CIRCLE
  8
MIX
 10
62.3546
 20
-152.1193
 40
0.5067
  0
CIRCLE
  8
MIX
 10
38.9900
 20
177.4580
 40
0.6914
  0
CIRCLE
  8
MIX
 10
-246.0326
 20
-109.4975
 40
0.4572
  0
CIRCLE
  8
MIX
 10
160.3333
 20
140.1762
 40
0.6666
  0
CIRCLE
  8
MIX
 10
155.7392
 20
-124.4826
 40
0.6903
  0
CIRCLE
  8
MIX
 10
-176.7052
 20
165.7353
 40
0.2322
  0
CIRCLE
  8
MIX
 10
-247.5099
 20
-63.8242
 40
0.7188
  0
CIRCLE
  8
MIX
 10
-147.9305
 20
94.5208
 40
0.3377
  0
CIRCLE
  8
MIX
 10
67.0578
 20
-104.1254
 40
0.6791
  0
CIRCLE
  8
MIX
 10
91.7271
 20
90.4958
 40
0.8115
  0
CIRCLE
  8
MIX
 10
-108.9714
 20
85.2933
 40
0.6563
  0
CIRCLE
  8
MIX
 10
233.2375
 20
-73.2119
 40
0.2485
  0
CIRCLE
  8
MIX
 10
80.6403
 20
-54.0380
 40
0.6262
  0
CIRCLE
  8
MIX
 10
-47.8846
 20
-87.0887
 40
0.5893
  0
CIRCLE
  8
MIX
 10
218.3463
 20
160.6715
 40
0.3741
  0
CIRCLE
  8
MIX
 10
201.1176
 20
-90.0822
 40
0.3756
  0
CIRCLE
  8
MIX
 10
-258.3626
 20
-87.1295
 40
0.9059
  0
CIRCLE
  8
MIX
 10
148.9361
 20
54.4075
 40
0.8054
  0
CIRCLE
  8
MIX
 10
-7.0717
 20
-104.9730
 40
0.5692
  0
CIRCLE
  8
MIX
 10
-293.7000
 20
-120.0828
 40
0.6657
  0
CIRCLE
  8
MIX
 10
-141.1336
 20
101.1101
 40
0.6266
  0
CIRCLE
  8
MIX
 10
294.5911
 20
101.0274
 40
0.9548
  0
CIRCLE
  8
MIX
 10
35.5632
 20
-67.8873
 40
0.8244
  0
CIRCLE
  8
MIX
 10
106.2381
 20
17.8137
 40
0.5966
  0
CIRCLE
  8
MIX
 10
49.2387
 20
-22.8457
 40
0.8642
  0
CIRCLE
  8
MIX
 10
-212.9660
 20
-137.7312
 40
0.8006
  0
CIRCLE
  8
MIX
 10
-289.1493
 20
-12.5947
 40
0.5634
  0
CIRCLE
  8
MIX
 10
-45.6318
 20
-29.7018
 40
0.1703
  0
CIRCLE
  8
MIX
 10
249.7064
 20
27.1292
 40
0.3169
  0
CIRCLE
  8
MIX
 10
-1.5691
 20
-30.9195
 40
0.8595
  0
CIRCLE
  8
MIX
 10
-233.9274
 20
176.7805
 40
0.3555
  0
CIRCLE
  8
MIX
 10
181.9836
 20
26.2464
 40
0.5594
  0
CIRCLE
  8
MIX
 10
167.6668
 20
158.5853
 40
0.4076
  0
CIRCLE
  8
MIX
 10
-285.4565
 20
170.7068
 40
0.2138
  0
CIRCLE
  8
MIX
 10
130.8641
 20
16.6151
 40
0.8350
  0
CIRCLE
  8
MIX
 10
-114.9505
 20
71.3088
 40
0.5016
  0
CIRCLE
  8
MIX
 10
-214.2393
 20
-27.7124
 40
0.7358
  0
CIRCLE
  8
MIX
 10
289.5236
 20
-74.9325
 40
0.2873
  0
CIRCLE
  8
MIX
 10
-223.8759
 20
-66.2495
 40
0.3239
  0
CIRCLE
  8
MIX
 10
213.1472
 20
37.7518
 40
0.2633
  0
CIRCLE
  8
MIX
 10
202.0033
 20
184.9638
 40
0.2064
  0
CIRCLE
  8
MIX
 10
105.8037
 20
-167.6399
 40
0.6893
  0
CIRCLE
  8
MIX
 10
125.6005
 20
178.7589
 40
0.3226
  0
CIRCLE
  8
MIX
 10
-67.2653
 20
-88.2571
 40
0.7667
  0
CIRCLE
  8
MIX
 10
251.1839
 20
-1.0535
 40
0.8850
  0
CIRCLE
  8
MIX
 10
113.7741
 20
-73.4282
 40
0.8609
  0
CIRCLE
  8
MIX
 10
238.5894
 20
30.9468
 40
0.4058
  0
CIRCLE
  8
MIX
 10
161.9108
 20
-104.7374
 40
0.3511
  0
CIRCLE
  8
MIX
 10
-11.5265
 20
-160.3523
 40
0.1580
  0
CIRCLE
  8
MIX
 10
40.9316
 20
4.5905
 40
0.4318
  0
CIRCLE
  8
MIX
 10
7.1850
 20
-11.4659
 40
0.1907
  0
CIRCLE
  8
MIX
 10
78.8714
 20
-45.1659
 40
0.5646
  0
CIRCLE
  8
MIX
 10
-8.8236
 20
-33.1976
 40
0.5485
  0
CIRCLE
  8
MIX
 10
-34.8110
 20
-42.4011
 40
0.9700
  0
CIRCLE
  8
MIX
 10
176.5174
 20
82.4474
 40
0.9638
  0
CIRCLE
  8
MIX
 10
-78.7562
 20
134.2566
 40
0.5047
  0
CIRCLE
  8
MIX
 10
-110.4361
 20
90.4200
 40
0.6645
  0
CIRCLE
  8
MIX
 10
-177.9676
 20
-175.5565
 40
0.3317
  0
CIRCLE
  8
MIX
 10
91.4164
 20
127.1628
 40
0.8315
  0
CIRCLE
  8
MIX
 10
158.4878
 20
83.5293
 40
0.4548
  0
CIRCLE
  8
MIX
 10
-167.2726
 20
-142.6209
 40
0.8804
  0
CIRCLE
  8
MIX
 10
-259.7873
 20
-128.3379
 40
0.9952
  0
CIRCLE
  8
MIX
 10
267.9386
 20
117.0383
 40
0.6338
  0
CIRCLE
  8
MIX
 10
174.5512
 20
-38.8447
 40
0.2858
  0
CIRCLE
  8
MIX
 10
40.3890
 20
-120.3941
 40
0.8301
  0
CIRCLE
  8
MIX
 10
265.6610
 20
29.8595
 40
0.6354
  0
CIRCLE
  8
MIX
 10
73.1956
 20
-48.4288
 40
0.8849
  0
CIRCLE
  8
MIX
 10
92.9657
 20
-7.9885
 40
0.6189
  0
CIRCLE
  8
MIX
 10
-213.3938
 20
49.7701
 40
0.2110
  0
CIRCLE
  8
MIX
 10
58.3132
 20
161.1188
 40
0.7738
  0
CIRCLE
  8
MIX
 10
-28.0801
 20
-181.9812
 40
0.1792
  0
CIRCLE
  8
MIX
 10
231.5725
 20
57.9722
 40
0.7194
  0
CIRCLE
  8
MIX
 10
-183.6913
 20
-114.5599
 40
0.3771
  0
CIRCLE
  8
MIX
 10
151.5327
 20
97.1346
 40
0.9085
  0
CIRCLE
  8
MIX
 10
-196.7934
 20
24.8199
 40
0.8281
  0
CIRCLE
  8
MIX
 10
49.0640
 20
113.4743
 40
0.2666
  0
CIRCLE
  8
MIX
 10
100.6050
 20
-12.3694
 40
0.3723
  0
CIRCLE
  8
MIX
 10
-31.1818
 20
142.7566
 40
0.3608
  0
CIRCLE
  8
MIX
 10
185.8691
 20
54.2553
 40
0.7150
  0
CIRCLE
  8
MIX
 10
-79.4704
 20
73.2114
 40
0.6712
  0
CIRCLE
  8
MIX
 10
-118.2044
 20
-5.3161
 40
0.1801
  0
CIRCLE
  8
MIX
 10
87.4840
 20
-185.3687
 40
0.7430
  0
CIRCLE
  8
MIX
 10
285.8450
 20
-82.2170
 40
0.9338
  0
CIRCLE
  8
MIX
 10
-65.8076
 20
-35.8556
 40
0.3345
  0
CIRCLE
  8
MIX
 10
174.0309
 20
-82.5803
 40
0.5917
  0
CIRCLE
  8
MIX
 10
-105.9992
 20
189.6285
 40
0.6824
  0
CIRCLE
  8
MIX
 10
224.0901
 20
72.4871
 40
0.5499
  0
CIRCLE
  8
MIX
 10
226.5256
 20
159.0157
 40
0.7694
  0
CIRCLE
  8
MIX
 10
-259.4483
 20
-153.5076
 40
0.5694
  0
CIRCLE
  8
MIX
 10
-189.3162
 20
-167.2599
 40
0.3582
  0
CIRCLE
  8
MIX
 10
178.3988
 20
-137.9221
 40
0.3967
  0
CIRCLE
  8
MIX
 10
-2.0654
 20
143.5553
 40
0.9800
  0
CIRCLE
  8
MIX
 10
53.4480
 20
-152.1073
 40
0.2051
  0
CIRCLE
  8
MIX
 10
-221.5841
 20
-180.8603
 40
0.6843
  0
CIRCLE
  8
MIX
 10
-262.4130
 20
100.8800
 40
0.8478
  0
CIRCLE
  8
MIX
 10
-273.8068
 20
-75.4346
 40
0.4189
  0
CIRCLE
  8
MIX
 10
226.8762
 20
107.5316
 40
0.8033
  0
CIRCLE
  8
MIX
 10
135.0941
 20
20.0896
 40
0.2459
  0
CIRCLE
  8
MIX
 10
181.4770
 20
14.2455
 40
0.1788
  0
CIRCLE
  8
MIX
 10
179.8217
 20
191.0712
 40
0.6676
  0
CIRCLE
  8
MIX
 10
-210.3303
 20
20.8434
 40
0.8377
  0
CIRCLE
  8
MIX
 10
114.4854
 20
-172.6171
 40
0.3230
  0
CIRCLE
  8
MIX
 10
265.1190
 20
3.8317
 40
0.5570
  0
CIRCLE
  8
MIX
 10
-201.4070
 20
-124.2735
 40
0.6610
  0
CIRCLE
  8
MIX
 10
-271.7176
 20
188.3459
 40
0.5588
  0
CIRCLE
  8
MIX
 10
105.1811
 20
-83.9917
 40
0.7081
  0
CIRCLE
  8
MIX
 10
-19.3098
 20
61.1790
 40
0.2241
  0
CIRCLE
  8
MIX
 10
-26.6440
 20
98.6597
 40
0.2501
  0
CIRCLE
  8
MIX
 10
196.0009
 20
163.0957
 40
0.4047
  0
CIRCLE
  8
MIX
 10
-55.6649
 20
-110.2753
 40
0.9013
  0
CIRCLE
  8
MIX
 10
-74.4947
 20
-161.9736
 40
0.1598
  0
CIRCLE
  8
MIX
 10
-267.6379
 20
-119.0507
 40
0.9753
  0
CIRCLE
  8
MIX
 10
69.3648
 20
-189.0253
 40
0.8909
  0
CIRCLE
  8
MIX
 10
-24.1239
 20
109.2346
 40
0.4402
  0
CIRCLE
  8
MIX
 10
129.5797
 20
-53.1957
 40
0.3915
  0
CIRCLE
  8
MIX
 10
-13.7160
 20
19.9157
 40
0.9926
  0
CIRCLE
  8
MIX
 10
287.7301
 20
-140.2534
 40
0.1804
  0
CIRCLE
  8
MIX
 10
97.8795
 20
-182.3588
 40
0.1976
  0
CIRCLE
  8
MIX
 10
131.1793
 20
-30.2608
 40
0.6388
  0
CIRCLE
  8
MIX
 10
19.1124
 20
123.4168
 40
0.2262
  0
CIRCLE
  8
MIX
 10
226.9164
 20
137.8203
 40
0.4115
  0
CIRCLE
  8
MIX
 10
-11.2135
 20
-137.1212
 40
0.9559
  0
CIRCLE
  8
MIX
 10
23.7975
 20
160.0096
 40
0.8562
  0
CIRCLE
  8
MIX
 10
-112.8800
 20
125.3349
 40
0.7907
  0
CIRCLE
  8
MIX
 10
252.8716
 20
48.6578
 40
0.2850
  0
CIRCLE
  8
MIX
 10
-132.8410
 20
181.8039
 40
0.2383
  0
CIRCLE
  8
MIX
 10
132.9940
 20
-26.6091
 40
0.2140
  0
CIRCLE
  8
MIX
 10
263.0790
 20
-140.5570
 40
0.9032
  0
CIRCLE
  8
MIX
 10
-293.7042
 20
171.7645
 40
0.2859
  0
CIRCLE
  8
MIX
 10
254.6566
 20
-44.3670
 40
0.7079
  0
CIRCLE
  8
MIX
 10
226.5359
 20
23.8248
 40
0.2808
  0
CIRCLE
  8
MIX
 10
-182.0803
 20
-176.1632
 40
0.4827
  0
CIRCLE
  8
MIX
 10
-75.8422
 20
176.1982
 40
0.5923
  0
CIRCLE
  8
MIX
 10
96.9245
 20
-38.5840
 40
0.5147
  0
CIRCLE
  8
MIX
 10
46.2759
 20
-178.6471
 40
0.7471
  0
CIRCLE
  8
MIX
 10
-32.9812
 20
-166.8785
 40
0.5042
  0
CIRCLE
  8
MIX
 10
-220.9552
 20
127.5362
 40
0.1988
  0
CIRCLE
  8
MIX
 10
-27.9215
 20
-180.7673
 40
0.1506
  0
CIRCLE
  8
MIX
 10
-294.7930
 20
-164.1489
 40
0.2539
  0
CIRCLE
  8
MIX
 10
-36.6966
 20
-139.4613
 40
0.7051
  0
CIRCLE
  8
MIX
 10
-167.7187
 20
-15.7642
 40
0.2538
  0
CIRCLE
  8
MIX
 10
-288.5253
 20
189.7982
 40
0.4432
  0
CIRCLE
  8
MIX
 10
-31.8698
 20
-144.9983
 40
0.8653
  0
CIRCLE
  8
MIX
 10
-165.6409
 20
157.2238
 40
0.6632
  0
CIRCLE
  8
MIX
 10
221.7548
 20
74.3282
 40
0.5892
  0
CIRCLE
  8
MIX
 10
112.4532
 20
-107.8325
 40
0.7479
  0
CIRCLE
  8
MIX
 10
-220.6272
 20
-160.0585
 40
0.6988
  0
CIRCLE
  8
MIX
 10
45.7296
 20
-119.2214
 40
0.3418
  0
CIRCLE
  8
MIX
 10
120.3869
 20
78.3803
 40
0.9432
  0
CIRCLE
  8
MIX
 10
-162.2593
 20
-53.7757
 40
0.8698
  0
CIRCLE
  8
MIX
 10
-94.0045
 20
-72.9765
 40
0.4536
  0
CIRCLE
  8
MIX
 10
47.5953
 20
-99.6520
 40
0.8719
  0
CIRCLE
  8
MIX
 10
-183.8152
 20
89.6648
 40
0.9531
  0
CIRCLE
  8
MIX
 10
131.2015
 20
-170.3577
 40
0.4740
  0
CIRCLE
  8
MIX
 10
29.9245
 20
-70.8708
 40
0.6996
  0
CIRCLE
  8
MIX
 10
-72.9818
 20
40.3889
 40
0.8176
  0
CIRCLE
  8
MIX
 10
269.8142
 20
107.4747
 40
0.2190
  0
CIRCLE
  8
MIX
 10
184.6232
 20
-95.9924
 40
0.3672
  0
CIRCLE
  8
MIX
 10
-72.5519
 20
54.9691
 40
0.3663
  0
CIRCLE
  8
MIX
 10
242.9404
 20
-59.6831
 40
0.5943
  0
CIRCLE
  8
MIX
 10
20.6279
 20
-25.4812
 40
0.1662
  0
CIRCLE
  8
MIX
 10
-84.7749
 20
-20.2122
 40
0.2577
  0
CIRCLE
  8
MIX
 10
-260.4876
 20
79.8087
 40
0.4971
  0
CIRCLE
  8
MIX
 10
136.1244
 20
32.2201
 40
0.9351
  0
CIRCLE
  8
MIX
 10
227.0896
 20
14.3381
 40
0.5061
  0
CIRCLE
  8
MIX
 10
68.5773
 20
174.8367
 40
0.7772
  0
CIRCLE
  8
MIX
 10
-58.7430
 20
-143.9416
 40
0.7562
  0
CIRCLE
  8
MIX
 10
1.2225
 20
113.8266
 40
0.4260
  0
CIRCLE
  8
MIX
 10
12.5291
 20
89.6784
 40
0.5243
  0
CIRCLE
  8
MIX
 10
-113.3831
 20
-113.8783
 40
0.9718
  0
CIRCLE
  8
MIX
 10
144.2254
 20
-42.8359
 40
0.4031
  0
CIRCLE
  8
MIX
 10
-36.8383
 20
-181.0864
 40
0.9551
  0
CIRCLE
  8
MIX
 10
-17.8318
 20
67.7576
 40
0.5455
  0
CIRCLE
  8
MIX
 10
-44.5506
 20
-140.6388
 40
0.7456
  0
CIRCLE
  8
MIX
 10
289.6887
 20
-116.7646
 40
0.5740
  0
CIRCLE
  8
MIX
 10
-144.9664
 20
22.3450
 40
0.5960
  0
CIRCLE
  8
MIX
 10
212.3520
 20
193.3650
 40
0.2030
  0
CIRCLE
  8
MIX
 10
-147.3772
 20
56.2596
 40
0.3142
  0
CIRCLE
  8
MIX
 10
-173.4791
 20
31.8501
 40
0.8832
  0
CIRCLE
  8
MIX
 10
199.6753
 20
121.9258
 40
0.6210
  0
CIRCLE
  8
MIX
 10
-42.0735
 20
65.7304
 40
0.7637
  0
CIRCLE
  8
MIX
 10
-21.4376
 20
-135.9722
 40
0.2013
  0
CIRCLE
  8
MIX
 10
202.0614
 20
182.4723
 40
0.7849
  0
CIRCLE
  8
MIX
 10
-137.8716
 20
-15.7399
 40
0.2137
  0
CIRCLE
  8
MIX
 10
128.6964
 20
180.0998
 40
0.4860
  0
CIRCLE
  8
MIX
 10
141.8521
 20
-23.1240
 40
0.6350
  0
CIRCLE
  8
MIX
 10
-230.5956
 20
-82.0794
 40
0.4084
  0
CIRCLE
  8
MIX
 10
-94.8340
 20
-63.1990
 40
0.4775
  0
CIRCLE
  8
MIX
 10
-149.0959
 20
49.9561
 40
0.4605
  0
CIRCLE
  8
MIX
 10
153.0521
 20
14.1665
 40
0.4793
  0
CIRCLE
  8
MIX
 10
9.5503
 20
-28.6750
 40
0.2556
  0
CIRCLE
  8
MIX
 10
-124.9280
 20
183.2785
 40
0.6587
  0
CIRCLE
  8
MIX
 10
-35.3351
 20
-9.1786
 40
0.5623
  0
CIRCLE
  8
MIX
 10
-283.2615
 20
174.9151
 40
0.5052
  0
CIRCLE
  8
MIX
 10
-218.1408
 20
172.0091
 40
0.4263
  0
CIRCLE
  8
MIX
 10
179.8632
 20
44.6951
 40
0.5318
  0
CIRCLE
  8
MIX
 10
53.2965
 20
191.5790
 40
0.4148
  0
CIRCLE
  8
MIX
 10
-73.5470
 20
-176.6738
 40
0.9373
  0
CIRCLE
  8
MIX
 10
41.2417
 20
-1.2632
 40
0.4585
  0
CIRCLE
  8
MIX
 10
-262.8610
 20
-36.9261
 40
0.3644
  0
CIRCLE
  8
MIX
 10
85.4809
 20
-135.7473
 40
0.2919
  0
CIRCLE
  8
MIX
 10
112.2511
 20
135.0518
 40
0.6310
  0
CIRCLE
  8
MIX
 10
-134.4740
 20
143.7581
 40
0.4495
  0
CIRCLE
  8
MIX
 10
193.7486
 20
40.1492
 40
0.5098
  0
CIRCLE
  8
MIX
 10
-243.8037
 20
-151.8200
 40
0.7106
  0
CIRCLE
  8
MIX
 10
15.5341
 20
188.8605
 40
0.5660
  0
CIRCLE
  8
MIX
 10
-258.5619
 20
176.0942
 40
0.2954
  0
CIRCLE
  8
MIX
 10
-5.5385
 20
-1.8145
 40
0.5456
  0
CIRCLE
  8
MIX
 10
117.3551
 20
149.5182
 40
0.7403
  0
CIRCLE
  8
MIX
 10
-139.1447
 20
-126.5971
 40
0.3106
  0
CIRCLE
  8
MIX
 10
32.6327
 20
67.4986
 40
0.2641
  0
CIRCLE
  8
MIX
 10
221.8295
 20
185.1128
 40
0.8552
  0
CIRCLE
  8
MIX
 10
-5.9133
 20
82.0191
 40
0.5802
  0
CIRCLE
  8
MIX
 10
39.3851
 20
163.7641
 40
0.3431
  0
CIRCLE
  8
MIX
 10
-41.7873
 20
-110.4694
 40
0.5903
  0
CIRCLE
  8
MIX
 10
174.4278
 20
-68.8338
 40
0.6203
  0
CIRCLE
  8
MIX
 10
37.6029
 20
-99.9886
 40
0.7819
  0
CIRCLE
  8
MIX
 10
53.7241
 20
97.4874
 40
0.5851
  0
CIRCLE
  8
MIX
 10
-244.8259
 20
-14.8198
 40
0.7566
  0
CIRCLE
  8
MIX
 10
-114.3378
 20
-100.7830
 40
0.2228
  0
CIRCLE
  8
MIX
 10
-169.4177
 20
-110.4726
 40
0.2675
  0
CIRCLE
  8
MIX
 10
208.7520
 20
114.7586
 40
0.3814
  0
CIRCLE
  8
MIX
 10
143.2143
 20
-176.5185
 40
0.4002
  0
CIRCLE
  8
MIX
 10
-59.6693
 20
55.9816
 40
0.3237
  0
CIRCLE
  8
MIX
 10
-283.9882
 20
98.5116
 40
0.8221
  0
CIRCLE
  8
MIX
 10
-201.8017
 20
172.4381
 40
0.4835
  0
CIRCLE
  8
MIX
 10
-4.6586
 20
180.5508
 40
0.8089
  0
CIRCLE
  8
MIX
 10
-138.8743
 20
-93.7015
 40
0.5155
  0
CIRCLE
  8
MIX
 10
-154.5774
 20
182.0493
 40
0.6591
  0
CIRCLE
  8
MIX
 10
-8.3766
 20
-43.3720
 40
0.3701
  0
CIRCLE
  8
MIX
 10
-97.2784
 20
-164.5108
 40
0.4450
  0
CIRCLE
  8
MIX
 10
172.2660
 20
27.6578
 40
0.8682
  0
CIRCLE
  8
MIX
 10
-142.5417
 20
-186.4486
 40
0.8882
  0
CIRCLE
  8
MIX
 10
-138.5020
 20
133.4621
 40
0.8112
  0
CIRCLE
  8
MIX
 10
147.2022
 20
4.5856
 40
0.4628
  0
CIRCLE
  8
MIX
 10
-27.5554
 20
-152.8272
 40
0.7647
  0
CIRCLE
  8
MIX
 10
-57.2871
 20
-82.1654
 40
0.6846
  0
CIRCLE
  8
MIX
 10
245.0663
 20
-127.1947
 40
0.7604
  0
CIRCLE
  8
MIX
 10
179.9482
 20
-97.7427
 40
0.9063
  0
CIRCLE
  8
MIX
 10
-155.7191
 20
58.1802
 40
0.8950
  0
CIRCLE
  8
MIX
 10
215.7752
 20
107.0335
 40
0.7387
  0
CIRCLE
  8
MIX
 10
-249.3166
 20
114.5520
 40
0.1818
  0
CIRCLE
  8
MIX
 10
-80.3702
 20
162.1676
 40
0.1534
  0
CIRCLE
  8
MIX
 10
162.4633
 20
-61.3427
 40
0.2550
  0
CIRCLE
  8
MIX
 10
-259.5822
 20
-14.7188
 40
0.9855
  0
CIRCLE
  8
MIX
 10
-36.6882
 20
12.2081
 40
0.4446
  0
CIRCLE
  8
MIX
 10
-61.4027
 20
-153.0445
 40
0.3946
  0
CIRCLE
  8
MIX
 10
-92.2276
 20
-81.3580
 40
0.8208
  0
CIRCLE
  8
MIX
 10
-201.1312
 20
93.0984
 40
0.2919
  0
CIRCLE
  8
MIX
 10
28.8658
 20
-76.5532
 40
0.2937
  0
CIRCLE
  8
MIX
 10
260.4832
 20
-119.9831
 40
0.2601
  0
CIRCLE
  8
MIX
 10
209.1687
 20
48.8454
 40
0.6922
  0
CIRCLE
  8
MIX
 10
-228.8978
 20
17.4264
 40
0.2529
  0
CIRCLE
  8
MIX
 10
32.0914
 20
-57.6758
 40
0.2787
  0
CIRCLE
  8
MIX
 10
147.6661
 20
187.7741
 40
0.3354
  0
CIRCLE
  8
MIX
 10
21.1359
 20
37.6424
 40
0.2778
  0
CIRCLE
  8
MIX
 10
245.0861
 20
-31.7586
 40
0.3729
  0
CIRCLE
  8
MIX
 10
-162.3316
 20
-67.1574
 40
0.8992
  0
CIRCLE
  8
MIX
 10
-217.9633
 20
-124.1295
 40
0.9777
  0
CIRCLE
  8
MIX
 10
-41.5358
 20
88.6293
 40
0.6151
  0
CIRCLE
  8
MIX
 10
-46.0756
 20
-162.3102
 40
0.3842
  0
CIRCLE
  8
MIX
 10
-170.7772
 20
-191.4516
 40
0.5492
  0
CIRCLE
  8
MIX
 10
-272.4991
 20
-182.2709
 40
0.3244
  0
CIRCLE
  8
MIX
 10
-74.3365
 20
15.9351
 40
0.5474
  0
CIRCLE
  8
MIX
 10
-19.1681
 20
92.6795
 40
0.3792
  0
CIRCLE
  8
MIX
 10
245.9372
 20
167.8538
 40
0.6184
  0
CIRCLE
  8
MIX
 10
257.6597
 20
-181.0882
 40
0.8054
  0
CIRCLE
  8
MIX
 10
73.1926
 20
159.4739
 40
0.7515
  0
CIRCLE
  8
MIX
 10
57.8776
 20
76.8655
 40
0.9077
  0
CIRCLE
  8
MIX
 10
241.4458
 20
79.7676
 40
0.8834
  0
CIRCLE
  8
MIX
 10
-22.8986
 20
-124.2836
 40
0.6007
  0
CIRCLE
  8
MIX
 10
157.6924
 20
17.3268
 40
0.9379
  0
CIRCLE
  8
MIX
 10
-190.5639
 20
22.9688
 40
0.5155
  0
CIRCLE
  8
MIX
 10
-145.2978
 20
-70.2759
 40
0.1963
  0
CIRCLE
  8
MIX
 10
-50.2541
 20
31.4504
 40
0.4549
  0
CIRCLE
  8
MIX
 10
-241.5898
 20
67.4399
 40
0.7674
  0
CIRCLE
  8
MIX
 10
-203.7174
 20
11.3636
 40
0.5271
  0
CIRCLE
  8
MIX
 10
117.5081
 20
-119.8029
 40
0.9036
  0
CIRCLE
  8
MIX
 10
-217.3244
 20
158.8169
 40
0.5897
  0
CIRCLE
  8
MIX
 10
-262.9966
 20
-34.1743
 40
0.1556
  0
CIRCLE
  8
MIX
 10
-128.7291
 20
-164.1280
 40
0.9472
  0
CIRCLE
  8
MIX
 10
-231.6119
 20
-94.2131
 40
0.5538
  0
CIRCLE
  8
MIX
 10
138.8936
 20
21.8521
 40
0.2772
  0
CIRCLE
  8
MIX
 10
-277.0905
 20
153.4573
 40
0.1601
  0
CIRCLE
  8
MIX
 10
-267.4702
 20
32.7033
 40
0.6842
  0
CIRCLE
  8
MIX
 10
-272.4984
 20
147.4666
 40
0.7749
  0
CIRCLE
  8
MIX
 10
-102.5556
 20
165.8508
 40
0.3137
  0
CIRCLE
  8
MIX
 10
271.4695
 20
59.0398
 40
0.9700
  0
CIRCLE
  8
MIX
 10
-224.8823
 20
-156.5250
 40
0.4219
  0
CIRCLE
  8
MIX
 10
232.2754
 20
135.6770
 40
0.7323
  0
CIRCLE
  8
MIX
 10
74.3352
 20
88.7179
 40
0.5578
  0
CIRCLE
  8
MIX
 10
-243.0066
 20
-70.1507
 40
0.7452
  0
CIRCLE
  8
MIX
 10
47.0711
 20
168.2541
 40
0.9399
  0
CIRCLE
  8
MIX
 10
18.4480
 20
-83.0439
 40
0.7966
  0
CIRCLE
  8
MIX
 10
-227.3036
 20
92.1826
 40
0.4220
  0
CIRCLE
  8
MIX
 10
-42.0460
 20
-132.1746
 40
0.3226
  0
CIRCLE
  8
MIX
 10
130.7848
 20
-130.4455
 40
0.3107
  0
CIRCLE
  8
MIX
 10
146.2109
 20
73.7911
 40
0.8323
  0
CIRCLE
  8
MIX
 10
-184.3833
 20
146.3143
 40
0.4315
  0
CIRCLE
  8
MIX
 10
-223.5021
 20
-16.8950
 40
0.5375
  0
CIRCLE
  8
MIX
 10
115.6626
 20
113.2291
 40
0.6246
  0
CIRCLE
  8
MIX
 10
26.1350
 20
162.3815
 40
0.8878
  0
CIRCLE
  8
MIX
 10
-79.9075
 20
-174.2242
 40
0.8397
  0
CIRCLE
  8
MIX
 10
-100.5408
 20
-77.8146
 40
0.5790
  0
CIRCLE
  8
MIX
 10
172.9741
 20
37.1949
 40
0.4678
  0
CIRCLE
  8
MIX
 10
44.5696
 20
-32.0014
 40
0.5957
  0
CIRCLE
  8
MIX
 10
-244.4726
 20
61.2528
 40
0.5148
  0
CIRCLE
  8
MIX
 10
203.0661
 20
122.9033
 40
0.2748
  0
CIRCLE
  8
MIX
 10
78.8565
 20
-6.0738
 40
0.8074
  0
CIRCLE
  8
MIX
 10
113.2020
 20
-17.3689
 40
0.8165
  0
CIRCLE
  8
MIX
 10
-224.7795
 20
-155.5029
 40
0.5850
  0
CIRCLE
  8
MIX
 10
-271.4752
 20
-66.5820
 40
0.2760
  0
CIRCLE
  8
MIX
 10
-263.6015
 20
-52.3440
 40
0.5083
  0
CIRCLE
  8
MIX
 10
282.4644
 20
44.6029
 40
0.4317
  0
CIRCLE
  8
MIX
 10
-225.7201
 20
-59.5805
 40
0.7582
  0
CIRCLE
  8
MIX
 10
-89.3287
 20
17.3862
 40
0.4869
  0
CIRCLE
  8
MIX
 10
272.7433
 20
-87.7791
 40
0.6335
  0
CIRCLE
  8
MIX
 10
-176.5239
 20
-45.1488
 40
0.3222
  0
CIRCLE
  8
MIX
 10
-87.5999
 20
114.6720
 40
0.4549
  0
CIRCLE
  8
MIX
 10
236.8761
 20
-107.4849
 40
0.9108
  0
CIRCLE
  8
MIX
 10
272.1492
 20
150.4894
 40
0.5559
  0
CIRCLE
  8
MIX
 10
-261.7919
 20
-160.4478
 40
0.6363
  0
CIRCLE
  8
MIX
 10
-205.0604
 20
-19.8451
 40
0.3164
  0
CIRCLE
  8
MIX
 10
-1.6094
 20
-25.3175
 40
0.1565
  0
CIRCLE
  8
MIX
 10
290.9440
 20
-168.6919
 40
0.7808
  0
CIRCLE
  8
MIX
 10
-207.4418
 20
173.7821
 40
0.8328
  0
CIRCLE
  8
MIX
 10
-239.2628
 20
110.8883
 40
0.9308
  0
CIRCLE
  8
MIX
 10
31.3227
 20
144.8105
 40
0.8755
  0
CIRCLE
  8
MIX
 10
185.3126
 20
54.9064
 40
0.6083
  0
CIRCLE
  8
MIX
 10
-247.9763
 20
15.9003
 40
0.5061
  0
CIRCLE
  8
MIX
 10
-29.8960
 20
-123.3167
 40
0.2875
  0
CIRCLE
  8
MIX
 10
-180.5716
 20
-79.3193
 40
0.3761
  0
CIRCLE
  8
MIX
 10
37.8524
 20
192.6946
 40
0.4349
  0
CIRCLE
  8
MIX
 10
44.6588
 20
-2.6562
 40
0.2749
  0
CIRCLE
  8
MIX
 10
261.4287
 20
-42.9480
 40
0.4017
  0
CIRCLE
  8
MIX
 10
-214.0928
 20
50.8784
 40
0.3341
  0
CIRCLE
  8
MIX
 10
-166.1622
 20
82.3949
 40
0.2221
  0
CIRCLE
  8
MIX
 10
-268.9944
 20
37.5178
 40
0.7454
  0
CIRCLE
  8
MIX
 10
-90.1667
 20
137.7931
 40
0.8213
  0
CIRCLE
  8
MIX
 10
16.3895
 20
83.0529
 40
0.2461
  0
CIRCLE
  8
MIX
 10
-176.8729
 20
144.4411
 40
0.5333
  0
CIRCLE
  8
MIX
 10
-14.3160
 20
-111.5275
 40
0.5277
  0
CIRCLE
  8
MIX
 10
256.3176
 20
-41.3089
 40
0.5067
  0
CIRCLE
  8
MIX
 10
-69.6973
 20
-86.3179
 40
0.8940
  0
CIRCLE
  8
MIX
 10
258.6535
 20
-129.4136
 40
0.2156
  0
CIRCLE
  8
MIX
 10
-239.6696
 20
-110.9474
 40
0.6673
  0
CIRCLE
  8
MIX
 10
-99.1708
 20
-164.2342
 40
0.2458
  0
CIRCLE
  8
MIX
 10
172.8031
 20
-128.4719
 40
0.3189
  0
CIRCLE
  8
MIX
 10
87.4338
 20
10.6546
 40
0.5278
  0
CIRCLE
  8
MIX
 10
92.5711
 20
-106.7939
 40
0.3210
  0
CIRCLE
  8
MIX
 10
177.6969
 20
86.5106
 40
0.7459
  0
CIRCLE
  8
MIX
 10
34.4624
 20
-68.0279
 40
0.9213
  0
CIRCLE
  8
MIX
 10
-224.9646
 20
-61.6262
 40
0.4415
  0
CIRCLE
  8
MIX
 10
190.7181
 20
-7.8585
 40
0.3881
  0
CIRCLE
  8
MIX
 10
-13.1351
 20
161.5561
 40
0.4629
  0
CIRCLE
  8
MIX
 10
-69.1045
 20
24.4155
 40
0.8357
  0
CIRCLE
  8
MIX
 10
169.4374
 20
-187.7699
 40
0.5664
  0
CIRCLE
  8
MIX
 10
-11.1247
 20
-174.9799
 40
0.7768
  0
CIRCLE
  8
MIX
 10
59.3650
 20
191.1973
 40
0.2107
  0
CIRCLE
  8
MIX
 10
-110.4829
 20
79.9348
 40
0.9489
  0
CIRCLE
  8
MIX
 10
225.2234
 20
182.2776
 40
0.4272
  0
CIRCLE
  8
MIX
 10
-27.8574
 20
97.8705
 40
0.3661
  0
CIRCLE
  8
MIX
 10
-139.5350
 20
130.2215
 40
0.7623
  0
CIRCLE
  8
MIX
 10
35.6144
 20
-168.6217
 40
0.7066
  0
CIRCLE
  8
MIX
 10
244.0444
 20
78.8434
 40
0.5929
  0
CIRCLE
  8
MIX
 10
-13.3953
 20
-14.5862
 40
0.6446
  0
CIRCLE
  8
MIX
 10
128.9300
 20
169.4743
 40
0.4821
  0
CIRCLE
  8
MIX
 10
-75.0757
 20
133.0909
 40
0.4798
  0
CIRCLE
  8
MIX
 10
-117.7115
 20
-115.9358
 40
0.3348
  0
CIRCLE
  8
MIX
 10
223.7930
 20
-114.5139
 40
0.8338
  0
CIRCLE
  8
MIX
 10
155.8349
 20
37.6020
 40
0.4550
  0
CIRCLE
  8
MIX
 10
-235.0985
 20
-37.5434
 40
0.6356
  0
CIRCLE
  8
MIX
 10
-58.1052
 20
-117.8070
 40
0.6163
  0
CIRCLE
  8
MIX
 10
194.3071
 20
80.7462
 40
0.7806
  0
CIRCLE
  8
MIX
 10
-148.6353
 20
81.4060
 40
0.3484
  0
CIRCLE
  8
MIX
 10
-218.1339
 20
-159.5565
 40
0.6329
  0
CIRCLE
  8
MIX
 10
145.2502
 20
9.6122
 40
0.5391
  0
CIRCLE
  8
MIX
 10
60.2845
 20
97.3562
 40
0.2737
  0
CIRCLE
  8
MIX
 10
-166.9592
 20
188.2496
 40
0.9748
  0
CIRCLE
  8
MIX
 10
186.2166
 20
-16.6587
 40
0.1886
  0
CIRCLE
  8
MIX
 10
140.1046
 20
-109.5079
 40
0.4485
  0
CIRCLE
  8
MIX
 10
141.4053
 20
-154.6783
 40
0.8704
  0
CIRCLE
  8
MIX
 10
143.8108
 20
-171.0479
 40
0.1908
  0
CIRCLE
  8
MIX
 10
-237.1020
 20
22.8771
 40
0.7334
  0
CIRCLE
  8
MIX
 10
65.4440
 20
-0.9699
 40
0.6748
  0
CIRCLE
  8
MIX
 10
14.1192
 20
-79.8193
 40
0.5881
  0
CIRCLE
  8
MIX
 10
273.4388
 20
-35.3916
 40
0.6487
  0
CIRCLE
  8
MIX
 10
259.3105
 20
-83.1025
 40
0.7051
  0
CIRCLE
  8
MIX
 10
254.2577
 20
-85.7889
 40
0.6104
  0
CIRCLE
  8
MIX
 10
98.7834
 20
-189.2737
 40
0.2958
  0
CIRCLE
  8
MIX
 10
-88.3660
 20
-44.2269
 40
0.7388
  0
CIRCLE
  8
MIX
 10
-152.1527
 20
-82.1945
 40
0.7462
  0
CIRCLE
  8
MIX
 10
-55.8622
 20
-31.9767
 40
0.7022
  0
CIRCLE
  8
MIX
 10
74.3971
 20
-27.5469
 40
0.2625
  0
CIRCLE
  8
MIX
 10
156.3553
 20
-32.5561
 40
0.8365
  0
CIRCLE
  8
MIX
 10
-54.7511
 20
0.9375
 40
0.4542
  0
CIRCLE
  8
MIX
 10
-118.3519
 20
-86.9303
 40
0.1573
  0
CIRCLE
  8
MIX
 10
-34.3775
 20
-118.5867
 40
0.5949
  0
CIRCLE
  8
MIX
 10
-114.2713
 20
58.2845
 40
0.4437
  0
CIRCLE
  8
MIX
 10
-184.0387
 20
130.0705
 40
0.2036
  0
CIRCLE
  8
MIX
 10
-158.6001
 20
130.5111
 40
0.5920
  0
CIRCLE
  8
MIX
 10
11.7771
 20
-21.8292
 40
0.1732
  0
CIRCLE
  8
MIX
 10
-2.9838
 20
-182.4773
 40
0.4884
  0
CIRCLE
  8
MIX
 10
291.6856
 20
-187.7552
 40
0.7339
  0
CIRCLE
  8
MIX
 10
75.7725
 20
174.2790
 40
0.7729
  0
CIRCLE
  8
MIX
 10
-147.5131
 20
6.5396
 40
0.1666
  0
CIRCLE
  8
MIX
 10
191.0723
 20
-122.0383
 40
0.8209
  0
CIRCLE
  8
MIX
 10
-115.6939
 20
-120.9094
 40
0.4267
  0
CIRCLE
  8
MIX
 10
76.2156
 20
172.4946
 40
0.3286
  0
CIRCLE
  8
MIX
 10
219.6876
 20
96.7963
 40
0.7877
  0
CIRCLE
  8
MIX
 10
-174.2732
 20
-191.4575
 40
0.3720
  0
CIRCLE
  8
MIX
 10
-95.6142
 20
-123.1529
 40
0.8140
  0
CIRCLE
  8
MIX
 10
122.0718
 20
-117.9663
 40
0.9820
  0
CIRCLE
  8
MIX
 10
0.6598
 20
-171.9488
 40
0.7678
  0
CIRCLE
  8
MIX
 10
-93.4696
 20
-45.1056
 40
0.2109
  0
CIRCLE
  8
MIX
 10
92.4147
 20
-147.7411
 40
0.6904
  0
CIRCLE
  8
MIX
 10
177.8548
 20
137.1728
 40
0.2317
  0
CIRCLE
  8
MIX
 10
121.7881
 20
59.4682
 40
0.9600
  0
CIRCLE
  8
MIX
 10
38.3015
 20
171.3115
 40
0.8178
  0
CIRCLE
  8
MIX
 10
195.0001
 20
-83.4599
 40
0.4233
  0
CIRCLE
  8
MIX
 10
-155.0761
 20
-71.7455
 40
0.8817
  0
CIRCLE
  8
MIX
 10
37.7294
 20
35.0193
 40
0.3057
  0
CIRCLE
  8
MIX
 10
-204.0890
 20
-107.4082
 40
0.6096
  0
CIRCLE
  8
MIX
 10
203.1857
 20
134.5917
 40
0.2320
  0
CIRCLE
  8
MIX
 10
-171.5110
 20
91.3107
 40
0.7478
  0
CIRCLE
  8
MIX
 10
45.6795
 20
11.4620
 40
0.8686
  0
CIRCLE
  8
MIX
 10
107.7432
 20
-100.8218
 40
0.6334
  0
CIRCLE
  8
MIX
 10
-64.9129
 20
-28.3394
 40
0.4303
  0
CIRCLE
  8
MIX
 10
-224.1142
 20
-175.4201
 40
0.3919
  0
CIRCLE
  8
MIX
 10
-70.5753
 20
-35.7734
 40
0.8227
  0
CIRCLE
  8
MIX
 10
-49.7305
 20
84.0367
 40
0.3664
  0
CIRCLE
  8
MIX
 10
120.0314
 20
-155.3727
 40
0.1540
  0
CIRCLE
  8
MIX
 10
27.0583
 20
132.8562
 40
0.8595
  0
CIRCLE
  8
MIX
 10
72.8655
 20
-59.0987
 40
0.5989
  0
CIRCLE
  8
MIX
 10
-122.8266
 20
-185.2890
 40
0.5865
  0
CIRCLE
  8
MIX
 10
-233.6124
 20
110.1103
 40
0.8675
  0
CIRCLE
  8
MIX
 10
-226.8148
 20
25.6087
 40
0.3741
  0
CIRCLE
  8
MIX
 10
267.7014
 20
27.0026
 40
0.2257
  0
CIRCLE
  8
MIX
 10
11.4634
 20
-121.0095
 40
0.8022
  0
CIRCLE
  8
MIX
 10
230.2767
 20
36.5740
 40
0.9703
  0
CIRCLE
  8
MIX
 10
-245.6110
 20
-40.1929
 40
0.2134
  0
CIRCLE
  8
MIX
 10
-5.0370
 20
33.7182
 40
0.3195
  0
CIRCLE
  8
MIX
 10
-105.9882
 20
127.6282
 40
0.4067
  0
CIRCLE
  8
MIX
 10
147.3476
 20
-107.3712
 40
0.5493
  0
CIRCLE
  8
MIX
 10
222.4636
 20
-86.6078
 40
0.6691
  0
CIRCLE
  8
MIX
 10
125.0783
 20
-7.6901
 40
0.9090
  0
CIRCLE
  8
MIX
 10
206.9568
 20
-7.4519
 40
0.3948
  0
CIRCLE
  8
MIX
 10
-95.1929
 20
118.7088
 40
0.8960
  0
CIRCLE
  8
MIX
 10
-60.4396
 20
-49.6715
 40
0.7178
  0
CIRCLE
  8
MIX
 10
-213.8364
 20
4.8648
 40
0.3512
  0
CIRCLE
  8
MIX
 10
195.4055
 20
-106.0228
 40
0.3560
  0
CIRCLE
  8
MIX
 10
-184.1083
 20
-65.6826
 40
0.8347
  0
CIRCLE
  8
MIX
 10
-81.2323
 20
23.1762
 40
0.1535
  0
CIRCLE
  8
MIX
 10
145.2226
 20
146.0803
 40
0.4206
  0
CIRCLE
  8
MIX
 10
245.8751
 20
184.9420
 40
0.3345
  0
CIRCLE
  8
MIX
 10
53.9675
 20
-121.9744
 40
0.8317
  0
CIRCLE
  8
MIX
 10
-22.4775
 20
-145.8800
 40
0.8084
  0
CIRCLE
  8
MIX
 10
1.9443
 20
135.7738
 40
0.2812
  0
CIRCLE
  8
MIX
 10
-95.0906
 20
-63.4355
 40
0.5681
  0
CIRCLE
  8
MIX
 10
78.4471
 20
102.4124
 40
0.7819
  0
CIRCLE
  8
MIX
 10
69.7920
 20
-69.6069
 40
0.5148
  0
CIRCLE
  8
MIX
 10
249.7860
 20
-133.1996
 40
0.7228
  0
CIRCLE
  8
MIX
 10
206.3098
 20
12.5975
 40
0.1973
  0
CIRCLE
  8
MIX
 10
-290.2897
 20
91.1338
 40
0.7405
  0
CIRCLE
  8
MIX
 10
-222.0377
 20
165.0325
 40
0.2325
  0
CIRCLE
  8
MIX
 10
-255.9716
 20
118.0697
 40
0.5200
  0
CIRCLE
  8
MIX
 10
0.4156
 20
-133.3647
 40
0.7063
  0
CIRCLE
  8
MIX
 10
175.2162
 20
-189.6915
 40
0.6986
  0
CIRCLE
  8
MIX
 10
260.3710
 20
-11.0955
 40
0.9955
  0
CIRCLE
  8
MIX
 10
221.4912
 20
-142.6525
 40
0.3465
  0
CIRCLE
  8
MIX
 10
-126.1266
 20
-79.5627
 40
0.7373
  0
CIRCLE
  8
MIX
 10
203.9941
 20
161.4069
 40
0.1696
  0
CIRCLE
  8
MIX
 10
265.4221
 20
-65.0638
 40
0.9026
  0
CIRCLE
  8
MIX
 10
-138.4036
 20
-6.4704
 40
0.3524
  0
CIRCLE
  8
MIX
 10
-186.6673
 20
126.8033
 40
0.7902
  0
CIRCLE
  8
MIX
 10
241.7008
 20
17.8324
 40
0.4847
  0
CIRCLE
  8
MIX
 10
-51.7789
 20
-99.5070
 40
0.2555
  0
CIRCLE
  8
MIX
 10
213.4669
 20
-156.9239
 40
0.8884
  0
CIRCLE
  8
MIX
 10
71.5035
 20
-54.5641
 40
0.1980
  0
CIRCLE
  8
MIX
 10
-166.5680
 20
192.3806
 40
0.3654
  0
CIRCLE
  8
MIX
 10
-29.3342
 20
-1.1632
 40
0.4185
  0
CIRCLE
  8
MIX
 10
178.7472
 20
70.2938
 40
0.9822
  0
CIRCLE
  8
MIX
 10
239.0161
 20
85.2301
 40
0.6415
  0
CIRCLE
  8
MIX
 10
66.4750
 20
-82.2340
 40
0.4195
  0
CIRCLE
  8
MIX
 10
180.9330
 20
-34.3954
 40
0.2539
  0
CIRCLE
  8
MIX
 10
4.8347
 20
-73.8470
 40
0.6532
  0
CIRCLE
  8
MIX
 10
80.5180
 20
-68.5753
 40
0.2923
  0
CIRCLE
  8
MIX
 10
250.1902
 20
87.4014
 40
0.3318
  0
CIRCLE
  8
MIX
 10
103.2964
 20
-88.7565
 40
0.3579
  0
CIRCLE
  8
MIX
 10
188.2086
 20
-184.6726
 40
0.8207
  0
CIRCLE
  8
MIX
 10
88.4473
 20
-18.9445
 40
0.4981
  0
CIRCLE
  8
MIX
 10
135.2090
 20
8.6200
 40
0.9920
  0
CIRCLE
  8
MIX
 10
224.2140
 20
-54.6592
 40
0.2491
  0
CIRCLE
  8
MIX
 10
-47.4559
 20
136.1440
 40
0.9390
  0
CIRCLE
  8
MIX
 10
2.9195
 20
85.1463
 40
0.6005
  0
CIRCLE
  8
MIX
 10
-200.8639
 20
-34.4749
 40
0.4335
  0
CIRCLE
  8
MIX
 10
-184.3767
 20
-96.2143
 40
0.4363
  0
CIRCLE
  8
MIX
 10
261.2986
 20
13.1308
 40
0.8689
  0
CIRCLE
  8
MIX
 10
-258.8360
 20
91.0762
 40
0.2469
  0
CIRCLE
  8
MIX
 10
240.9423
 20
-146.3427
 40
0.9256
  0
CIRCLE
  8
MIX
 10
-278.6200
 20
-175.2992
 40
0.4674
  0
CIRCLE
  8
MIX
 10
99.4592
 20
126.8494
 40
0.3157
  0
CIRCLE
  8
MIX
 10
-195.0497
 20
-76.4406
 40
0.9385
  0
CIRCLE
  8
MIX
 10
-238.7629
 20
-56.3350
 40
0.7916
  0
CIRCLE
  8
MIX
 10
-52.2205
 20
64.0805
 40
0.6351
  0
CIRCLE
  8
MIX
 10
-165.8636
 20
0.7007
 40
0.6436
  0
CIRCLE
  8
MIX
 10
-290.5610
 20
-152.3235
 40
0.6760
  0
CIRCLE
  8
MIX
 10
-209.3928
 20
-113.8336
 40
0.1962
  0
CIRCLE
  8
MIX
 10
-105.9024
 20
137.0737
 40
0.9914
  0
CIRCLE
  8
MIX
 10
-201.3057
 20
189.3901
 40
0.6986
  0
CIRCLE
  8
MIX
 10
-238.1034
 20
-97.6065
 40
0.6435
  0
CIRCLE
  8
MIX
 10
-96.7911
 20
64.9907
 40
0.4242
  0
CIRCLE
  8
MIX
 10
-85.9117
 20
-144.1506
 40
0.2485
  0
CIRCLE
  8
MIX
 10
240.1029
 20
118.7411
 40
0.7972
  0
CIRCLE
  8
MIX
 10
13.7108
 20
28.0073
 40
0.7946
  0
CIRCLE
  8
MIX
 10
-192.1977
 20
-149.0150
 40
0.3942
  0
CIRCLE
  8
MIX
 10
244.3764
 20
-100.0193
 40
0.9656
  0
CIRCLE
  8
MIX
 10
214.2000
 20
71.5434
 40
0.5647
  0
CIRCLE
  8
MIX
 10
-55.8561
 20
-124.0464
 40
0.7288
  0
CIRCLE
  8
MIX
 10
-146.5861
 20
-16.4238
 40
0.5295
  0
CIRCLE
  8
MIX
 10
120.6814
 20
-69.7137
 40
0.6499
  0
CIRCLE
  8
MIX
 10
-201.4481
 20
19.1242
 40
0.5306
  0
CIRCLE
  8
MIX
 10
-220.7374
 20
-175.5838
 40
0.5730
  0
CIRCLE
  8
MIX
 10
141.8159
 20
122.2732
 40
0.7297
  0
CIRCLE
  8
MIX
 10
197.8115
 20
-37.9329
 40
0.6723
  0
CIRCLE
  8
MIX
 10
257.5986
 20
-106.6708
 40
0.8130
  0
CIRCLE
  8
MIX
 10
-75.5192
 20
-151.8253
 40
0.4076
  0
CIRCLE
  8
MIX
 10
-185.9904
 20
-34.7013
 40
0.8642
  0
CIRCLE
  8
MIX
 10
-115.6350
 20
-11.3261
 40
0.7257
  0
CIRCLE
  8
MIX
 10
39.7714
 20
-151.3986
 40
0.8513
  0
CIRCLE
  8
MIX
 10
4.1525
 20
106.1270
 40
0.6000
  0
CIRCLE
  8
MIX
 10
142.8995
 20
47.5370
 40
0.7328
  0
CIRCLE
  8
MIX
 10
-211.9249
 20
61.3450
 40
0.5251
  0
CIRCLE
  8
MIX
 10
121.2710
 20
38.8455
 40
0.3187
  0
CIRCLE
  8
MIX
 10
-113.3456
 20
-105.0734
 40
0.7355
  0
CIRCLE
  8
MIX
 10
19.3471
 20
84.9864
 40
0.2640
  0
CIRCLE
  8
MIX
 10
292.7378
 20
106.2512
 40
0.2792
  0
CIRCLE
  8
MIX
 10
56.1937
 20
18.7642
 40
0.9235
  0
CIRCLE
  8
MIX
 10
58.3928
 20
2.1692
 40
0.3598
  0
CIRCLE
  8
MIX
 10
-146.2091
 20
-52.0981
 40
0.2958
  0
CIRCLE
  8
MIX
 10
-27.3410
 20
124.6847
 40
0.3819
  0
CIRCLE
  8
MIX
 10
17.6917
 20
24.3550
 40
0.7309
  0
CIRCLE
  8
MIX
 10
185.1748
 20
37.5687
 40
0.9213
  0
CIRCLE
  8
MIX
 10
120.6198
 20
-40.1822
 40
0.4592
  0
CIRCLE
  8
MIX
 10
205.5581
 20
57.3308
 40
0.3527
  0
CIRCLE
  8
MIX
 10
219.8571
 20
-47.7450
 40
0.2637
  0
CIRCLE
  8
MIX
 10
-285.6202
 20
65.5582
 40
0.2279
  0
CIRCLE
  8
MIX
 10
-52.5117
 20
144.6362
 40
0.4608
  0
CIRCLE
  8
MIX
 10
219.8670
 20
-41.4422
 40
0.8761
  0
CIRCLE
  8
MIX
 10
25.0152
 20
-147.3797
 40
0.9646
  0
CIRCLE
  8
MIX
 10
-53.6305
 20
67.7547
 40
0.9072
  0
CIRCLE
  8
MIX
 10
266.7611
 20
188.9695
 40
0.4332
  0
CIRCLE
  8
MIX
 10
147.3605
 20
151.6659
 40
0.4676
  0
CIRCLE
  8
MIX
 10
-73.8836
 20
95.2283
 40
0.8283
  0
CIRCLE
  8
MIX
 10
218.5736
 20
-71.2756
 40
0.3846
  0
CIRCLE
  8
MIX
 10
-178.7269
 20
131.9243
 40
0.7000
  0
CIRCLE
  8
MIX
 10
-142.9434
 20
61.0286
 40
0.8169
  0
CIRCLE
  8
MIX
 10
-141.0879
 20
-46.5098
 40
0.9354
  0
CIRCLE
  8
MIX
 10
20.6886
 20
103.4868
 40
0.8673
  0
CIRCLE
  8
MIX
 10
-248.4061
 20
39.5146
 40
0.8749
  0
CIRCLE
  8
MIX
 10
-68.6765
 20
72.0676
 40
0.4350
  0
CIRCLE
  8
MIX
 10
-16.3957
 20
176.0613
 40
0.4965
  0
CIRCLE
  8
MIX
 10
274.4277
 20
-189.8065
 40
0.8990
  0
CIRCLE
  8
MIX
 10
-253.0164
 20
-154.1094
 40
0.3403
  0
CIRCLE
  8
MIX
 10
230.1315
 20
44.9966
 40
0.8583
  0
CIRCLE
  8
MIX
 10
-249.3454
 20
100.7359
 40
0.9392
  0
CIRCLE
  8
MIX
 10
256.2588
 20
-73.5788
 40
0.1748
  0
CIRCLE
  8
MIX
 10
-282.7721
 20
-41.4281
 40
0.8756
  0
CIRCLE
  8
MIX
 10
44.3866
 20
3.2721
 40
0.7832
  0
CIRCLE
  8
MIX
 10
210.4416
 20
-49.6846
 40
0.8960
  0
CIRCLE
  8
MIX
 10
-83.4314
 20
22.5154
 40
0.4296
  0
CIRCLE
  8
MIX
 10
-2.4615
 20
-90.1277
 40
0.7313
  0
CIRCLE
  8
MIX
 10
4.2838
 20
132.6889
 40
0.6867
  0
CIRCLE
  8
MIX
 10
71.4526
 20
35.1364
 40
0.9249
  0
CIRCLE
  8
MIX
 10
-56.3110
 20
-169.5780
 40
0.9387
  0
CIRCLE
  8
MIX
 10
-116.2911
 20
-58.2967
 40
0.4683
  0
CIRCLE
  8
MIX
 10
-286.3825
 20
152.0577
 40
0.9552
  0
CIRCLE
  8
MIX
 10
-93.3012
 20
91.9464
 40
0.6727
  0
CIRCLE
  8
MIX
 10
-113.7743
 20
41.4448
 40
0.3459
  0
CIRCLE
  8
MIX
 10
-100.2897
 20
75.9435
 40
0.5075
  0
CIRCLE
  8
MIX
 10
125.9862
 20
-128.5980
 40
0.7774
  0
CIRCLE
  8
MIX
 10
293.0398
 20
-156.1853
 40
0.5107
  0
CIRCLE
  8
MIX
 10
252.1241
 20
-138.6335
 40
0.8078
  0
CIRCLE
  8
MIX
 10
-75.0830
 20
-2.4370
 40
0.5119
  0
CIRCLE
  8
MIX
 10
-86.1707
 20
-171.3878
 40
0.3742
  0
CIRCLE
  8
MIX
 10
23.1067
 20
110.7660
 40
0.5542
  0
CIRCLE
  8
MIX
 10
47.9110
 20
-133.6298
 40
0.6670
  0
CIRCLE
  8
MIX
 10
-236.8516
 20
152.6881
 40
0.9436
  0
CIRCLE
  8
MIX
 10
156.2339
 20
-79.5058
 40
0.2198
  0
CIRCLE
  8
MIX
 10
234.5095
 20
95.8239
 40
0.5949
  0
CIRCLE
  8
MIX
 10
-193.4499
 20
178.1995
 40
0.5453
  0
CIRCLE
  8
MIX
 10
180.7147
 20
-21.2044
 40
0.7688
  0
CIRCLE
  8
MIX
 10
106.4476
 20
-10.8500
 40
0.6786
  0
CIRCLE
  8
MIX
 10
-53.9824
 20
-73.8475
 40
0.6572
  0
CIRCLE
  8
MIX
 10
-202.6518
 20
161.9939
 40
0.5697
  0
CIRCLE
  8
MIX
 10
-214.3467
 20
-90.7766
 40
0.1542
  0
CIRCLE
  8
MIX
 10
135.0370
 20
-110.3721
 40
0.8113
  0
CIRCLE
  8
MIX
 10
55.4005
 20
173.9829
 40
0.6095
  0
CIRCLE
  8
MIX
 10
-73.6510
 20
-194.7619
 40
0.8704
  0
CIRCLE
  8
MIX
 10
-64.6543
 20
-50.8154
 40
0.4260
  0
CIRCLE
  8
MIX
 10
-80.3724
 20
-120.2206
 40
0.6249
  0
CIRCLE
  8
MIX
 10
108.6160
 20
27.0119
 40
0.2383
  0
CIRCLE
  8
MIX
 10
-129.3466
 20
11.2615
 40
0.9154
  0
CIRCLE
  8
MIX
 10
64.6992
 20
-94.5263
 40
0.7867
  0
CIRCLE
  8
MIX
 10
-282.8370
 20
28.2614
 40
0.4200
  0
CIRCLE
  8
MIX
 10
175.0332
 20
-127.0378
 40
0.7686
  0
CIRCLE
  8
MIX
 10
55.1029
 20
15.7264
 40
0.4700
  0
CIRCLE
  8
MIX
 10
-247.9166
 20
-82.9491
 40
0.2099
  0
CIRCLE
  8
MIX
 10
-130.3784
 20
-128.3805
 40
0.6601
  0
CIRCLE
  8
MIX
 10
-191.6206
 20
-172.0114
 40
0.7385
  0
CIRCLE
  8
MIX
 10
244.7637
 20
79.5417
 40
0.2957
  0
CIRCLE
  8
MIX
 10
-54.7921
 20
128.6937
 40
0.6085
  0
CIRCLE
  8
MIX
 10
-110.8718
 20
136.3915
 40
0.2663
  0
CIRCLE
  8
MIX
 10
-61.9046
 20
-26.3796
 40
0.8096
  0
CIRCLE
  8
MIX
 10
-98.3507
 20
-133.3598
 40
0.2780
  0
CIRCLE
  8
MIX
 10
194.1290
 20
104.9013
 40
0.9959
  0
CIRCLE
  8
MIX
 10
-56.6039
 20
-42.8323
 40
0.1623
  0
CIRCLE
  8
MIX
 10
260.7898
 20
71.9264
 40
0.2224
  0
CIRCLE
  8
MIX
 10
29.1180
 20
-119.9438
 40
0.7462
  0
CIRCLE
  8
MIX
 10
243.5723
 20
-53.7584
 40
0.8375
  0
CIRCLE
  8
MIX
 10
187.4406
 20
-13.4545
 40
0.6227
  0
CIRCLE
  8
MIX
 10
-253.5219
 20
-156.4105
 40
0.3288
  0
CIRCLE
  8
MIX
 10
32.3853
 20
-125.2581
 40
0.4247
  0
CIRCLE
  8
MIX
 10
-118.2399
 20
-194.6735
 40
0.6100
  0
CIRCLE
  8
MIX
 10
172.4985
 20
147.9167
 40
0.9502
  0
CIRCLE
  8
MIX
 10
-90.7059
 20
-81.4203
 40
0.4596
  0
CIRCLE
  8
MIX
 10
-61.4144
 20
60.5590
 40
0.1801
  0
CIRCLE
  8
MIX
 10
87.9295
 20
154.6032
 40
0.7666
  0
CIRCLE
  8
MIX
 10
268.0920
 20
87.0234
 40
0.2333
  0
CIRCLE
  8
MIX
 10
167.3618
 20
-135.8887
 40
0.7101
  0
CIRCLE
  8
MIX
 10
-265.1773
 20
183.8845
 40
0.9033
  0
CIRCLE
  8
MIX
 10
-34.2706
 20
-106.8498
 40
0.7258
  0
CIRCLE
  8
MIX
 10
248.1752
 20
43.2218
 40
0.9119
  0
CIRCLE
  8
MIX
 10
281.5152
 20
29.5740
 40
0.3011
  0
CIRCLE
  8
MIX
 10
267.6466
 20
-38.7338
 40
0.4395
  0
CIRCLE
  8
MIX
 10
174.6845
 20
104.6644
 40
0.7816
  0
CIRCLE
  8
MIX
 10
-72.7002
 20
56.3900
 40
0.3011
  0
CIRCLE
  8
MIX
 10
-212.4477
 20
103.1230
 40
0.9985
  0
CIRCLE
  8
MIX
 10
-177.6075
 20
-146.4328
 40
0.8569
  0
CIRCLE
  8
MIX
 10
266.9125
 20
23.8270
 40
0.9039
  0
CIRCLE
  8
MIX
 10
-52.2621
 20
-89.5819
 40
0.7012
  0
CIRCLE
  8
MIX
 10
-28.2870
 20
-50.3826
 40
0.8492
  0
CIRCLE
  8
MIX
 10
265.8215
 20
194.0359
 40
0.3662
  0
CIRCLE
  8
MIX
 10
51.2835
 20
43.2357
 40
0.1737
  0
CIRCLE
  8
MIX
 10
-66.5006
 20
69.2174
 40
0.2943
  0
CIRCLE
  8
MIX
 10
74.0663
 20
-85.4065
 40
0.4661
  0
CIRCLE
  8
MIX
 10
-239.5007
 20
-1.2606
 40
0.7325
  0
CIRCLE
  8
MIX
 10
62.2072
 20
-121.9088
 40
0.1763
  0
CIRCLE
  8
MIX
 10
-217.8187
 20
156.1874
 40
0.5542
  0
CIRCLE
  8
MIX
 10
-240.5046
 20
-76.0391
 40
0.3204
  0
CIRCLE
  8
MIX
 10
94.3505
 20
102.7976
 40
0.2407
  0
CIRCLE
  8
MIX
 10
45.2376
 20
90.8248
 40
0.7944
  0
CIRCLE
  8
MIX
 10
130.5865
 20
-86.9234
 40
0.8722
  0
CIRCLE
  8
MIX
 10
130.9679
 20
24.1088
 40
0.2228
  0
CIRCLE
  8
MIX
 10
-266.1736
 20
-139.1444
 40
0.5056
  0
CIRCLE
  8
MIX
 10
-23.3190
 20
162.8550
 40
0.2236
  0
CIRCLE
  8
MIX
 10
95.0501
 20
-30.8242
 40
0.8235
  0
CIRCLE
  8
MIX
 10
-15.2211
 20
132.1098
 40
0.7032
  0
CIRCLE
  8
MIX
 10
54.1237
 20
-144.7679
 40
0.5904
  0
CIRCLE
  8
MIX
 10
169.3957
 20
145.6604
 40
0.4054
  0
CIRCLE
  8
MIX
 10
122.4092
 20
-53.2196
 40
0.3282
  0
CIRCLE
  8
MIX
 10
232.4541
 20
80.7087
 40
0.4702
  0
CIRCLE
  8
MIX
 10
-15.1094
 20
-149.8196
 40
0.7718
  0
CIRCLE
  8
MIX
 10
261.9702
 20
-141.6431
 40
0.7965
  0
CIRCLE
  8
MIX
 10
-207.4437
 20
-186.1394
 40
0.2812
  0
CIRCLE
  8
MIX
 10
209.0001
 20
67.7844
 40
0.7088
  0
CIRCLE
  8
MIX
 10
34.8604
 20
145.7011
 40
0.4664
  0
CIRCLE
  8
MIX
 10
133.4685
 20
-66.0344
 40
0.3719
  0
CIRCLE
  8
MIX
 10
178.5102
 20
59.8752
 40
0.7035
  0
CIRCLE
  8
MIX
 10
-27.8091
 20
-135.0281
 40
0.1995
  0
CIRCLE
  8
MIX
 10
-216.1536
 20
-140.6575
 40
0.7581
  0
CIRCLE
  8
MIX
 10
180.9284
 20
-148.4396
 40
0.9805
  0
CIRCLE
  8
MIX
 10
14.9462
 20
-24.3322
 40
0.6918
  0
CIRCLE
  8
MIX
 10
-17.4240
 20
15.1312
 40
0.5159
  0
CIRCLE
  8
MIX
 10
-224.4610
 20
-100.5732
 40
0.2888
  0
CIRCLE
  8
MIX
 10
-128.1982
 20
-13.5186
 40
0.4991
  0
CIRCLE
  8
MIX
 10
1.1189
 20
143.3830
 40
0.6176
  0
CIRCLE
  8
MIX
 10
-121.1007
 20
-136.6474
 40
0.1835
  0
CIRCLE
  8
MIX
 10
159.5408
 20
-131.8600
 40
0.9032
  0
CIRCLE
  8
MIX
 10
268.5242
 20
85.8023
 40
0.3550
  0
CIRCLE
  8
MIX
 10
-230.8820
 20
-162.6613
 40
0.6521
  0
CIRCLE
  8
MIX
 10
128.6154
 20
-58.8165
 40
0.4590
  0
CIRCLE
  8
MIX
 10
-63.9233
 20
167.9219
 40
0.7610
  0
CIRCLE
  8
MIX
 10
-2.6004
 20
31.2399
 40
0.5629
  0
CIRCLE
  8
MIX
 10
73.3937
 20
121.7940
 40
0.3191
  0
CIRCLE
  8
MIX
 10
8.1912
 20
38.7661
 40
0.7611
  0
CIRCLE
  8
MIX
 10
-228.1817
 20
109.5950
 40
0.6556
  0
CIRCLE
  8
MIX
 10
-201.0096
 20
-23.3089
 40
0.8956
  0
CIRCLE
  8
MIX
 10
42.4884
 20
-163.4522
 40
0.8016
  0
CIRCLE
  8
MIX
 10
-177.1202
 20
94.5725
 40
0.4610
  0
CIRCLE
  8
MIX
 10
-149.7412
 20
175.6689
 40
0.4030
  0
CIRCLE
  8
MIX
 10
-177.8021
 20
-127.4120
 40
0.8847
  0
CIRCLE
  8
MIX
 10
278.9140
 20
-63.6914
 40
0.2545
  0
CIRCLE
  8
MIX
 10
230.6552
 20
-82.5752
 40
0.3671
  0
CIRCLE
  8
MIX
 10
-144.9244
 20
17.2579
 40
0.8413
  0
CIRCLE
  8
MIX
 10
79.2221
 20
144.2554
 40
0.2708
  0
CIRCLE
  8
MIX
 10
-121.8899
 20
-135.2304
 40
0.8500
  0
CIRCLE
  8
MIX
 10
89.9940
 20
190.4883
 40
0.2089
  0
CIRCLE
  8
MIX
 10
219.9192
 20
-51.9501
 40
0.2027
  0
CIRCLE
  8
MIX
 10
23.5880
 20
26.4607
 40
0.2492
  0
CIRCLE
  8
MIX
 10
-77.5773
 20
-130.6704
 40
0.8058
  0
CIRCLE
  8
MIX
 10
-143.8074
 20
-8.0757
 40
0.7551
  0
CIRCLE
  8
MIX
 10
-56.9344
 20
-146.2374
 40
0.3998
  0
CIRCLE
  8
MIX
 10
-1.5747
 20
1.3424
 40
0.3314
  0
CIRCLE
  8
MIX
 10
-248.9608
 20
-42.6045
 40
0.3250
  0
CIRCLE
  8
MIX
 10
145.9073
 20
-88.1091
 40
0.9233
  0
CIRCLE
  8
MIX
 10
130.3690
 20
160.5266
 40
0.9369
  0
CIRCLE
  8
MIX
 10
-72.8100
 20
161.9047
 40
0.5165
  0
CIRCLE
  8
MIX
 10
-258.1817
 20
40.2042
 40
0.6470
  0
CIRCLE
  8
MIX
 10
134.6037
 20
150.5789
 40
0.2134
  0
CIRCLE
  8
MIX
 10
-285.0470
 20
-49.3693
 40
0.2390
  0
CIRCLE
  8
MIX
 10
-235.9850
 20
168.2665
 40
0.1950
  0
CIRCLE
  8
MIX
 10
-144.0480
 20
155.1018
 40
0.4877
  0
CIRCLE
  8
MIX
 10
156.6046
 20
-53.0294
 40
0.2226
  0
CIRCLE
  8
MIX
 10
187.0773
 20
-10.9306
 40
0.8099
  0
CIRCLE
  8
MIX
 10
25.8762
 20
28.8515
 40
0.9277
  0
CIRCLE
  8
MIX
 10
11.3967
 20
-147.7833
 40
0.5194
  0
CIRCLE
  8
MIX
 10
192.4230
 20
-186.9919
 40
0.2762
  0
CIRCLE
  8
MIX
 10
-117.3817
 20
-100.6733
 40
0.6091
  0
CIRCLE
  8
MIX
 10
-156.2360
 20
-36.2926
 40
0.2729
  0
CIRCLE
  8
MIX
 10
-203.9878
 20
-73.5340
 40
0.6174
  0
CIRCLE
  8
MIX
 10
-206.9330
 20
52.8599
 40
0.4795
  0
CIRCLE
  8
MIX
 10
-26.4000
 20
-18.1623
 40
0.2124
  0
CIRCLE
  8
MIX
 10
-294.9554
 20
142.1412
 40
0.8042
  0
CIRCLE
  8
MIX
 10
46.3440
 20
120.8301
 40
0.5253
  0
CIRCLE
  8
MIX
 10
-23.9943
 20
161.9722
 40
0.4270
  0
CIRCLE
  8
MIX
 10
-240.7870
 20
33.5621
 40
0.4944
  0
CIRCLE
  8
MIX
 10
-165.7987
 20
111.8588
 40
0.2419
  0
CIRCLE
  8
MIX
 10
262.9887
 20
-118.1652
 40
0.5646
  0
CIRCLE
  8
MIX
 10
252.4827
 20
-4.4065
 40
0.9224
  0
CIRCLE
  8
MIX
 10
-139.2400
 20
-187.8909
 40
0.8473
  0
CIRCLE
  8
MIX
 10
204.1420
 20
-118.2043
 40
0.4411
  0
CIRCLE
  8
MIX
 10
288.4782
 20
83.1785
 40
0.2910
  0
CIRCLE
  8
MIX
 10
170.8638
 20
-108.5417
 40
0.3469
  0
CIRCLE
  8
MIX
 10
-231.0362
 20
132.8506
 40
0.7250
  0
CIRCLE
  8
MIX
 10
205.2602
 20
135.8268
 40
0.3089
  0
CIRCLE
  8
MIX
 10
218.6218
 20
-71.5595
 40
0.2235
  0
CIRCLE
  8
MIX
 10
-284.2915
 20
-143.6803
 40
0.6798
  0
CIRCLE
  8
MIX
 10
87.0767
 20
-117.5404
 40
0.9261
  0
CIRCLE
  8
MIX
 10
-165.5621
 20
29.5423
 40
0.1940
  0
CIRCLE
  8
MIX
 10
-106.7584
 20
-181.1904
 40
0.2981
  0
CIRCLE
  8
MIX
 10
277.2512
 20
71.0161
 40
0.3561
  0
CIRCLE
  8
MIX
 10
48.2276
 20
27.3126
 40
0.6063
  0
CIRCLE
  8
MIX
 10
-158.8228
 20
187.2781
 40
0.6702
  0
CIRCLE
  8
MIX
 10
197.2412
 20
106.7689
 40
0.1724
  0
CIRCLE
  8
MIX
 10
-59.0200
 20
93.7613
 40
0.8690
  0
CIRCLE
  8
MIX
 10
60.4457
 20
150.1926
 40
0.8823
  0
CIRCLE
  8
MIX
 10
-256.9521
 20
-8.4130
 40
0.3094
  0
CIRCLE
  8
MIX
 10
-152.0571
 20
-108.3237
 40
0.9834
  0
CIRCLE
  8
MIX
 10
152.0006
 20
186.3442
 40
0.8991
  0
CIRCLE
  8
MIX
 10
-142.2037
 20
153.7298
 40
0.8179
  0
CIRCLE
  8
MIX
 10
-2.3599
 20
-97.6611
 40
0.8634
  0
CIRCLE
  8
MIX
 10
-70.3672
 20
-181.8241
 40
0.9336
  0
CIRCLE
  8
MIX
 10
-196.1269
 20
192.9266
 40
0.6286
  0
CIRCLE
  8
MIX
 10
241.0685
 20
74.0192
 40
0.9053
  0
CIRCLE
  8
MIX
 10
163.2067
 20
-152.3620
 40
0.6498
  0
CIRCLE
  8
MIX
 10
-178.7503
 20
163.3795
 40
0.4586
  0
CIRCLE
  8
MIX
 10
-293.3912
 20
176.1257
 40
0.2240
  0
CIRCLE
  8
MIX
 10
166.4509
 20
112.8501
 40
0.6810
  0
CIRCLE
  8
MIX
 10
-74.8135
 20
133.7429
 40
0.7142
  0
CIRCLE
  8
MIX
 10
-271.8438
 20
123.7551
 40
0.8515
  0
CIRCLE
  8
MIX
 10
-26.4854
 20
190.0700
 40
0.6938
  0
CIRCLE
  8
MIX
 10
115.6324
 20
71.9876
 40
0.4912
  0
CIRCLE
  8
MIX
 10
130.7921
 20
-183.8209
 40
0.3111
  0
CIRCLE
  8
MIX
 10
-46.0700
 20
117.6598
 40
0.1970
  0
CIRCLE
  8
MIX
 10
-288.4271
 20
-114.8856
 40
0.4552
  0
CIRCLE
  8
MIX
 10
-34.2330
 20
-92.0581
 40
0.8441
  0
CIRCLE
  8
MIX
 10
88.8525
 20
149.2298
 40
0.3264
  0
CIRCLE
  8
MIX
 10
-266.8886
 20
144.4548
 40
0.2399
  0
CIRCLE
  8
MIX
 10
-154.9566
 20
3.9035
 40
0.9167
  0
CIRCLE
  8
MIX
 10
-67.2604
 20
-189.3371
 40
0.8642
  0
CIRCLE
  8
MIX
 10
77.0978
 20
-134.0067
 40
0.5351
  0
CIRCLE
  8
MIX
 10
-79.1547
 20
-83.8601
 40
0.8410
  0
CIRCLE
  8
MIX
 10
166.9762
 20
-166.5297
 40
0.8101
  0
CIRCLE
  8
MIX
 10
-113.8311
 20
-35.4008
 40
0.3383
  0
CIRCLE
  8
MIX
 10
4.0708
 20
46.1942
 40
0.8154
  0
CIRCLE
  8
MIX
 10
-29.6437
 20
42.4452
 40
0.7474
  0
CIRCLE
  8
MIX
 10
-291.6788
 20
83.0569
 40
0.2294
  0
CIRCLE
  8
MIX
 10
-290.4125
 20
-44.4433
 40
0.9154
  0
CIRCLE
  8
MIX
 10
217.8575
 20
-136.0639
 40
0.7145
  0
CIRCLE
  8
MIX
 10
-15.8081
 20
-154.6831
 40
0.8764
  0
CIRCLE
  8
MIX
 10
-220.6760
 20
182.3461
 40
0.9094
  0
CIRCLE
  8
MIX
 10
134.2344
 20
-68.2038
 40
0.7511
  0
CIRCLE
  8
MIX
 10
128.8192
 20
192.5832
 40
0.6858
  0
CIRCLE
  8
MIX
 10
40.1740
 20
53.7356
 40
0.7925
  0
CIRCLE
  8
MIX
 10
-107.1065
 20
-140.2104
 40
0.7516
  0
CIRCLE
  8
MIX
 10
229.8983
 20
-27.1933
 40
0.2606
  0
CIRCLE
  8
MIX
 10
48.5179
 20
-131.0413
 40
0.2432
  0
CIRCLE
  8
MIX
 10
-92.0063
 20
104.8041
 40
0.7268
  0
CIRCLE
  8
MIX
 10
84.6298
 20
-154.2773
 40
0.5811
  0
CIRCLE
  8
MIX
 10
-168.7503
 20
164.1918
 40
0.5180
  0
CIRCLE
  8
MIX
 10
142.0192
 20
34.0458
 40
0.6031
  0
CIRCLE
  8
MIX
 10
207.3896
 20
-137.9583
 40
0.6666
  0
CIRCLE
  8
MIX
 10
-160.7994
 20
-140.0493
 40
0.7412
  0
CIRCLE
  8
MIX
 10
133.0983
 20
172.1068
 40
0.9176
  0
CIRCLE
  8
MIX
 10
125.7624
 20
182.3819
 40
0.2588
  0
CIRCLE
  8
MIX
 10
-136.1558
 20
156.8237
 40
0.3663
  0
CIRCLE
  8
MIX
 10
57.7512
 20
38.4956
 40
0.4088
  0
CIRCLE
  8
MIX
 10
113.0138
 20
35.6844
 40
0.5846
  0
CIRCLE
  8
MIX
 10
98.1843
 20
167.3304
 40
0.4082
  0
CIRCLE
  8
MIX
 10
-237.2620
 20
-126.0974
 40
0.3062
  0
CIRCLE
  8
MIX
 10
46.0386
 20
59.1906
 40
0.1893
  0
CIRCLE
  8
MIX
 10
-285.2521
 20
190.8861
 40
0.8014
  0
CIRCLE
  8
MIX
 10
235.2843
 20
-15.5806
 40
0.1796
  0
CIRCLE
  8
MIX
 10
-212.1015
 20
-23.0513
 40
0.6508
  0
CIRCLE
  8
MIX
 10
87.9753
 20
170.8101
 40
0.4725
  0
CIRCLE
  8
MIX
 10
-219.1065
 20
104.2166
 40
0.1858
  0
CIRCLE
  8
MIX
 10
-261.6815
 20
-120.0659
 40
0.2764
  0
CIRCLE
  8
MIX
 10
-264.5196
 20
105.0480
 40
0.7834
  0
CIRCLE
  8
MIX
 10
-185.7298
 20
-54.5785
 40
0.3585
  0
CIRCLE
  8
MIX
 10
228.2212
 20
159.7393
 40
0.2883
  0
CIRCLE
  8
MIX
 10
-154.1897
 20
16.9510
 40
0.9354
  0
CIRCLE
  8
MIX
 10
139.1158
 20
86.0949
 40
0.7181
  0
CIRCLE
  8
MIX
 10
-19.1444
 20
128.6480
 40
0.6849
  0
CIRCLE
  8
MIX
 10
24.1276
 20
-62.1700
 40
0.5946
  0
CIRCLE
  8
MIX
 10
87.0647
 20
-93.9996
 40
0.9200
  0
CIRCLE
  8
MIX
 10
-72.7282
 20
188.0157
 40
0.1660
  0
CIRCLE
  8
MIX
 10
226.7857
 20
-102.4714
 40
0.6652
  0
CIRCLE
  8
MIX
 10
-132.3642
 20
-130.8940
 40
0.5994
  0
CIRCLE
  8
MIX
 10
259.3741
 20
-47.4539
 40
0.4421
  0
CIRCLE
  8
MIX
 10
-71.2485
 20
-26.2365
 40
0.8073
  0
CIRCLE
  8
MIX
 10
-163.7031
 20
-29.3368
 40
0.1696
  0
CIRCLE
  8
MIX
 10
-76.6176
 20
181.9695
 40
0.6897
  0
CIRCLE
  8
MIX
 10
256.1031
 20
-131.5318
 40
0.2847
  0
CIRCLE
  8
MIX
 10
-292.7217
 20
111.0183
 40
0.7456
  0
CIRCLE
  8
MIX
 10
-25.2861
 20
-19.6692
 40
0.5558
  0
CIRCLE
  8
MIX
 10
2.0323
 20
-162.7996
 40
0.8019
  0
CIRCLE
  8
MIX
 10
197.8396
 20
-190.2624
 40
0.8694
  0
CIRCLE
  8
MIX
 10
281.0991
 20
-17.4669
 40
0.2960
  0
CIRCLE
  8
MIX
 10
262.8922
 20
161.2674
 40
0.7846
  0
CIRCLE
  8
MIX
 10
-154.4447
 20
-101.9614
 40
0.4914
  0
CIRCLE
  8
MIX
 10
73.7999
 20
157.4698
 40
0.3394
  0
CIRCLE
  8
MIX
 10
208.5442
 20
128.0608
 40
0.4342
  0
CIRCLE
  8
MIX
 10
-40.1170
 20
55.7919
 40
0.4259
  0
CIRCLE
  8
MIX
 10
-169.1958
 20
-10.8089
 40
0.2297
  0
CIRCLE
  8
MIX
 10
165.6747
 20
-45.4554
 40
0.5031
  0
CIRCLE
  8
MIX
 10
-44.5173
 20
23.8017
 40
0.3069
  0
ENDSEC
  0
EOF
